[2026-04-03 12:38:27.8200620 UTC-05:00] [6064:7540] [FcVpnSched  1359    info] (Time Zone: Central Standard Time) (Wed Dec 10 12:40:05 2025, 842s) 2026-04-03 12:38:27.816 type: 0x11f size: 512 memory: 0x0000000000000000
[2026-04-03 12:38:27.8258028 UTC-05:00] [6064:7540] [FcVpnSched  203   debug] create shared memory for session 4294967194 successfully
[2026-04-03 12:38:27.8377284 UTC-05:00] [6064:7540] [FcVpnSched  26   debug] dll enum session 0
[2026-04-03 12:38:27.8392469 UTC-05:00] [6064:7540] [FcVpnSched  203   debug] create shared memory for session 0 successfully
[2026-04-03 12:38:27.8392638 UTC-05:00] [6064:7540] [FcVpnSched  26   debug] dll enum session 1
[2026-04-03 12:38:27.8408174 UTC-05:00] [6064:7540] [FcVpnSched  326    info] VpnConn shared memory initialized
[2026-04-03 12:38:27.8428962 UTC-05:00] [6064:7540] [FcVpnSched  1247    info] FsFilter=0x00000000000003C4 Shield=0x00000000000003CC SchEvent=0x00000000000003D0
[2026-04-03 12:38:27.8433860 UTC-05:00] [6064:7540] [FcVpnSched  1249   debug] settings: AutoconnectOnInstall: 0, AutoconnectOffnetOnly: 0, AutoconnectEpcDeterminedOnly: 0, OnOsStartConnect: , OnLogonConnect: , OnOsStartHasPriority: 0
[2026-04-03 12:38:27.8472288 UTC-05:00] [6064:7484] [FcVpnSched  88   debug] default msg 36
[2026-04-03 12:38:27.8472669 UTC-05:00] [6064:7484] [FcVpnSched  88   debug] default msg 129
[2026-04-03 12:38:27.8474059 UTC-05:00] [6064:7484] [FcVpnSched  88   debug] default msg 131
[2026-04-03 12:38:27.8474226 UTC-05:00] [6064:7484] [FcVpnSched  51   debug] WM_CREATE
[2026-04-03 12:38:27.8758854 UTC-05:00] [6064:7484] [FcVpnSched  23   debug] enum session 0
[2026-04-03 12:38:27.8759174 UTC-05:00] [6064:7484] [FcVpnSched  23   debug] enum session 1
[2026-04-03 12:38:27.8921927 UTC-05:00] [6064:7540] [FcVpnSched  496 warning] no machine vpn found
[2026-04-03 12:38:27.9130125 UTC-05:00] [6064:8000] [FcVpnSched  10   debug] PostNetworkUpAsync called
[2026-04-03 12:38:27.9305712 UTC-05:00] [6064:7540] [FcVpnSched  816   debug] received NetworkUp message
[2026-04-03 12:38:27.9305821 UTC-05:00] [6064:7540] [FcVpnSched  60   debug] PostAutoConnect, session 0
[2026-04-03 12:38:27.9305847 UTC-05:00] [6064:7540] [FcVpnSched  44   debug] PostMachineAutoConnectRequestAsync called
[2026-04-03 12:38:28.0494761 UTC-05:00] [6064:7540] [FcVpnSched  826   debug] received MachineAutoConnect message
[2026-04-03 12:38:28.0495523 UTC-05:00] [6064:7540] [FcVpnSched  496 warning] no machine vpn found
[2026-04-03 12:38:31.2552088 UTC-05:00] [6064:7540] [FcVpnSched  806   debug] received FabricChanged message
[2026-04-03 12:38:35.1893155 UTC-05:00] [6064:7540] [FcVpnSched  806   debug] received FabricChanged message
[2026-04-03 12:40:42.0773243 UTC-05:00] [6064:7484] [FcVpnSched  88   debug] default msg 26
[2026-04-03 12:44:35.4047617 UTC-05:00] [6064:7484] [FcVpnSched  88   debug] default msg 537
[2026-04-03 12:44:36.2906508 UTC-05:00] [6064:7484] [FcVpnSched  88   debug] default msg 537
[2026-04-03 12:44:36.3278924 UTC-05:00] [6064:7484] [FcVpnSched  88   debug] default msg 537
[2026-04-03 12:48:32.6823559 UTC-05:00] [6064:7484] [FcVpnSched  88   debug] default msg 26
[2026-04-03 12:48:32.9790797 UTC-05:00] [6064:7484] [FcVpnSched  88   debug] default msg 26
[2026-04-03 12:48:33.2424852 UTC-05:00] [6064:7484] [FcVpnSched  88   debug] default msg 26
[2026-04-03 12:48:39.9258740 UTC-05:00] [6064:7484] [FcVpnSched  88   debug] default msg 26
[2026-04-03 12:48:40.1112234 UTC-05:00] [6064:7484] [FcVpnSched  88   debug] default msg 26
[2026-04-03 12:48:40.9310327 UTC-05:00] [6064:7484] [FcVpnSched  88   debug] default msg 26
[2026-04-03 12:48:41.6335382 UTC-05:00] [6064:7484] [FcVpnSched  88   debug] default msg 26
[2026-04-03 12:48:42.6568095 UTC-05:00] [6064:7484] [FcVpnSched  88   debug] default msg 26
[2026-04-03 12:48:43.7663263 UTC-05:00] [6064:7484] [FcVpnSched  88   debug] default msg 26
[2026-04-03 12:48:49.7444612 UTC-05:00] [6064:2400] [FcVpnSched  44   debug] dll WTS_SESSION_LOGON 1
[2026-04-03 12:48:49.7453387 UTC-05:00] [6064:7484] [FcVpnSched  61   debug] WTS_SESSION_LOGON 1
[2026-04-03 12:48:49.7453483 UTC-05:00] [6064:7484] [FcVpnSched  78   debug] called. sessionId=1, msg=0x1000
[2026-04-03 12:48:49.7644747 UTC-05:00] [6064:2400] [FcVpnSched  203   debug] create shared memory for session 1 successfully
[2026-04-03 12:48:49.8754738 UTC-05:00] [6064:7540] [FcVpnSched  849   debug] received UserLogin message
[2026-04-03 12:48:49.8754829 UTC-05:00] [6064:7540] [FcVpnSched  649   debug] user login
[2026-04-03 12:48:49.8761961 UTC-05:00] [6064:7540] [FcVpnSched  658   debug] session 1 is unlocked
[2026-04-03 12:48:49.8762146 UTC-05:00] [6064:7540] [FcVpnSched  608   debug] called.
[2026-04-03 12:48:50.0655591 UTC-05:00] [6064:7540] [FcVpnSched  706   debug] Machine vpn is disconnected, prepared to connect user auto connect
[2026-04-03 12:48:50.0655714 UTC-05:00] [6064:7540] [FcVpnSched  512   debug] AddAndActivateAutoConnectForUserSession() called.
[2026-04-03 12:48:50.0656381 UTC-05:00] [6064:7540] [FcVpnSched  112 warning] empty vpn object name
[2026-04-03 12:48:50.0710533 UTC-05:00] [6064:7540] [FcVpnSched  112 warning] empty vpn object name
[2026-04-03 12:48:50.0710635 UTC-05:00] [6064:7540] [FcVpnSched  565   debug] AddAndActivateAutoConnectForUserSession() there is no auto connect tunnel
[2026-04-03 12:48:52.2640319 UTC-05:00] [6064:7484] [FcVpnSched  88   debug] default msg 26
[2026-04-03 12:48:54.1422850 UTC-05:00] [6064:7540] [FcVpnSched  811   debug] received FirstKeepaliveDone message
[2026-04-03 12:52:54.7856820 UTC-05:00] [6064:7484] [FcVpnSched  67   debug] WTS_SESSION_LOGOFF 1
[2026-04-03 12:52:54.7872823 UTC-05:00] [6064:7484] [FcVpnSched  78   debug] called. sessionId=1, msg=0x1001
[2026-04-03 12:52:54.8672374 UTC-05:00] [6064:7540] [FcVpnSched  854   debug] received UserLogout message
[2026-04-03 12:52:54.8672870 UTC-05:00] [6064:7540] [FcVpnSched  731   debug] user logout
[2026-04-03 12:52:54.8687233 UTC-05:00] [6064:7540] [FcVpnSched  743   debug] disconnect all vpns in session 1
[2026-04-03 12:52:54.9802016 UTC-05:00] [6064:7540] [FcVpnSched  760   debug] Current unlocked user sessions: 1	
[2026-04-03 12:52:55.0100356 UTC-05:00] [6064:9400] [FcVpnSched  764   debug] Start waiting for machine AutoConnect
[2026-04-03 12:52:55.5043640 UTC-05:00] [6064:2400] [FcVpnSched  48   debug] dll WTS_SESSION_LOGOFF 1
[2026-04-03 12:52:55.5046178 UTC-05:00] [6064:2400] [FcVpnSched  228   debug] session 1 logout, mark closure of shared memory
[2026-04-03 12:52:58.0115494 UTC-05:00] [6064:9400] [FcVpnSched  768   debug] Trigger machine AutoConnect
[2026-04-03 12:52:58.0115817 UTC-05:00] [6064:9400] [FcVpnSched  44   debug] PostMachineAutoConnectRequestAsync called
[2026-04-03 12:52:58.1375320 UTC-05:00] [6064:7540] [FcVpnSched  826   debug] received MachineAutoConnect message
[2026-04-03 12:52:58.1380551 UTC-05:00] [6064:7540] [FcVpnSched  496 warning] no machine vpn found
[2026-04-03 12:53:22.6267703 UTC-05:00] [6064:7484] [FcVpnSched  88   debug] default msg 537
[2026-04-03 12:53:22.6335018 UTC-05:00] [6064:7484] [FcVpnSched  88   debug] default msg 537
[2026-04-03 12:53:57.3421957 UTC-05:00] [6064:7484] [FcVpnSched  88   debug] default msg 537
[2026-04-03 12:53:57.3517091 UTC-05:00] [6064:7484] [FcVpnSched  88   debug] default msg 537
[2026-04-03 12:53:57.3531856 UTC-05:00] [6064:7484] [FcVpnSched  88   debug] default msg 537
[2026-04-03 12:56:05.2990902 UTC-05:00] [6064:7484] [FcVpnSched  88   debug] default msg 26
[2026-04-03 12:56:05.5352848 UTC-05:00] [6064:7484] [FcVpnSched  88   debug] default msg 26
[2026-04-03 12:56:05.7890697 UTC-05:00] [6064:7484] [FcVpnSched  88   debug] default msg 26
[2026-04-03 12:56:06.0919182 UTC-05:00] [6064:7484] [FcVpnSched  88   debug] default msg 26
[2026-04-03 12:56:06.3121190 UTC-05:00] [6064:7484] [FcVpnSched  88   debug] default msg 26
[2026-04-03 12:56:06.9457232 UTC-05:00] [6064:7484] [FcVpnSched  88   debug] default msg 26
[2026-04-03 12:56:07.4997438 UTC-05:00] [6064:7484] [FcVpnSched  88   debug] default msg 26
[2026-04-03 12:56:08.0390445 UTC-05:00] [6064:7484] [FcVpnSched  88   debug] default msg 26
[2026-04-03 12:56:08.7411008 UTC-05:00] [6064:7484] [FcVpnSched  88   debug] default msg 26
[2026-04-03 12:56:09.1691441 UTC-05:00] [6064:7484] [FcVpnSched  88   debug] default msg 26
[2026-04-03 12:56:09.4596416 UTC-05:00] [6064:7484] [FcVpnSched  88   debug] default msg 26
[2026-04-03 12:56:09.8678219 UTC-05:00] [6064:7484] [FcVpnSched  88   debug] default msg 26
[2026-04-03 12:56:10.1453839 UTC-05:00] [6064:7484] [FcVpnSched  88   debug] default msg 26
[2026-04-03 12:56:10.7933154 UTC-05:00] [6064:7484] [FcVpnSched  88   debug] default msg 26
[2026-04-03 12:56:11.2267070 UTC-05:00] [6064:7484] [FcVpnSched  88   debug] default msg 26
[2026-04-03 12:56:11.3323212 UTC-05:00] [6064:7484] [FcVpnSched  88   debug] default msg 26
[2026-04-03 12:56:11.9365419 UTC-05:00] [6064:7484] [FcVpnSched  88   debug] default msg 26
[2026-04-03 12:56:15.4767541 UTC-05:00] [6064:7484] [FcVpnSched  88   debug] default msg 537
[2026-04-03 12:56:15.4870092 UTC-05:00] [6064:7484] [FcVpnSched  88   debug] default msg 537
[2026-04-03 12:56:15.5052609 UTC-05:00] [6064:7484] [FcVpnSched  88   debug] default msg 537
[2026-04-03 12:56:15.5079369 UTC-05:00] [6064:7484] [FcVpnSched  88   debug] default msg 537
[2026-04-03 12:56:15.5104799 UTC-05:00] [6064:7484] [FcVpnSched  88   debug] default msg 537
[2026-04-03 12:56:15.5127863 UTC-05:00] [6064:7484] [FcVpnSched  88   debug] default msg 537
[2026-04-03 12:56:15.5154372 UTC-05:00] [6064:7484] [FcVpnSched  88   debug] default msg 537
[2026-04-03 12:56:15.5179416 UTC-05:00] [6064:7484] [FcVpnSched  88   debug] default msg 537
[2026-04-03 12:56:15.5205291 UTC-05:00] [6064:7484] [FcVpnSched  88   debug] default msg 537
[2026-04-03 12:58:36.7923701 UTC-05:00] [6064:7484] [FcVpnSched  88   debug] default msg 26
[2026-04-03 12:59:16.9161372 UTC-05:00] [6064:7484] [FcVpnSched  88   debug] default msg 26
[2026-04-03 12:59:16.9592375 UTC-05:00] [6064:7484] [FcVpnSched  88   debug] default msg 26
[2026-04-03 13:05:03.6355433 UTC-05:00] [6064:7484] [FcVpnSched  88   debug] default msg 30
[2026-04-03 13:05:18.5191057 UTC-05:00] [6064:7484] [FcVpnSched  88   debug] default msg 26
[2026-04-03 13:05:18.5831729 UTC-05:00] [6064:7484] [FcVpnSched  88   debug] default msg 26
[2026-04-03 13:05:18.6310922 UTC-05:00] [6064:7484] [FcVpnSched  88   debug] default msg 26
[2026-04-03 13:05:18.7092035 UTC-05:00] [6064:7484] [FcVpnSched  88   debug] default msg 26
[2026-04-03 13:05:18.7750482 UTC-05:00] [6064:7484] [FcVpnSched  88   debug] default msg 26
[2026-04-03 13:05:18.8890845 UTC-05:00] [6064:7484] [FcVpnSched  88   debug] default msg 26
[2026-04-03 13:05:18.9650602 UTC-05:00] [6064:7484] [FcVpnSched  88   debug] default msg 26
[2026-04-03 13:05:19.0443394 UTC-05:00] [6064:7484] [FcVpnSched  88   debug] default msg 26
[2026-04-03 13:05:19.3092181 UTC-05:00] [6064:7484] [FcVpnSched  88   debug] default msg 26
[2026-04-03 13:05:19.3795673 UTC-05:00] [6064:7484] [FcVpnSched  88   debug] default msg 26
[2026-04-03 13:05:19.4479895 UTC-05:00] [6064:7484] [FcVpnSched  88   debug] default msg 26
[2026-04-03 13:05:19.5354904 UTC-05:00] [6064:7484] [FcVpnSched  88   debug] default msg 26
[2026-04-03 13:05:19.6099449 UTC-05:00] [6064:7484] [FcVpnSched  88   debug] default msg 26
[2026-04-03 13:06:21.6493182 UTC-05:00] [6064:7484] [FcVpnSched  88   debug] default msg 26
[2026-04-03 13:06:21.7018394 UTC-05:00] [6064:7484] [FcVpnSched  88   debug] default msg 26
[2026-04-03 13:06:21.7552246 UTC-05:00] [6064:7484] [FcVpnSched  88   debug] default msg 26
[2026-04-03 13:06:21.8263839 UTC-05:00] [6064:7484] [FcVpnSched  88   debug] default msg 26
[2026-04-03 13:06:21.8825194 UTC-05:00] [6064:7484] [FcVpnSched  88   debug] default msg 26
[2026-04-03 13:06:21.9576549 UTC-05:00] [6064:7484] [FcVpnSched  88   debug] default msg 26
[2026-04-03 13:06:22.0155071 UTC-05:00] [6064:7484] [FcVpnSched  88   debug] default msg 26
[2026-04-03 13:06:22.0953106 UTC-05:00] [6064:7484] [FcVpnSched  88   debug] default msg 26
[2026-04-03 13:06:22.1553923 UTC-05:00] [6064:7484] [FcVpnSched  88   debug] default msg 26
[2026-04-03 13:06:22.2307185 UTC-05:00] [6064:7484] [FcVpnSched  88   debug] default msg 26
[2026-04-03 13:06:22.3008810 UTC-05:00] [6064:7484] [FcVpnSched  88   debug] default msg 26
[2026-04-03 13:06:22.3694545 UTC-05:00] [6064:7484] [FcVpnSched  88   debug] default msg 26
[2026-04-03 13:06:22.4356509 UTC-05:00] [6064:7484] [FcVpnSched  88   debug] default msg 26
[2026-04-03 13:06:22.5005136 UTC-05:00] [6064:7484] [FcVpnSched  88   debug] default msg 26
[2026-04-03 13:06:22.5727188 UTC-05:00] [6064:7484] [FcVpnSched  88   debug] default msg 26
[2026-04-03 13:06:22.6439678 UTC-05:00] [6064:7484] [FcVpnSched  88   debug] default msg 26
[2026-04-03 13:06:22.7167559 UTC-05:00] [6064:7484] [FcVpnSched  88   debug] default msg 26
[2026-04-03 13:06:22.8017301 UTC-05:00] [6064:7484] [FcVpnSched  88   debug] default msg 26
[2026-04-03 13:06:22.8817884 UTC-05:00] [6064:7484] [FcVpnSched  88   debug] default msg 26
[2026-04-03 13:06:22.9735056 UTC-05:00] [6064:7484] [FcVpnSched  88   debug] default msg 26
[2026-04-03 13:06:23.6031774 UTC-05:00] [6064:7484] [FcVpnSched  88   debug] default msg 26
[2026-04-03 13:06:23.6776206 UTC-05:00] [6064:7484] [FcVpnSched  88   debug] default msg 26
[2026-04-03 13:06:23.7451167 UTC-05:00] [6064:7484] [FcVpnSched  88   debug] default msg 26
[2026-04-03 13:06:23.8564778 UTC-05:00] [6064:7484] [FcVpnSched  88   debug] default msg 26
[2026-04-03 13:06:24.6110620 UTC-05:00] [6064:7484] [FcVpnSched  88   debug] default msg 26
[2026-04-03 13:06:24.6585522 UTC-05:00] [6064:7484] [FcVpnSched  88   debug] default msg 26
[2026-04-03 13:06:24.7074758 UTC-05:00] [6064:7484] [FcVpnSched  88   debug] default msg 26
[2026-04-03 13:06:24.7771061 UTC-05:00] [6064:7484] [FcVpnSched  88   debug] default msg 26
[2026-04-03 13:06:24.8307308 UTC-05:00] [6064:7484] [FcVpnSched  88   debug] default msg 26
[2026-04-03 13:06:24.8922894 UTC-05:00] [6064:7484] [FcVpnSched  88   debug] default msg 26
[2026-04-03 13:06:24.9413130 UTC-05:00] [6064:7484] [FcVpnSched  88   debug] default msg 26
[2026-04-03 13:06:25.0121055 UTC-05:00] [6064:7484] [FcVpnSched  88   debug] default msg 26
[2026-04-03 13:06:25.0576702 UTC-05:00] [6064:7484] [FcVpnSched  88   debug] default msg 26
[2026-04-03 13:06:25.1216616 UTC-05:00] [6064:7484] [FcVpnSched  88   debug] default msg 26
[2026-04-03 13:06:25.1987602 UTC-05:00] [6064:7484] [FcVpnSched  88   debug] default msg 26
[2026-04-03 13:06:25.2745008 UTC-05:00] [6064:7484] [FcVpnSched  88   debug] default msg 26
[2026-04-03 13:30:37.9438994 UTC-05:00] [6064:7484] [FcVpnSched  88   debug] default msg 537
[2026-04-03 13:30:38.7041232 UTC-05:00] [6064:7484] [FcVpnSched  88   debug] default msg 537
[2026-04-03 13:30:38.7277459 UTC-05:00] [6064:7484] [FcVpnSched  88   debug] default msg 537
[2026-04-03 13:32:34.2035224 UTC-05:00] [6064:7484] [FcVpnSched  88   debug] default msg 26
[2026-04-03 13:32:48.8098480 UTC-05:00] [6064:7484] [FcVpnSched  88   debug] default msg 537
[2026-04-03 13:32:49.4783427 UTC-05:00] [6064:10612] [FcVpnSched  99    info] Received CTRL_SHUTDOWN_EVENT
[2026-04-03 13:32:49.4783880 UTC-05:00] [6064:10612] [FcVpnSched  61   debug] PostShutdownAsync called
[2026-04-03 13:32:49.5698231 UTC-05:00] [6064:7540] [FcVpnSched  844   debug] received Shutdown message
[2026-04-03 13:32:49.5698530 UTC-05:00] [6064:7540] [FcVpnSched  408   debug] called.
[2026-04-03 13:32:54.6158216 UTC-05:00] [6064:7484] [FcVpnSched  88   debug] default msg 30
[2026-04-03 13:33:00.6456316 UTC-05:00] [6064:7484] [FcVpnSched  88   debug] default msg 537
[2026-04-03 13:33:05.8765208 UTC-05:00] [6064:7540] [FcVpnSched  806   debug] received FabricChanged message
[2026-04-03 13:34:13.6906665 UTC-05:00] [8508:8504] [FcVpnSched  1359    info] (Time Zone: Central Standard Time) (Wed Dec 10 12:40:05 2025, 43s) 2026-04-03 13:34:13.687 type: 0x11f size: 512 memory: 0x0000000000000000
[2026-04-03 13:34:13.7037688 UTC-05:00] [8508:8504] [FcVpnSched  203   debug] create shared memory for session 4294967194 successfully
[2026-04-03 13:34:13.7142263 UTC-05:00] [8508:8504] [FcVpnSched  26   debug] dll enum session 0
[2026-04-03 13:34:13.7157548 UTC-05:00] [8508:8504] [FcVpnSched  203   debug] create shared memory for session 0 successfully
[2026-04-03 13:34:13.7157760 UTC-05:00] [8508:8504] [FcVpnSched  26   debug] dll enum session 1
[2026-04-03 13:34:13.7267325 UTC-05:00] [8508:8504] [FcVpnSched  26   debug] dll enum session 65536
[2026-04-03 13:34:13.7279078 UTC-05:00] [8508:8504] [FcVpnSched  326    info] VpnConn shared memory initialized
[2026-04-03 13:34:13.7312015 UTC-05:00] [8508:8336] [FcVpnSched  88   debug] default msg 36
[2026-04-03 13:34:13.7312328 UTC-05:00] [8508:8336] [FcVpnSched  88   debug] default msg 129
[2026-04-03 13:34:13.7312816 UTC-05:00] [8508:8336] [FcVpnSched  88   debug] default msg 131
[2026-04-03 13:34:13.7312958 UTC-05:00] [8508:8336] [FcVpnSched  51   debug] WM_CREATE
[2026-04-03 13:34:13.7313512 UTC-05:00] [8508:8504] [FcVpnSched  1247    info] FsFilter=0x00000000000003B8 Shield=0x00000000000003C0 SchEvent=0x00000000000003C4
[2026-04-03 13:34:13.7321987 UTC-05:00] [8508:8504] [FcVpnSched  1249   debug] settings: AutoconnectOnInstall: 0, AutoconnectOffnetOnly: 0, AutoconnectEpcDeterminedOnly: 0, OnOsStartConnect: , OnLogonConnect: , OnOsStartHasPriority: 0
[2026-04-03 13:34:13.7324111 UTC-05:00] [8508:8336] [FcVpnSched  23   debug] enum session 0
[2026-04-03 13:34:13.7324161 UTC-05:00] [8508:8336] [FcVpnSched  23   debug] enum session 1
[2026-04-03 13:34:13.7342786 UTC-05:00] [8508:8336] [FcVpnSched  23   debug] enum session 65536
[2026-04-03 13:34:13.7618424 UTC-05:00] [8508:8504] [FcVpnSched  496 warning] no machine vpn found
[2026-04-03 13:34:13.7698956 UTC-05:00] [8508:8324] [FcVpnSched  10   debug] PostNetworkUpAsync called
[2026-04-03 13:34:13.7873314 UTC-05:00] [8508:8504] [FcVpnSched  816   debug] received NetworkUp message
[2026-04-03 13:34:13.7873418 UTC-05:00] [8508:8504] [FcVpnSched  60   debug] PostAutoConnect, session 0
[2026-04-03 13:34:13.7873440 UTC-05:00] [8508:8504] [FcVpnSched  44   debug] PostMachineAutoConnectRequestAsync called
[2026-04-03 13:34:13.9142986 UTC-05:00] [8508:8504] [FcVpnSched  826   debug] received MachineAutoConnect message
[2026-04-03 13:34:13.9143832 UTC-05:00] [8508:8504] [FcVpnSched  496 warning] no machine vpn found
[2026-04-03 13:34:16.3674441 UTC-05:00] [8508:8504] [FcVpnSched  806   debug] received FabricChanged message
[2026-04-03 13:34:16.5670041 UTC-05:00] [8508:8336] [FcVpnSched  88   debug] default msg 537
[2026-04-03 13:34:16.6470067 UTC-05:00] [8508:8336] [FcVpnSched  88   debug] default msg 26
[2026-04-03 13:34:16.6761163 UTC-05:00] [8508:8336] [FcVpnSched  88   debug] default msg 26
[2026-04-03 13:34:16.8693359 UTC-05:00] [8508:8336] [FcVpnSched  88   debug] default msg 537
[2026-04-03 13:34:16.8707410 UTC-05:00] [8508:8336] [FcVpnSched  88   debug] default msg 537
[2026-04-03 13:34:16.8722186 UTC-05:00] [8508:8336] [FcVpnSched  88   debug] default msg 537
[2026-04-03 13:35:52.9506047 UTC-05:00] [8508:8336] [FcVpnSched  88   debug] default msg 537
[2026-04-03 13:35:52.9909067 UTC-05:00] [8508:8336] [FcVpnSched  88   debug] default msg 537
[2026-04-03 13:35:57.0977806 UTC-05:00] [8508:8504] [FcVpnSched  806   debug] received FabricChanged message
[2026-04-03 13:36:38.8437049 UTC-05:00] [8508:8336] [FcVpnSched  88   debug] default msg 26
[2026-04-03 13:36:39.0636138 UTC-05:00] [8508:8336] [FcVpnSched  88   debug] default msg 26
[2026-04-03 13:36:39.2580107 UTC-05:00] [8508:8336] [FcVpnSched  88   debug] default msg 26
[2026-04-03 13:36:39.4616242 UTC-05:00] [8508:8336] [FcVpnSched  88   debug] default msg 26
[2026-04-03 13:36:39.6261012 UTC-05:00] [8508:8336] [FcVpnSched  88   debug] default msg 26
[2026-04-03 13:36:40.0275663 UTC-05:00] [8508:8336] [FcVpnSched  88   debug] default msg 26
[2026-04-03 13:36:40.3952472 UTC-05:00] [8508:8336] [FcVpnSched  88   debug] default msg 26
[2026-04-03 13:36:40.6813196 UTC-05:00] [8508:8336] [FcVpnSched  88   debug] default msg 26
[2026-04-03 13:36:40.7164718 UTC-05:00] [8508:8336] [FcVpnSched  88   debug] default msg 26
[2026-04-03 13:36:41.4078801 UTC-05:00] [8508:8336] [FcVpnSched  88   debug] default msg 26
[2026-04-03 13:36:41.6573597 UTC-05:00] [8508:8336] [FcVpnSched  88   debug] default msg 26
[2026-04-03 13:36:41.9264026 UTC-05:00] [8508:8336] [FcVpnSched  88   debug] default msg 26
[2026-04-03 13:36:42.3076871 UTC-05:00] [8508:8336] [FcVpnSched  88   debug] default msg 26
[2026-04-03 13:36:42.5619141 UTC-05:00] [8508:8336] [FcVpnSched  88   debug] default msg 26
[2026-04-03 13:36:43.0925126 UTC-05:00] [8508:8336] [FcVpnSched  88   debug] default msg 26
[2026-04-03 13:36:43.5357633 UTC-05:00] [8508:8336] [FcVpnSched  88   debug] default msg 26
[2026-04-03 13:36:43.9372433 UTC-05:00] [8508:8336] [FcVpnSched  88   debug] default msg 26
[2026-04-03 13:36:59.2514419 UTC-05:00] [8508:8504] [FcVpnSched  806   debug] received FabricChanged message
[2026-04-03 14:41:19.4647801 UTC-05:00] [8508:8336] [FcVpnSched  88   debug] default msg 537
[2026-04-03 14:41:20.7412677 UTC-05:00] [8508:10500] [FcVpnSched  99    info] Received CTRL_SHUTDOWN_EVENT
[2026-04-03 14:41:20.7415262 UTC-05:00] [8508:10500] [FcVpnSched  61   debug] PostShutdownAsync called
[2026-04-03 14:41:20.8991775 UTC-05:00] [8508:8504] [FcVpnSched  844   debug] received Shutdown message
[2026-04-03 14:41:20.8992840 UTC-05:00] [8508:8504] [FcVpnSched  408   debug] called.
[2026-04-03 14:41:30.1294239 UTC-05:00] [8508:8336] [FcVpnSched  88   debug] default msg 30
[2026-04-03 14:41:36.0407576 UTC-05:00] [8508:8504] [FcVpnSched  806   debug] received FabricChanged message
[2026-04-03 14:41:36.3913582 UTC-05:00] [8508:8336] [FcVpnSched  88   debug] default msg 537
[2026-04-03 14:42:36.1044743 UTC-05:00] [5208:1928] [FcVpnSched  1359    info] (Time Zone: Central Standard Time) (Wed Dec 10 12:40:05 2025, 36s) 2026-04-03 14:42:36.100 type: 0x11f size: 512 memory: 0x0000000000000000
[2026-04-03 14:42:36.1182223 UTC-05:00] [5208:1928] [FcVpnSched  1247    info] FsFilter=0x00000000000003AC Shield=0x00000000000003B4 SchEvent=0x00000000000003B8
[2026-04-03 14:42:36.1190079 UTC-05:00] [5208:1928] [FcVpnSched  1249   debug] settings: AutoconnectOnInstall: 0, AutoconnectOffnetOnly: 0, AutoconnectEpcDeterminedOnly: 0, OnOsStartConnect: , OnLogonConnect: , OnOsStartHasPriority: 0
[2026-04-03 14:42:36.1217871 UTC-05:00] [5208:7148] [FcVpnSched  88   debug] default msg 36
[2026-04-03 14:42:36.1218286 UTC-05:00] [5208:7148] [FcVpnSched  88   debug] default msg 129
[2026-04-03 14:42:36.1218777 UTC-05:00] [5208:7148] [FcVpnSched  88   debug] default msg 131
[2026-04-03 14:42:36.1218946 UTC-05:00] [5208:7148] [FcVpnSched  51   debug] WM_CREATE
[2026-04-03 14:42:36.1297710 UTC-05:00] [5208:7148] [FcVpnSched  23   debug] enum session 0
[2026-04-03 14:42:36.1297824 UTC-05:00] [5208:7148] [FcVpnSched  23   debug] enum session 1
[2026-04-03 14:42:36.1319123 UTC-05:00] [5208:7148] [FcVpnSched  23   debug] enum session 65536
[2026-04-03 14:42:36.1753133 UTC-05:00] [5208:1928] [FcVpnSched  496 warning] no machine vpn found
[2026-04-03 14:42:36.1804523 UTC-05:00] [5208:5284] [FcVpnSched  10   debug] PostNetworkUpAsync called
[2026-04-03 14:42:36.1994876 UTC-05:00] [5208:1928] [FcVpnSched  816   debug] received NetworkUp message
[2026-04-03 14:42:36.1994986 UTC-05:00] [5208:1928] [FcVpnSched  60   debug] PostAutoConnect, session 0
[2026-04-03 14:42:36.1995179 UTC-05:00] [5208:1928] [FcVpnSched  44   debug] PostMachineAutoConnectRequestAsync called
[2026-04-03 14:42:36.3195805 UTC-05:00] [5208:1928] [FcVpnSched  826   debug] received MachineAutoConnect message
[2026-04-03 14:42:36.3197041 UTC-05:00] [5208:1928] [FcVpnSched  496 warning] no machine vpn found
[2026-04-03 14:42:36.6894838 UTC-05:00] [5208:7148] [FcVpnSched  88   debug] default msg 26
[2026-04-03 14:42:37.4819970 UTC-05:00] [5208:7148] [FcVpnSched  88   debug] default msg 26
[2026-04-03 14:42:38.9320667 UTC-05:00] [5208:7148] [FcVpnSched  88   debug] default msg 26
[2026-04-03 14:42:41.7660516 UTC-05:00] [5208:7148] [FcVpnSched  88   debug] default msg 26
[2026-04-03 14:42:42.8447978 UTC-05:00] [5208:7148] [FcVpnSched  88   debug] default msg 26
[2026-04-03 14:42:44.1141062 UTC-05:00] [5208:1928] [FcVpnSched  806   debug] received FabricChanged message
[2026-04-03 14:42:47.5033601 UTC-05:00] [5208:7148] [FcVpnSched  88   debug] default msg 537
[2026-04-03 14:42:47.5735066 UTC-05:00] [5208:7148] [FcVpnSched  88   debug] default msg 26
[2026-04-03 14:42:47.5976108 UTC-05:00] [5208:7148] [FcVpnSched  88   debug] default msg 26
[2026-04-03 14:42:47.8838939 UTC-05:00] [5208:7148] [FcVpnSched  88   debug] default msg 537
[2026-04-03 14:42:47.8849474 UTC-05:00] [5208:7148] [FcVpnSched  88   debug] default msg 537
[2026-04-03 14:42:47.8863030 UTC-05:00] [5208:7148] [FcVpnSched  88   debug] default msg 537
[2026-04-03 14:44:20.2544875 UTC-05:00] [5208:7148] [FcVpnSched  88   debug] default msg 537
[2026-04-03 14:44:24.1715862 UTC-05:00] [5208:1928] [FcVpnSched  806   debug] received FabricChanged message
[2026-04-03 14:45:26.1507295 UTC-05:00] [5208:1928] [FcVpnSched  806   debug] received FabricChanged message
[2026-04-03 15:14:00.7318965 UTC-05:00] [5208:7148] [FcVpnSched  88   debug] default msg 30
[2026-04-03 15:14:00.8279833 UTC-05:00] [5208:7148] [FcVpnSched  88   debug] default msg 26
[2026-04-03 15:14:00.8310530 UTC-05:00] [5208:7148] [FcVpnSched  88   debug] default msg 26
[2026-04-03 15:14:00.8333344 UTC-05:00] [5208:7148] [FcVpnSched  88   debug] default msg 26
[2026-04-03 15:14:00.8355937 UTC-05:00] [5208:7148] [FcVpnSched  88   debug] default msg 26
[2026-04-03 15:14:00.8378112 UTC-05:00] [5208:7148] [FcVpnSched  88   debug] default msg 26
[2026-04-03 15:14:00.8400367 UTC-05:00] [5208:7148] [FcVpnSched  88   debug] default msg 26
[2026-04-03 15:14:00.8421718 UTC-05:00] [5208:7148] [FcVpnSched  88   debug] default msg 26
[2026-04-03 15:14:00.8443671 UTC-05:00] [5208:7148] [FcVpnSched  88   debug] default msg 26
[2026-04-03 15:14:00.8466529 UTC-05:00] [5208:7148] [FcVpnSched  88   debug] default msg 26
[2026-04-03 15:14:00.8488641 UTC-05:00] [5208:7148] [FcVpnSched  88   debug] default msg 26
[2026-04-03 15:14:00.8510550 UTC-05:00] [5208:7148] [FcVpnSched  88   debug] default msg 26
[2026-04-03 15:14:00.8533564 UTC-05:00] [5208:7148] [FcVpnSched  88   debug] default msg 26
[2026-04-03 15:14:00.8555232 UTC-05:00] [5208:7148] [FcVpnSched  88   debug] default msg 26
[2026-04-03 15:14:00.8577702 UTC-05:00] [5208:7148] [FcVpnSched  88   debug] default msg 26
[2026-04-03 15:14:00.8599481 UTC-05:00] [5208:7148] [FcVpnSched  88   debug] default msg 26
[2026-04-03 15:14:00.8620991 UTC-05:00] [5208:7148] [FcVpnSched  88   debug] default msg 26
[2026-04-03 15:14:00.8643780 UTC-05:00] [5208:7148] [FcVpnSched  88   debug] default msg 26
[2026-04-03 15:14:00.8670988 UTC-05:00] [5208:7148] [FcVpnSched  88   debug] default msg 26
[2026-04-03 15:14:00.8695999 UTC-05:00] [5208:7148] [FcVpnSched  88   debug] default msg 26
[2026-04-03 15:14:00.8717908 UTC-05:00] [5208:7148] [FcVpnSched  88   debug] default msg 26
[2026-04-03 15:14:00.8739621 UTC-05:00] [5208:7148] [FcVpnSched  88   debug] default msg 26
[2026-04-03 15:14:00.8762049 UTC-05:00] [5208:7148] [FcVpnSched  88   debug] default msg 26
[2026-04-03 15:14:00.8782758 UTC-05:00] [5208:7148] [FcVpnSched  88   debug] default msg 26
[2026-04-03 15:14:00.8807236 UTC-05:00] [5208:7148] [FcVpnSched  88   debug] default msg 26
[2026-04-03 15:14:00.8836203 UTC-05:00] [5208:7148] [FcVpnSched  88   debug] default msg 26
[2026-04-03 15:14:00.8857990 UTC-05:00] [5208:7148] [FcVpnSched  88   debug] default msg 26
[2026-04-03 15:14:00.8880064 UTC-05:00] [5208:7148] [FcVpnSched  88   debug] default msg 26
[2026-04-03 15:14:00.8902582 UTC-05:00] [5208:7148] [FcVpnSched  88   debug] default msg 26
[2026-04-03 15:14:00.8923333 UTC-05:00] [5208:7148] [FcVpnSched  88   debug] default msg 26
[2026-04-03 15:14:00.8944741 UTC-05:00] [5208:7148] [FcVpnSched  88   debug] default msg 26
[2026-04-03 15:14:00.8972140 UTC-05:00] [5208:7148] [FcVpnSched  88   debug] default msg 26
[2026-04-03 15:14:00.8998971 UTC-05:00] [5208:7148] [FcVpnSched  88   debug] default msg 26
[2026-04-03 15:14:00.9024951 UTC-05:00] [5208:7148] [FcVpnSched  88   debug] default msg 26
[2026-04-03 15:14:00.9051466 UTC-05:00] [5208:7148] [FcVpnSched  88   debug] default msg 26
[2026-04-03 15:14:00.9078549 UTC-05:00] [5208:7148] [FcVpnSched  88   debug] default msg 26
[2026-04-03 15:14:00.9107392 UTC-05:00] [5208:7148] [FcVpnSched  88   debug] default msg 26
[2026-04-03 15:14:00.9135558 UTC-05:00] [5208:7148] [FcVpnSched  88   debug] default msg 26
[2026-04-03 15:14:00.9161034 UTC-05:00] [5208:7148] [FcVpnSched  88   debug] default msg 26
[2026-04-03 15:14:00.9187249 UTC-05:00] [5208:7148] [FcVpnSched  88   debug] default msg 26
[2026-04-03 15:14:00.9213666 UTC-05:00] [5208:7148] [FcVpnSched  88   debug] default msg 26
[2026-04-03 15:14:00.9239960 UTC-05:00] [5208:7148] [FcVpnSched  88   debug] default msg 26
[2026-04-03 15:14:00.9270126 UTC-05:00] [5208:7148] [FcVpnSched  88   debug] default msg 26
[2026-04-03 15:14:00.9299446 UTC-05:00] [5208:7148] [FcVpnSched  88   debug] default msg 26
[2026-04-03 15:14:00.9324274 UTC-05:00] [5208:7148] [FcVpnSched  88   debug] default msg 26
[2026-04-03 15:14:00.9348075 UTC-05:00] [5208:7148] [FcVpnSched  88   debug] default msg 26
[2026-04-03 15:14:00.9372308 UTC-05:00] [5208:7148] [FcVpnSched  88   debug] default msg 26
[2026-04-03 15:14:00.9396249 UTC-05:00] [5208:7148] [FcVpnSched  88   debug] default msg 26
[2026-04-03 15:14:00.9422971 UTC-05:00] [5208:7148] [FcVpnSched  88   debug] default msg 26
[2026-04-03 15:14:00.9449908 UTC-05:00] [5208:7148] [FcVpnSched  88   debug] default msg 26
[2026-04-03 15:14:00.9484090 UTC-05:00] [5208:7148] [FcVpnSched  88   debug] default msg 26
[2026-04-03 15:14:00.9510874 UTC-05:00] [5208:7148] [FcVpnSched  88   debug] default msg 26
[2026-04-03 15:14:00.9533780 UTC-05:00] [5208:7148] [FcVpnSched  88   debug] default msg 26
[2026-04-03 15:14:00.9554422 UTC-05:00] [5208:7148] [FcVpnSched  88   debug] default msg 26
[2026-04-03 15:14:00.9575429 UTC-05:00] [5208:7148] [FcVpnSched  88   debug] default msg 26
[2026-04-03 15:14:00.9603485 UTC-05:00] [5208:7148] [FcVpnSched  88   debug] default msg 26
[2026-04-03 15:14:00.9631931 UTC-05:00] [5208:7148] [FcVpnSched  88   debug] default msg 26
[2026-04-03 15:47:01.4372711 UTC-05:00] [5208:7148] [FcVpnSched  88   debug] default msg 30
[2026-04-03 15:47:01.5681999 UTC-05:00] [5208:7148] [FcVpnSched  88   debug] default msg 26
[2026-04-03 15:47:01.5708802 UTC-05:00] [5208:7148] [FcVpnSched  88   debug] default msg 26
[2026-04-03 15:47:01.5737335 UTC-05:00] [5208:7148] [FcVpnSched  88   debug] default msg 26
[2026-04-03 15:47:01.5762817 UTC-05:00] [5208:7148] [FcVpnSched  88   debug] default msg 26
[2026-04-03 15:47:01.5790491 UTC-05:00] [5208:7148] [FcVpnSched  88   debug] default msg 26
[2026-04-03 15:47:01.5816597 UTC-05:00] [5208:7148] [FcVpnSched  88   debug] default msg 26
[2026-04-03 15:47:01.5844130 UTC-05:00] [5208:7148] [FcVpnSched  88   debug] default msg 26
[2026-04-03 15:47:01.5869644 UTC-05:00] [5208:7148] [FcVpnSched  88   debug] default msg 26
[2026-04-03 15:47:01.5897236 UTC-05:00] [5208:7148] [FcVpnSched  88   debug] default msg 26
[2026-04-03 15:47:01.5923841 UTC-05:00] [5208:7148] [FcVpnSched  88   debug] default msg 26
[2026-04-03 15:47:01.5950266 UTC-05:00] [5208:7148] [FcVpnSched  88   debug] default msg 26
[2026-04-03 15:47:01.5975732 UTC-05:00] [5208:7148] [FcVpnSched  88   debug] default msg 26
[2026-04-03 15:47:01.6003004 UTC-05:00] [5208:7148] [FcVpnSched  88   debug] default msg 26
[2026-04-03 15:47:01.6028447 UTC-05:00] [5208:7148] [FcVpnSched  88   debug] default msg 26
[2026-04-03 15:47:01.6060634 UTC-05:00] [5208:7148] [FcVpnSched  88   debug] default msg 26
[2026-04-03 15:47:01.6086741 UTC-05:00] [5208:7148] [FcVpnSched  88   debug] default msg 26
[2026-04-03 15:47:01.6113843 UTC-05:00] [5208:7148] [FcVpnSched  88   debug] default msg 26
[2026-04-03 15:47:01.6140672 UTC-05:00] [5208:7148] [FcVpnSched  88   debug] default msg 26
[2026-04-03 15:47:01.6168498 UTC-05:00] [5208:7148] [FcVpnSched  88   debug] default msg 26
[2026-04-03 15:47:01.6202613 UTC-05:00] [5208:7148] [FcVpnSched  88   debug] default msg 26
[2026-04-03 15:47:01.6233752 UTC-05:00] [5208:7148] [FcVpnSched  88   debug] default msg 26
[2026-04-03 15:47:01.6266434 UTC-05:00] [5208:7148] [FcVpnSched  88   debug] default msg 26
[2026-04-03 15:47:01.6299694 UTC-05:00] [5208:7148] [FcVpnSched  88   debug] default msg 26
[2026-04-03 15:47:01.6326276 UTC-05:00] [5208:7148] [FcVpnSched  88   debug] default msg 26
[2026-04-03 15:47:01.6352115 UTC-05:00] [5208:7148] [FcVpnSched  88   debug] default msg 26
[2026-04-03 15:47:01.6378926 UTC-05:00] [5208:7148] [FcVpnSched  88   debug] default msg 26
[2026-04-03 15:47:01.6404831 UTC-05:00] [5208:7148] [FcVpnSched  88   debug] default msg 26
[2026-04-03 15:47:01.6431762 UTC-05:00] [5208:7148] [FcVpnSched  88   debug] default msg 26
[2026-04-03 15:47:01.6484062 UTC-05:00] [5208:7148] [FcVpnSched  88   debug] default msg 26
[2026-04-03 15:47:01.6510308 UTC-05:00] [5208:7148] [FcVpnSched  88   debug] default msg 26
[2026-04-03 15:47:01.6536739 UTC-05:00] [5208:7148] [FcVpnSched  88   debug] default msg 26
[2026-04-03 15:47:01.6563605 UTC-05:00] [5208:7148] [FcVpnSched  88   debug] default msg 26
[2026-04-03 15:47:01.6590650 UTC-05:00] [5208:7148] [FcVpnSched  88   debug] default msg 26
[2026-04-03 15:47:01.6620680 UTC-05:00] [5208:7148] [FcVpnSched  88   debug] default msg 26
[2026-04-03 15:47:01.6649390 UTC-05:00] [5208:7148] [FcVpnSched  88   debug] default msg 26
[2026-04-03 15:47:01.6681980 UTC-05:00] [5208:7148] [FcVpnSched  88   debug] default msg 26
[2026-04-03 15:47:01.6711672 UTC-05:00] [5208:7148] [FcVpnSched  88   debug] default msg 26
[2026-04-03 15:47:01.6743529 UTC-05:00] [5208:7148] [FcVpnSched  88   debug] default msg 26
[2026-04-03 15:47:01.6772104 UTC-05:00] [5208:7148] [FcVpnSched  88   debug] default msg 26
[2026-04-03 15:47:01.6802108 UTC-05:00] [5208:7148] [FcVpnSched  88   debug] default msg 26
[2026-04-03 15:47:01.6840349 UTC-05:00] [5208:7148] [FcVpnSched  88   debug] default msg 26
[2026-04-03 15:47:01.6873096 UTC-05:00] [5208:7148] [FcVpnSched  88   debug] default msg 26
[2026-04-03 15:47:01.6900333 UTC-05:00] [5208:7148] [FcVpnSched  88   debug] default msg 26
[2026-04-03 15:47:01.6928757 UTC-05:00] [5208:7148] [FcVpnSched  88   debug] default msg 26
[2026-04-03 15:47:01.6956073 UTC-05:00] [5208:7148] [FcVpnSched  88   debug] default msg 26
[2026-04-03 15:47:01.6984160 UTC-05:00] [5208:7148] [FcVpnSched  88   debug] default msg 26
[2026-04-03 15:47:01.7010486 UTC-05:00] [5208:7148] [FcVpnSched  88   debug] default msg 26
[2026-04-03 15:47:01.7037916 UTC-05:00] [5208:7148] [FcVpnSched  88   debug] default msg 26
[2026-04-03 15:47:01.7065658 UTC-05:00] [5208:7148] [FcVpnSched  88   debug] default msg 26
[2026-04-03 15:47:01.7092635 UTC-05:00] [5208:7148] [FcVpnSched  88   debug] default msg 26
[2026-04-03 15:47:01.7117793 UTC-05:00] [5208:7148] [FcVpnSched  88   debug] default msg 26
[2026-04-03 15:47:01.7145052 UTC-05:00] [5208:7148] [FcVpnSched  88   debug] default msg 26
[2026-04-03 15:47:01.7172649 UTC-05:00] [5208:7148] [FcVpnSched  88   debug] default msg 26
[2026-04-03 15:47:01.7199403 UTC-05:00] [5208:7148] [FcVpnSched  88   debug] default msg 26
[2026-04-03 15:47:01.7225796 UTC-05:00] [5208:7148] [FcVpnSched  88   debug] default msg 26
[2026-04-03 15:47:01.7253288 UTC-05:00] [5208:7148] [FcVpnSched  88   debug] default msg 26
[2026-04-03 19:37:02.2099700 UTC-05:00] [5208:7148] [FcVpnSched  88   debug] default msg 30
[2026-04-03 19:37:02.3082804 UTC-05:00] [5208:7148] [FcVpnSched  88   debug] default msg 26
[2026-04-03 19:37:02.3111123 UTC-05:00] [5208:7148] [FcVpnSched  88   debug] default msg 26
[2026-04-03 19:37:02.3133112 UTC-05:00] [5208:7148] [FcVpnSched  88   debug] default msg 26
[2026-04-03 19:37:02.3154141 UTC-05:00] [5208:7148] [FcVpnSched  88   debug] default msg 26
[2026-04-03 19:37:02.3179131 UTC-05:00] [5208:7148] [FcVpnSched  88   debug] default msg 26
[2026-04-03 19:37:02.3201184 UTC-05:00] [5208:7148] [FcVpnSched  88   debug] default msg 26
[2026-04-03 19:37:02.3224315 UTC-05:00] [5208:7148] [FcVpnSched  88   debug] default msg 26
[2026-04-03 19:37:02.3246613 UTC-05:00] [5208:7148] [FcVpnSched  88   debug] default msg 26
[2026-04-03 19:37:02.3268261 UTC-05:00] [5208:7148] [FcVpnSched  88   debug] default msg 26
[2026-04-03 19:37:02.3290483 UTC-05:00] [5208:7148] [FcVpnSched  88   debug] default msg 26
[2026-04-03 19:37:02.3311663 UTC-05:00] [5208:7148] [FcVpnSched  88   debug] default msg 26
[2026-04-03 19:37:02.3335759 UTC-05:00] [5208:7148] [FcVpnSched  88   debug] default msg 26
[2026-04-03 19:37:02.3359681 UTC-05:00] [5208:7148] [FcVpnSched  88   debug] default msg 26
[2026-04-03 19:37:02.3381331 UTC-05:00] [5208:7148] [FcVpnSched  88   debug] default msg 26
[2026-04-03 19:37:02.3403636 UTC-05:00] [5208:7148] [FcVpnSched  88   debug] default msg 26
[2026-04-03 19:37:02.3426527 UTC-05:00] [5208:7148] [FcVpnSched  88   debug] default msg 26
[2026-04-03 19:37:02.3449507 UTC-05:00] [5208:7148] [FcVpnSched  88   debug] default msg 26
[2026-04-03 19:37:02.3469651 UTC-05:00] [5208:7148] [FcVpnSched  88   debug] default msg 26
[2026-04-03 19:37:02.3494653 UTC-05:00] [5208:7148] [FcVpnSched  88   debug] default msg 26
[2026-04-03 19:37:02.3524513 UTC-05:00] [5208:7148] [FcVpnSched  88   debug] default msg 26
[2026-04-03 19:37:02.3552497 UTC-05:00] [5208:7148] [FcVpnSched  88   debug] default msg 26
[2026-04-03 19:37:02.3577749 UTC-05:00] [5208:7148] [FcVpnSched  88   debug] default msg 26
[2026-04-03 19:37:02.3599263 UTC-05:00] [5208:7148] [FcVpnSched  88   debug] default msg 26
[2026-04-03 19:37:02.3619157 UTC-05:00] [5208:7148] [FcVpnSched  88   debug] default msg 26
[2026-04-03 19:37:02.3643388 UTC-05:00] [5208:7148] [FcVpnSched  88   debug] default msg 26
[2026-04-03 19:37:02.3665427 UTC-05:00] [5208:7148] [FcVpnSched  88   debug] default msg 26
[2026-04-03 19:37:02.3697763 UTC-05:00] [5208:7148] [FcVpnSched  88   debug] default msg 26
[2026-04-03 19:37:02.3723091 UTC-05:00] [5208:7148] [FcVpnSched  88   debug] default msg 26
[2026-04-03 19:37:02.3746898 UTC-05:00] [5208:7148] [FcVpnSched  88   debug] default msg 26
[2026-04-03 19:37:02.3771009 UTC-05:00] [5208:7148] [FcVpnSched  88   debug] default msg 26
[2026-04-03 19:37:02.3792540 UTC-05:00] [5208:7148] [FcVpnSched  88   debug] default msg 26
[2026-04-03 19:37:02.3825408 UTC-05:00] [5208:7148] [FcVpnSched  88   debug] default msg 26
[2026-04-03 19:37:02.3851223 UTC-05:00] [5208:7148] [FcVpnSched  88   debug] default msg 26
[2026-04-03 19:37:02.3873765 UTC-05:00] [5208:7148] [FcVpnSched  88   debug] default msg 26
[2026-04-03 19:37:02.3897373 UTC-05:00] [5208:7148] [FcVpnSched  88   debug] default msg 26
[2026-04-03 19:37:02.3920475 UTC-05:00] [5208:7148] [FcVpnSched  88   debug] default msg 26
[2026-04-03 19:37:02.3945516 UTC-05:00] [5208:7148] [FcVpnSched  88   debug] default msg 26
[2026-04-03 19:37:02.3970638 UTC-05:00] [5208:7148] [FcVpnSched  88   debug] default msg 26
[2026-04-03 19:37:02.3989830 UTC-05:00] [5208:7148] [FcVpnSched  88   debug] default msg 26
[2026-04-03 19:37:02.4007807 UTC-05:00] [5208:7148] [FcVpnSched  88   debug] default msg 26
[2026-04-03 19:37:02.4025837 UTC-05:00] [5208:7148] [FcVpnSched  88   debug] default msg 26
[2026-04-03 19:37:02.4043634 UTC-05:00] [5208:7148] [FcVpnSched  88   debug] default msg 26
[2026-04-03 19:37:02.4061475 UTC-05:00] [5208:7148] [FcVpnSched  88   debug] default msg 26
[2026-04-03 19:37:02.4079217 UTC-05:00] [5208:7148] [FcVpnSched  88   debug] default msg 26
[2026-04-03 19:37:02.4096758 UTC-05:00] [5208:7148] [FcVpnSched  88   debug] default msg 26
[2026-04-03 19:37:02.4116362 UTC-05:00] [5208:7148] [FcVpnSched  88   debug] default msg 26
[2026-04-03 19:37:02.4140931 UTC-05:00] [5208:7148] [FcVpnSched  88   debug] default msg 26
[2026-04-03 19:37:02.4162022 UTC-05:00] [5208:7148] [FcVpnSched  88   debug] default msg 26
[2026-04-03 19:37:02.4180438 UTC-05:00] [5208:7148] [FcVpnSched  88   debug] default msg 26
[2026-04-03 19:37:02.4199178 UTC-05:00] [5208:7148] [FcVpnSched  88   debug] default msg 26
[2026-04-03 19:37:02.4217431 UTC-05:00] [5208:7148] [FcVpnSched  88   debug] default msg 26
[2026-04-03 19:37:02.4235478 UTC-05:00] [5208:7148] [FcVpnSched  88   debug] default msg 26
[2026-04-03 19:37:02.4253130 UTC-05:00] [5208:7148] [FcVpnSched  88   debug] default msg 26
[2026-04-03 19:37:02.4278935 UTC-05:00] [5208:7148] [FcVpnSched  88   debug] default msg 26
[2026-04-03 19:37:02.4303267 UTC-05:00] [5208:7148] [FcVpnSched  88   debug] default msg 26
[2026-04-03 19:37:02.4326397 UTC-05:00] [5208:7148] [FcVpnSched  88   debug] default msg 26
[2026-04-03 23:14:01.9331142 UTC-05:00] [5208:7148] [FcVpnSched  88   debug] default msg 30
[2026-04-03 23:14:02.0168891 UTC-05:00] [5208:7148] [FcVpnSched  88   debug] default msg 26
[2026-04-03 23:14:02.0194632 UTC-05:00] [5208:7148] [FcVpnSched  88   debug] default msg 26
[2026-04-03 23:14:02.0218681 UTC-05:00] [5208:7148] [FcVpnSched  88   debug] default msg 26
[2026-04-03 23:14:02.0240696 UTC-05:00] [5208:7148] [FcVpnSched  88   debug] default msg 26
[2026-04-03 23:14:02.0262807 UTC-05:00] [5208:7148] [FcVpnSched  88   debug] default msg 26
[2026-04-03 23:14:02.0284442 UTC-05:00] [5208:7148] [FcVpnSched  88   debug] default msg 26
[2026-04-03 23:14:02.0305676 UTC-05:00] [5208:7148] [FcVpnSched  88   debug] default msg 26
[2026-04-03 23:14:02.0326139 UTC-05:00] [5208:7148] [FcVpnSched  88   debug] default msg 26
[2026-04-03 23:14:02.0346582 UTC-05:00] [5208:7148] [FcVpnSched  88   debug] default msg 26
[2026-04-03 23:14:02.0370985 UTC-05:00] [5208:7148] [FcVpnSched  88   debug] default msg 26
[2026-04-03 23:14:02.0391122 UTC-05:00] [5208:7148] [FcVpnSched  88   debug] default msg 26
[2026-04-03 23:14:02.0418611 UTC-05:00] [5208:7148] [FcVpnSched  88   debug] default msg 26
[2026-04-03 23:14:02.0451351 UTC-05:00] [5208:7148] [FcVpnSched  88   debug] default msg 26
[2026-04-03 23:14:02.0477425 UTC-05:00] [5208:7148] [FcVpnSched  88   debug] default msg 26
[2026-04-03 23:14:02.0500747 UTC-05:00] [5208:7148] [FcVpnSched  88   debug] default msg 26
[2026-04-03 23:14:02.0523752 UTC-05:00] [5208:7148] [FcVpnSched  88   debug] default msg 26
[2026-04-03 23:14:02.0575600 UTC-05:00] [5208:7148] [FcVpnSched  88   debug] default msg 26
[2026-04-03 23:14:02.0628126 UTC-05:00] [5208:7148] [FcVpnSched  88   debug] default msg 26
[2026-04-03 23:14:02.0652293 UTC-05:00] [5208:7148] [FcVpnSched  88   debug] default msg 26
[2026-04-03 23:14:02.0675145 UTC-05:00] [5208:7148] [FcVpnSched  88   debug] default msg 26
[2026-04-03 23:14:02.0699994 UTC-05:00] [5208:7148] [FcVpnSched  88   debug] default msg 26
[2026-04-03 23:14:02.0729038 UTC-05:00] [5208:7148] [FcVpnSched  88   debug] default msg 26
[2026-04-03 23:14:02.0755983 UTC-05:00] [5208:7148] [FcVpnSched  88   debug] default msg 26
[2026-04-03 23:14:02.0779273 UTC-05:00] [5208:7148] [FcVpnSched  88   debug] default msg 26
[2026-04-03 23:14:02.0803832 UTC-05:00] [5208:7148] [FcVpnSched  88   debug] default msg 26
[2026-04-03 23:14:02.0828919 UTC-05:00] [5208:7148] [FcVpnSched  88   debug] default msg 26
[2026-04-03 23:14:02.0853088 UTC-05:00] [5208:7148] [FcVpnSched  88   debug] default msg 26
[2026-04-03 23:14:02.0876586 UTC-05:00] [5208:7148] [FcVpnSched  88   debug] default msg 26
[2026-04-03 23:14:02.0896781 UTC-05:00] [5208:7148] [FcVpnSched  88   debug] default msg 26
[2026-04-03 23:14:02.0915494 UTC-05:00] [5208:7148] [FcVpnSched  88   debug] default msg 26
[2026-04-03 23:14:02.0934524 UTC-05:00] [5208:7148] [FcVpnSched  88   debug] default msg 26
[2026-04-03 23:14:02.0953650 UTC-05:00] [5208:7148] [FcVpnSched  88   debug] default msg 26
[2026-04-03 23:14:02.0972503 UTC-05:00] [5208:7148] [FcVpnSched  88   debug] default msg 26
[2026-04-03 23:14:02.1001205 UTC-05:00] [5208:7148] [FcVpnSched  88   debug] default msg 26
[2026-04-03 23:14:02.1023929 UTC-05:00] [5208:7148] [FcVpnSched  88   debug] default msg 26
[2026-04-03 23:14:02.1050846 UTC-05:00] [5208:7148] [FcVpnSched  88   debug] default msg 26
[2026-04-03 23:14:02.1075889 UTC-05:00] [5208:7148] [FcVpnSched  88   debug] default msg 26
[2026-04-03 23:14:02.1098167 UTC-05:00] [5208:7148] [FcVpnSched  88   debug] default msg 26
[2026-04-03 23:14:02.1120265 UTC-05:00] [5208:7148] [FcVpnSched  88   debug] default msg 26
[2026-04-03 23:14:02.1141548 UTC-05:00] [5208:7148] [FcVpnSched  88   debug] default msg 26
[2026-04-03 23:14:02.1163385 UTC-05:00] [5208:7148] [FcVpnSched  88   debug] default msg 26
[2026-04-03 23:14:02.1184694 UTC-05:00] [5208:7148] [FcVpnSched  88   debug] default msg 26
[2026-04-03 23:14:02.1206275 UTC-05:00] [5208:7148] [FcVpnSched  88   debug] default msg 26
[2026-04-03 23:14:02.1226644 UTC-05:00] [5208:7148] [FcVpnSched  88   debug] default msg 26
[2026-04-03 23:14:02.1247463 UTC-05:00] [5208:7148] [FcVpnSched  88   debug] default msg 26
[2026-04-03 23:14:02.1272528 UTC-05:00] [5208:7148] [FcVpnSched  88   debug] default msg 26
[2026-04-03 23:14:02.1300255 UTC-05:00] [5208:7148] [FcVpnSched  88   debug] default msg 26
[2026-04-03 23:14:02.1329115 UTC-05:00] [5208:7148] [FcVpnSched  88   debug] default msg 26
[2026-04-03 23:14:02.1352822 UTC-05:00] [5208:7148] [FcVpnSched  88   debug] default msg 26
[2026-04-03 23:14:02.1374549 UTC-05:00] [5208:7148] [FcVpnSched  88   debug] default msg 26
[2026-04-03 23:14:02.1396645 UTC-05:00] [5208:7148] [FcVpnSched  88   debug] default msg 26
[2026-04-03 23:14:02.1418493 UTC-05:00] [5208:7148] [FcVpnSched  88   debug] default msg 26
[2026-04-03 23:14:02.1444243 UTC-05:00] [5208:7148] [FcVpnSched  88   debug] default msg 26
[2026-04-03 23:14:02.1466839 UTC-05:00] [5208:7148] [FcVpnSched  88   debug] default msg 26
[2026-04-03 23:14:02.1497332 UTC-05:00] [5208:7148] [FcVpnSched  88   debug] default msg 26
[2026-04-03 23:14:02.1525711 UTC-05:00] [5208:7148] [FcVpnSched  88   debug] default msg 26
[2026-04-03 23:27:02.3847187 UTC-05:00] [5208:7148] [FcVpnSched  88   debug] default msg 30
[2026-04-03 23:27:02.4622188 UTC-05:00] [5208:7148] [FcVpnSched  88   debug] default msg 26
[2026-04-03 23:27:02.4652231 UTC-05:00] [5208:7148] [FcVpnSched  88   debug] default msg 26
[2026-04-03 23:27:02.4677673 UTC-05:00] [5208:7148] [FcVpnSched  88   debug] default msg 26
[2026-04-03 23:27:02.4696052 UTC-05:00] [5208:7148] [FcVpnSched  88   debug] default msg 26
[2026-04-03 23:27:02.4714166 UTC-05:00] [5208:7148] [FcVpnSched  88   debug] default msg 26
[2026-04-03 23:27:02.4733007 UTC-05:00] [5208:7148] [FcVpnSched  88   debug] default msg 26
[2026-04-03 23:27:02.4750885 UTC-05:00] [5208:7148] [FcVpnSched  88   debug] default msg 26
[2026-04-03 23:27:02.4773307 UTC-05:00] [5208:7148] [FcVpnSched  88   debug] default msg 26
[2026-04-03 23:27:02.4794047 UTC-05:00] [5208:7148] [FcVpnSched  88   debug] default msg 26
[2026-04-03 23:27:02.4812844 UTC-05:00] [5208:7148] [FcVpnSched  88   debug] default msg 26
[2026-04-03 23:27:02.4830603 UTC-05:00] [5208:7148] [FcVpnSched  88   debug] default msg 26
[2026-04-03 23:27:02.4848291 UTC-05:00] [5208:7148] [FcVpnSched  88   debug] default msg 26
[2026-04-03 23:27:02.4866139 UTC-05:00] [5208:7148] [FcVpnSched  88   debug] default msg 26
[2026-04-03 23:27:02.4884054 UTC-05:00] [5208:7148] [FcVpnSched  88   debug] default msg 26
[2026-04-03 23:27:02.4901532 UTC-05:00] [5208:7148] [FcVpnSched  88   debug] default msg 26
[2026-04-03 23:27:02.4922634 UTC-05:00] [5208:7148] [FcVpnSched  88   debug] default msg 26
[2026-04-03 23:27:02.4945628 UTC-05:00] [5208:7148] [FcVpnSched  88   debug] default msg 26
[2026-04-03 23:27:02.4966330 UTC-05:00] [5208:7148] [FcVpnSched  88   debug] default msg 26
[2026-04-03 23:27:02.4986646 UTC-05:00] [5208:7148] [FcVpnSched  88   debug] default msg 26
[2026-04-03 23:27:02.5007070 UTC-05:00] [5208:7148] [FcVpnSched  88   debug] default msg 26
[2026-04-03 23:27:02.5030221 UTC-05:00] [5208:7148] [FcVpnSched  88   debug] default msg 26
[2026-04-03 23:27:02.5054773 UTC-05:00] [5208:7148] [FcVpnSched  88   debug] default msg 26
[2026-04-03 23:27:02.5078066 UTC-05:00] [5208:7148] [FcVpnSched  88   debug] default msg 26
[2026-04-03 23:27:02.5096783 UTC-05:00] [5208:7148] [FcVpnSched  88   debug] default msg 26
[2026-04-03 23:27:02.5114903 UTC-05:00] [5208:7148] [FcVpnSched  88   debug] default msg 26
[2026-04-03 23:27:02.5132384 UTC-05:00] [5208:7148] [FcVpnSched  88   debug] default msg 26
[2026-04-03 23:27:02.5150016 UTC-05:00] [5208:7148] [FcVpnSched  88   debug] default msg 26
[2026-04-03 23:27:02.5168133 UTC-05:00] [5208:7148] [FcVpnSched  88   debug] default msg 26
[2026-04-03 23:27:02.5185616 UTC-05:00] [5208:7148] [FcVpnSched  88   debug] default msg 26
[2026-04-03 23:27:02.5203263 UTC-05:00] [5208:7148] [FcVpnSched  88   debug] default msg 26
[2026-04-03 23:27:02.5221277 UTC-05:00] [5208:7148] [FcVpnSched  88   debug] default msg 26
[2026-04-03 23:27:02.5399675 UTC-05:00] [5208:7148] [FcVpnSched  88   debug] default msg 26
[2026-04-03 23:27:02.5429440 UTC-05:00] [5208:7148] [FcVpnSched  88   debug] default msg 26
[2026-04-03 23:27:02.5447777 UTC-05:00] [5208:7148] [FcVpnSched  88   debug] default msg 26
[2026-04-03 23:27:02.5466050 UTC-05:00] [5208:7148] [FcVpnSched  88   debug] default msg 26
[2026-04-03 23:27:02.5483731 UTC-05:00] [5208:7148] [FcVpnSched  88   debug] default msg 26
[2026-04-03 23:27:02.5500638 UTC-05:00] [5208:7148] [FcVpnSched  88   debug] default msg 26
[2026-04-03 23:27:02.5517809 UTC-05:00] [5208:7148] [FcVpnSched  88   debug] default msg 26
[2026-04-03 23:27:02.5534714 UTC-05:00] [5208:7148] [FcVpnSched  88   debug] default msg 26
[2026-04-03 23:27:02.5553191 UTC-05:00] [5208:7148] [FcVpnSched  88   debug] default msg 26
[2026-04-03 23:27:02.5571477 UTC-05:00] [5208:7148] [FcVpnSched  88   debug] default msg 26
[2026-04-03 23:27:02.5589478 UTC-05:00] [5208:7148] [FcVpnSched  88   debug] default msg 26
[2026-04-03 23:27:02.5606812 UTC-05:00] [5208:7148] [FcVpnSched  88   debug] default msg 26
[2026-04-03 23:27:02.5624458 UTC-05:00] [5208:7148] [FcVpnSched  88   debug] default msg 26
[2026-04-03 23:27:02.5642209 UTC-05:00] [5208:7148] [FcVpnSched  88   debug] default msg 26
[2026-04-03 23:27:02.5659801 UTC-05:00] [5208:7148] [FcVpnSched  88   debug] default msg 26
[2026-04-03 23:27:02.5677309 UTC-05:00] [5208:7148] [FcVpnSched  88   debug] default msg 26
[2026-04-03 23:27:02.5694504 UTC-05:00] [5208:7148] [FcVpnSched  88   debug] default msg 26
[2026-04-03 23:27:02.5713021 UTC-05:00] [5208:7148] [FcVpnSched  88   debug] default msg 26
[2026-04-03 23:27:02.5731786 UTC-05:00] [5208:7148] [FcVpnSched  88   debug] default msg 26
[2026-04-03 23:27:02.5749373 UTC-05:00] [5208:7148] [FcVpnSched  88   debug] default msg 26
[2026-04-03 23:27:02.5767111 UTC-05:00] [5208:7148] [FcVpnSched  88   debug] default msg 26
[2026-04-03 23:27:02.5784667 UTC-05:00] [5208:7148] [FcVpnSched  88   debug] default msg 26
[2026-04-03 23:27:02.5802236 UTC-05:00] [5208:7148] [FcVpnSched  88   debug] default msg 26
[2026-04-03 23:27:02.5819492 UTC-05:00] [5208:7148] [FcVpnSched  88   debug] default msg 26
[2026-04-03 23:27:02.5836703 UTC-05:00] [5208:7148] [FcVpnSched  88   debug] default msg 26
[2026-04-04 03:17:02.0929673 UTC-05:00] [5208:7148] [FcVpnSched  88   debug] default msg 30
[2026-04-04 03:17:02.1769762 UTC-05:00] [5208:7148] [FcVpnSched  88   debug] default msg 26
[2026-04-04 03:17:02.1797219 UTC-05:00] [5208:7148] [FcVpnSched  88   debug] default msg 26
[2026-04-04 03:17:02.1815857 UTC-05:00] [5208:7148] [FcVpnSched  88   debug] default msg 26
[2026-04-04 03:17:02.1836643 UTC-05:00] [5208:7148] [FcVpnSched  88   debug] default msg 26
[2026-04-04 03:17:02.1860081 UTC-05:00] [5208:7148] [FcVpnSched  88   debug] default msg 26
[2026-04-04 03:17:02.1885432 UTC-05:00] [5208:7148] [FcVpnSched  88   debug] default msg 26
[2026-04-04 03:17:02.1912257 UTC-05:00] [5208:7148] [FcVpnSched  88   debug] default msg 26
[2026-04-04 03:17:02.1931908 UTC-05:00] [5208:7148] [FcVpnSched  88   debug] default msg 26
[2026-04-04 03:17:02.1950738 UTC-05:00] [5208:7148] [FcVpnSched  88   debug] default msg 26
[2026-04-04 03:17:02.1969973 UTC-05:00] [5208:7148] [FcVpnSched  88   debug] default msg 26
[2026-04-04 03:17:02.1989935 UTC-05:00] [5208:7148] [FcVpnSched  88   debug] default msg 26
[2026-04-04 03:17:02.2010131 UTC-05:00] [5208:7148] [FcVpnSched  88   debug] default msg 26
[2026-04-04 03:17:02.2029887 UTC-05:00] [5208:7148] [FcVpnSched  88   debug] default msg 26
[2026-04-04 03:17:02.2048881 UTC-05:00] [5208:7148] [FcVpnSched  88   debug] default msg 26
[2026-04-04 03:17:02.2067654 UTC-05:00] [5208:7148] [FcVpnSched  88   debug] default msg 26
[2026-04-04 03:17:02.2087429 UTC-05:00] [5208:7148] [FcVpnSched  88   debug] default msg 26
[2026-04-04 03:17:02.2106581 UTC-05:00] [5208:7148] [FcVpnSched  88   debug] default msg 26
[2026-04-04 03:17:02.2125887 UTC-05:00] [5208:7148] [FcVpnSched  88   debug] default msg 26
[2026-04-04 03:17:02.2144958 UTC-05:00] [5208:7148] [FcVpnSched  88   debug] default msg 26
[2026-04-04 03:17:02.2165586 UTC-05:00] [5208:7148] [FcVpnSched  88   debug] default msg 26
[2026-04-04 03:17:02.2185405 UTC-05:00] [5208:7148] [FcVpnSched  88   debug] default msg 26
[2026-04-04 03:17:02.2204239 UTC-05:00] [5208:7148] [FcVpnSched  88   debug] default msg 26
[2026-04-04 03:17:02.2223091 UTC-05:00] [5208:7148] [FcVpnSched  88   debug] default msg 26
[2026-04-04 03:17:02.2242738 UTC-05:00] [5208:7148] [FcVpnSched  88   debug] default msg 26
[2026-04-04 03:17:02.2262295 UTC-05:00] [5208:7148] [FcVpnSched  88   debug] default msg 26
[2026-04-04 03:17:02.2281138 UTC-05:00] [5208:7148] [FcVpnSched  88   debug] default msg 26
[2026-04-04 03:17:02.2300174 UTC-05:00] [5208:7148] [FcVpnSched  88   debug] default msg 26
[2026-04-04 03:17:02.2319774 UTC-05:00] [5208:7148] [FcVpnSched  88   debug] default msg 26
[2026-04-04 03:17:02.2341484 UTC-05:00] [5208:7148] [FcVpnSched  88   debug] default msg 26
[2026-04-04 03:17:02.2361709 UTC-05:00] [5208:7148] [FcVpnSched  88   debug] default msg 26
[2026-04-04 03:17:02.2380700 UTC-05:00] [5208:7148] [FcVpnSched  88   debug] default msg 26
[2026-04-04 03:17:02.2399540 UTC-05:00] [5208:7148] [FcVpnSched  88   debug] default msg 26
[2026-04-04 03:17:02.2418702 UTC-05:00] [5208:7148] [FcVpnSched  88   debug] default msg 26
[2026-04-04 03:17:02.2437522 UTC-05:00] [5208:7148] [FcVpnSched  88   debug] default msg 26
[2026-04-04 03:17:02.2456429 UTC-05:00] [5208:7148] [FcVpnSched  88   debug] default msg 26
[2026-04-04 03:17:02.2479618 UTC-05:00] [5208:7148] [FcVpnSched  88   debug] default msg 26
[2026-04-04 03:17:02.2508509 UTC-05:00] [5208:7148] [FcVpnSched  88   debug] default msg 26
[2026-04-04 03:17:02.2531317 UTC-05:00] [5208:7148] [FcVpnSched  88   debug] default msg 26
[2026-04-04 03:17:02.2552857 UTC-05:00] [5208:7148] [FcVpnSched  88   debug] default msg 26
[2026-04-04 03:17:02.2579307 UTC-05:00] [5208:7148] [FcVpnSched  88   debug] default msg 26
[2026-04-04 03:17:02.2603534 UTC-05:00] [5208:7148] [FcVpnSched  88   debug] default msg 26
[2026-04-04 03:17:02.2625653 UTC-05:00] [5208:7148] [FcVpnSched  88   debug] default msg 26
[2026-04-04 03:17:02.2646426 UTC-05:00] [5208:7148] [FcVpnSched  88   debug] default msg 26
[2026-04-04 03:17:02.2666787 UTC-05:00] [5208:7148] [FcVpnSched  88   debug] default msg 26
[2026-04-04 03:17:02.2687358 UTC-05:00] [5208:7148] [FcVpnSched  88   debug] default msg 26
[2026-04-04 03:17:02.2707115 UTC-05:00] [5208:7148] [FcVpnSched  88   debug] default msg 26
[2026-04-04 03:17:02.2730471 UTC-05:00] [5208:7148] [FcVpnSched  88   debug] default msg 26
[2026-04-04 03:17:02.2754885 UTC-05:00] [5208:7148] [FcVpnSched  88   debug] default msg 26
[2026-04-04 03:17:02.2778419 UTC-05:00] [5208:7148] [FcVpnSched  88   debug] default msg 26
[2026-04-04 03:17:02.2800568 UTC-05:00] [5208:7148] [FcVpnSched  88   debug] default msg 26
[2026-04-04 03:17:02.2823240 UTC-05:00] [5208:7148] [FcVpnSched  88   debug] default msg 26
[2026-04-04 03:17:02.2844720 UTC-05:00] [5208:7148] [FcVpnSched  88   debug] default msg 26
[2026-04-04 03:17:02.2864563 UTC-05:00] [5208:7148] [FcVpnSched  88   debug] default msg 26
[2026-04-04 03:17:02.2885898 UTC-05:00] [5208:7148] [FcVpnSched  88   debug] default msg 26
[2026-04-04 03:17:02.2907399 UTC-05:00] [5208:7148] [FcVpnSched  88   debug] default msg 26
[2026-04-04 03:17:02.2930334 UTC-05:00] [5208:7148] [FcVpnSched  88   debug] default msg 26
[2026-04-04 07:07:01.7314884 UTC-05:00] [5208:7148] [FcVpnSched  88   debug] default msg 30
[2026-04-04 07:07:01.8120560 UTC-05:00] [5208:7148] [FcVpnSched  88   debug] default msg 26
[2026-04-04 07:07:01.8171641 UTC-05:00] [5208:7148] [FcVpnSched  88   debug] default msg 26
[2026-04-04 07:07:01.8192537 UTC-05:00] [5208:7148] [FcVpnSched  88   debug] default msg 26
[2026-04-04 07:07:01.8220924 UTC-05:00] [5208:7148] [FcVpnSched  88   debug] default msg 26
[2026-04-04 07:07:01.8250333 UTC-05:00] [5208:7148] [FcVpnSched  88   debug] default msg 26
[2026-04-04 07:07:01.8271835 UTC-05:00] [5208:7148] [FcVpnSched  88   debug] default msg 26
[2026-04-04 07:07:01.8293233 UTC-05:00] [5208:7148] [FcVpnSched  88   debug] default msg 26
[2026-04-04 07:07:01.8314004 UTC-05:00] [5208:7148] [FcVpnSched  88   debug] default msg 26
[2026-04-04 07:07:01.8335265 UTC-05:00] [5208:7148] [FcVpnSched  88   debug] default msg 26
[2026-04-04 07:07:01.8356371 UTC-05:00] [5208:7148] [FcVpnSched  88   debug] default msg 26
[2026-04-04 07:07:01.8380028 UTC-05:00] [5208:7148] [FcVpnSched  88   debug] default msg 26
[2026-04-04 07:07:01.8401307 UTC-05:00] [5208:7148] [FcVpnSched  88   debug] default msg 26
[2026-04-04 07:07:01.8420283 UTC-05:00] [5208:7148] [FcVpnSched  88   debug] default msg 26
[2026-04-04 07:07:01.8438451 UTC-05:00] [5208:7148] [FcVpnSched  88   debug] default msg 26
[2026-04-04 07:07:01.8456566 UTC-05:00] [5208:7148] [FcVpnSched  88   debug] default msg 26
[2026-04-04 07:07:01.8474673 UTC-05:00] [5208:7148] [FcVpnSched  88   debug] default msg 26
[2026-04-04 07:07:01.8493242 UTC-05:00] [5208:7148] [FcVpnSched  88   debug] default msg 26
[2026-04-04 07:07:01.8511070 UTC-05:00] [5208:7148] [FcVpnSched  88   debug] default msg 26
[2026-04-04 07:07:01.8530579 UTC-05:00] [5208:7148] [FcVpnSched  88   debug] default msg 26
[2026-04-04 07:07:01.8549001 UTC-05:00] [5208:7148] [FcVpnSched  88   debug] default msg 26
[2026-04-04 07:07:01.8567341 UTC-05:00] [5208:7148] [FcVpnSched  88   debug] default msg 26
[2026-04-04 07:07:01.8585713 UTC-05:00] [5208:7148] [FcVpnSched  88   debug] default msg 26
[2026-04-04 07:07:01.8604075 UTC-05:00] [5208:7148] [FcVpnSched  88   debug] default msg 26
[2026-04-04 07:07:01.8622478 UTC-05:00] [5208:7148] [FcVpnSched  88   debug] default msg 26
[2026-04-04 07:07:01.8641460 UTC-05:00] [5208:7148] [FcVpnSched  88   debug] default msg 26
[2026-04-04 07:07:01.8660725 UTC-05:00] [5208:7148] [FcVpnSched  88   debug] default msg 26
[2026-04-04 07:07:01.8679610 UTC-05:00] [5208:7148] [FcVpnSched  88   debug] default msg 26
[2026-04-04 07:07:01.8698763 UTC-05:00] [5208:7148] [FcVpnSched  88   debug] default msg 26
[2026-04-04 07:07:01.8717245 UTC-05:00] [5208:7148] [FcVpnSched  88   debug] default msg 26
[2026-04-04 07:07:01.8734056 UTC-05:00] [5208:7148] [FcVpnSched  88   debug] default msg 26
[2026-04-04 07:07:01.8750849 UTC-05:00] [5208:7148] [FcVpnSched  88   debug] default msg 26
[2026-04-04 07:07:01.8767623 UTC-05:00] [5208:7148] [FcVpnSched  88   debug] default msg 26
[2026-04-04 07:07:01.8784902 UTC-05:00] [5208:7148] [FcVpnSched  88   debug] default msg 26
[2026-04-04 07:07:01.8801918 UTC-05:00] [5208:7148] [FcVpnSched  88   debug] default msg 26
[2026-04-04 07:07:01.8818387 UTC-05:00] [5208:7148] [FcVpnSched  88   debug] default msg 26
[2026-04-04 07:07:01.8836962 UTC-05:00] [5208:7148] [FcVpnSched  88   debug] default msg 26
[2026-04-04 07:07:01.8856270 UTC-05:00] [5208:7148] [FcVpnSched  88   debug] default msg 26
[2026-04-04 07:07:01.8873721 UTC-05:00] [5208:7148] [FcVpnSched  88   debug] default msg 26
[2026-04-04 07:07:01.8890978 UTC-05:00] [5208:7148] [FcVpnSched  88   debug] default msg 26
[2026-04-04 07:07:01.8908387 UTC-05:00] [5208:7148] [FcVpnSched  88   debug] default msg 26
[2026-04-04 07:07:01.8925641 UTC-05:00] [5208:7148] [FcVpnSched  88   debug] default msg 26
[2026-04-04 07:07:01.8943218 UTC-05:00] [5208:7148] [FcVpnSched  88   debug] default msg 26
[2026-04-04 07:07:01.8960617 UTC-05:00] [5208:7148] [FcVpnSched  88   debug] default msg 26
[2026-04-04 07:07:01.8977081 UTC-05:00] [5208:7148] [FcVpnSched  88   debug] default msg 26
[2026-04-04 07:07:01.8994674 UTC-05:00] [5208:7148] [FcVpnSched  88   debug] default msg 26
[2026-04-04 07:07:01.9012060 UTC-05:00] [5208:7148] [FcVpnSched  88   debug] default msg 26
[2026-04-04 07:07:01.9029380 UTC-05:00] [5208:7148] [FcVpnSched  88   debug] default msg 26
[2026-04-04 07:07:01.9046432 UTC-05:00] [5208:7148] [FcVpnSched  88   debug] default msg 26
[2026-04-04 07:07:01.9063552 UTC-05:00] [5208:7148] [FcVpnSched  88   debug] default msg 26
[2026-04-04 07:07:01.9080808 UTC-05:00] [5208:7148] [FcVpnSched  88   debug] default msg 26
[2026-04-04 07:07:01.9098323 UTC-05:00] [5208:7148] [FcVpnSched  88   debug] default msg 26
[2026-04-04 07:07:01.9115164 UTC-05:00] [5208:7148] [FcVpnSched  88   debug] default msg 26
[2026-04-04 07:07:01.9131866 UTC-05:00] [5208:7148] [FcVpnSched  88   debug] default msg 26
[2026-04-04 07:07:01.9152468 UTC-05:00] [5208:7148] [FcVpnSched  88   debug] default msg 26
[2026-04-04 07:07:01.9174826 UTC-05:00] [5208:7148] [FcVpnSched  88   debug] default msg 26
[2026-04-04 07:07:01.9194793 UTC-05:00] [5208:7148] [FcVpnSched  88   debug] default msg 26
[2026-04-04 07:14:02.1308338 UTC-05:00] [5208:7148] [FcVpnSched  88   debug] default msg 30
[2026-04-04 07:14:02.2094332 UTC-05:00] [5208:7148] [FcVpnSched  88   debug] default msg 26
[2026-04-04 07:14:02.2116489 UTC-05:00] [5208:7148] [FcVpnSched  88   debug] default msg 26
[2026-04-04 07:14:02.2139614 UTC-05:00] [5208:7148] [FcVpnSched  88   debug] default msg 26
[2026-04-04 07:14:02.2165356 UTC-05:00] [5208:7148] [FcVpnSched  88   debug] default msg 26
[2026-04-04 07:14:02.2185501 UTC-05:00] [5208:7148] [FcVpnSched  88   debug] default msg 26
[2026-04-04 07:14:02.2205181 UTC-05:00] [5208:7148] [FcVpnSched  88   debug] default msg 26
[2026-04-04 07:14:02.2224493 UTC-05:00] [5208:7148] [FcVpnSched  88   debug] default msg 26
[2026-04-04 07:14:02.2243603 UTC-05:00] [5208:7148] [FcVpnSched  88   debug] default msg 26
[2026-04-04 07:14:02.2263126 UTC-05:00] [5208:7148] [FcVpnSched  88   debug] default msg 26
[2026-04-04 07:14:02.2281699 UTC-05:00] [5208:7148] [FcVpnSched  88   debug] default msg 26
[2026-04-04 07:14:02.2302477 UTC-05:00] [5208:7148] [FcVpnSched  88   debug] default msg 26
[2026-04-04 07:14:02.2321726 UTC-05:00] [5208:7148] [FcVpnSched  88   debug] default msg 26
[2026-04-04 07:14:02.2340787 UTC-05:00] [5208:7148] [FcVpnSched  88   debug] default msg 26
[2026-04-04 07:14:02.2360245 UTC-05:00] [5208:7148] [FcVpnSched  88   debug] default msg 26
[2026-04-04 07:14:02.2380068 UTC-05:00] [5208:7148] [FcVpnSched  88   debug] default msg 26
[2026-04-04 07:14:02.2399502 UTC-05:00] [5208:7148] [FcVpnSched  88   debug] default msg 26
[2026-04-04 07:14:02.2418960 UTC-05:00] [5208:7148] [FcVpnSched  88   debug] default msg 26
[2026-04-04 07:14:02.2438133 UTC-05:00] [5208:7148] [FcVpnSched  88   debug] default msg 26
[2026-04-04 07:14:02.2468226 UTC-05:00] [5208:7148] [FcVpnSched  88   debug] default msg 26
[2026-04-04 07:14:02.2489601 UTC-05:00] [5208:7148] [FcVpnSched  88   debug] default msg 26
[2026-04-04 07:14:02.2508599 UTC-05:00] [5208:7148] [FcVpnSched  88   debug] default msg 26
[2026-04-04 07:14:02.2527395 UTC-05:00] [5208:7148] [FcVpnSched  88   debug] default msg 26
[2026-04-04 07:14:02.2545978 UTC-05:00] [5208:7148] [FcVpnSched  88   debug] default msg 26
[2026-04-04 07:14:02.2565859 UTC-05:00] [5208:7148] [FcVpnSched  88   debug] default msg 26
[2026-04-04 07:14:02.2585124 UTC-05:00] [5208:7148] [FcVpnSched  88   debug] default msg 26
[2026-04-04 07:14:02.2605245 UTC-05:00] [5208:7148] [FcVpnSched  88   debug] default msg 26
[2026-04-04 07:14:02.2625394 UTC-05:00] [5208:7148] [FcVpnSched  88   debug] default msg 26
[2026-04-04 07:14:02.2644362 UTC-05:00] [5208:7148] [FcVpnSched  88   debug] default msg 26
[2026-04-04 07:14:02.2663948 UTC-05:00] [5208:7148] [FcVpnSched  88   debug] default msg 26
[2026-04-04 07:14:02.2682780 UTC-05:00] [5208:7148] [FcVpnSched  88   debug] default msg 26
[2026-04-04 07:14:02.2701635 UTC-05:00] [5208:7148] [FcVpnSched  88   debug] default msg 26
[2026-04-04 07:14:02.2720893 UTC-05:00] [5208:7148] [FcVpnSched  88   debug] default msg 26
[2026-04-04 07:14:02.2739708 UTC-05:00] [5208:7148] [FcVpnSched  88   debug] default msg 26
[2026-04-04 07:14:02.2761244 UTC-05:00] [5208:7148] [FcVpnSched  88   debug] default msg 26
[2026-04-04 07:14:02.2781271 UTC-05:00] [5208:7148] [FcVpnSched  88   debug] default msg 26
[2026-04-04 07:14:02.2798346 UTC-05:00] [5208:7148] [FcVpnSched  88   debug] default msg 26
[2026-04-04 07:14:02.2816727 UTC-05:00] [5208:7148] [FcVpnSched  88   debug] default msg 26
[2026-04-04 07:14:02.2835419 UTC-05:00] [5208:7148] [FcVpnSched  88   debug] default msg 26
[2026-04-04 07:14:02.2854205 UTC-05:00] [5208:7148] [FcVpnSched  88   debug] default msg 26
[2026-04-04 07:14:02.2871294 UTC-05:00] [5208:7148] [FcVpnSched  88   debug] default msg 26
[2026-04-04 07:14:02.2887803 UTC-05:00] [5208:7148] [FcVpnSched  88   debug] default msg 26
[2026-04-04 07:14:02.2904701 UTC-05:00] [5208:7148] [FcVpnSched  88   debug] default msg 26
[2026-04-04 07:14:02.2921934 UTC-05:00] [5208:7148] [FcVpnSched  88   debug] default msg 26
[2026-04-04 07:14:02.2938518 UTC-05:00] [5208:7148] [FcVpnSched  88   debug] default msg 26
[2026-04-04 07:14:02.2955328 UTC-05:00] [5208:7148] [FcVpnSched  88   debug] default msg 26
[2026-04-04 07:14:02.2972156 UTC-05:00] [5208:7148] [FcVpnSched  88   debug] default msg 26
[2026-04-04 07:14:02.2988880 UTC-05:00] [5208:7148] [FcVpnSched  88   debug] default msg 26
[2026-04-04 07:14:02.3005674 UTC-05:00] [5208:7148] [FcVpnSched  88   debug] default msg 26
[2026-04-04 07:14:02.3022382 UTC-05:00] [5208:7148] [FcVpnSched  88   debug] default msg 26
[2026-04-04 07:14:02.3038973 UTC-05:00] [5208:7148] [FcVpnSched  88   debug] default msg 26
[2026-04-04 07:14:02.3055346 UTC-05:00] [5208:7148] [FcVpnSched  88   debug] default msg 26
[2026-04-04 07:14:02.3072247 UTC-05:00] [5208:7148] [FcVpnSched  88   debug] default msg 26
[2026-04-04 07:14:02.3090777 UTC-05:00] [5208:7148] [FcVpnSched  88   debug] default msg 26
[2026-04-04 07:14:02.3109752 UTC-05:00] [5208:7148] [FcVpnSched  88   debug] default msg 26
[2026-04-04 07:14:02.3128745 UTC-05:00] [5208:7148] [FcVpnSched  88   debug] default msg 26
[2026-04-04 07:14:02.3147214 UTC-05:00] [5208:7148] [FcVpnSched  88   debug] default msg 26
[2026-04-04 10:57:01.7789011 UTC-05:00] [5208:7148] [FcVpnSched  88   debug] default msg 30
[2026-04-04 10:57:01.8787153 UTC-05:00] [5208:7148] [FcVpnSched  88   debug] default msg 26
[2026-04-04 10:57:01.8805734 UTC-05:00] [5208:7148] [FcVpnSched  88   debug] default msg 26
[2026-04-04 10:57:01.8821061 UTC-05:00] [5208:7148] [FcVpnSched  88   debug] default msg 26
[2026-04-04 10:57:01.8835957 UTC-05:00] [5208:7148] [FcVpnSched  88   debug] default msg 26
[2026-04-04 10:57:01.8851187 UTC-05:00] [5208:7148] [FcVpnSched  88   debug] default msg 26
[2026-04-04 10:57:01.8868279 UTC-05:00] [5208:7148] [FcVpnSched  88   debug] default msg 26
[2026-04-04 10:57:01.8885290 UTC-05:00] [5208:7148] [FcVpnSched  88   debug] default msg 26
[2026-04-04 10:57:01.8902397 UTC-05:00] [5208:7148] [FcVpnSched  88   debug] default msg 26
[2026-04-04 10:57:01.8919117 UTC-05:00] [5208:7148] [FcVpnSched  88   debug] default msg 26
[2026-04-04 10:57:01.8935460 UTC-05:00] [5208:7148] [FcVpnSched  88   debug] default msg 26
[2026-04-04 10:57:01.8951793 UTC-05:00] [5208:7148] [FcVpnSched  88   debug] default msg 26
[2026-04-04 10:57:01.8968515 UTC-05:00] [5208:7148] [FcVpnSched  88   debug] default msg 26
[2026-04-04 10:57:01.8985682 UTC-05:00] [5208:7148] [FcVpnSched  88   debug] default msg 26
[2026-04-04 10:57:01.9002814 UTC-05:00] [5208:7148] [FcVpnSched  88   debug] default msg 26
[2026-04-04 10:57:01.9019579 UTC-05:00] [5208:7148] [FcVpnSched  88   debug] default msg 26
[2026-04-04 10:57:01.9035947 UTC-05:00] [5208:7148] [FcVpnSched  88   debug] default msg 26
[2026-04-04 10:57:01.9053024 UTC-05:00] [5208:7148] [FcVpnSched  88   debug] default msg 26
[2026-04-04 10:57:01.9072930 UTC-05:00] [5208:7148] [FcVpnSched  88   debug] default msg 26
[2026-04-04 10:57:01.9090849 UTC-05:00] [5208:7148] [FcVpnSched  88   debug] default msg 26
[2026-04-04 10:57:01.9108053 UTC-05:00] [5208:7148] [FcVpnSched  88   debug] default msg 26
[2026-04-04 10:57:01.9124872 UTC-05:00] [5208:7148] [FcVpnSched  88   debug] default msg 26
[2026-04-04 10:57:01.9142215 UTC-05:00] [5208:7148] [FcVpnSched  88   debug] default msg 26
[2026-04-04 10:57:01.9160011 UTC-05:00] [5208:7148] [FcVpnSched  88   debug] default msg 26
[2026-04-04 10:57:01.9177384 UTC-05:00] [5208:7148] [FcVpnSched  88   debug] default msg 26
[2026-04-04 10:57:01.9195125 UTC-05:00] [5208:7148] [FcVpnSched  88   debug] default msg 26
[2026-04-04 10:57:01.9211664 UTC-05:00] [5208:7148] [FcVpnSched  88   debug] default msg 26
[2026-04-04 10:57:01.9232112 UTC-05:00] [5208:7148] [FcVpnSched  88   debug] default msg 26
[2026-04-04 10:57:01.9255659 UTC-05:00] [5208:7148] [FcVpnSched  88   debug] default msg 26
[2026-04-04 10:57:01.9281321 UTC-05:00] [5208:7148] [FcVpnSched  88   debug] default msg 26
[2026-04-04 10:57:01.9303876 UTC-05:00] [5208:7148] [FcVpnSched  88   debug] default msg 26
[2026-04-04 10:57:01.9325394 UTC-05:00] [5208:7148] [FcVpnSched  88   debug] default msg 26
[2026-04-04 10:57:01.9347236 UTC-05:00] [5208:7148] [FcVpnSched  88   debug] default msg 26
[2026-04-04 10:57:01.9368289 UTC-05:00] [5208:7148] [FcVpnSched  88   debug] default msg 26
[2026-04-04 10:57:01.9393072 UTC-05:00] [5208:7148] [FcVpnSched  88   debug] default msg 26
[2026-04-04 10:57:01.9415140 UTC-05:00] [5208:7148] [FcVpnSched  88   debug] default msg 26
[2026-04-04 10:57:01.9435444 UTC-05:00] [5208:7148] [FcVpnSched  88   debug] default msg 26
[2026-04-04 10:57:01.9456836 UTC-05:00] [5208:7148] [FcVpnSched  88   debug] default msg 26
[2026-04-04 10:57:01.9477583 UTC-05:00] [5208:7148] [FcVpnSched  88   debug] default msg 26
[2026-04-04 10:57:01.9496295 UTC-05:00] [5208:7148] [FcVpnSched  88   debug] default msg 26
[2026-04-04 10:57:01.9517446 UTC-05:00] [5208:7148] [FcVpnSched  88   debug] default msg 26
[2026-04-04 10:57:01.9539969 UTC-05:00] [5208:7148] [FcVpnSched  88   debug] default msg 26
[2026-04-04 10:57:01.9563005 UTC-05:00] [5208:7148] [FcVpnSched  88   debug] default msg 26
[2026-04-04 10:57:01.9584163 UTC-05:00] [5208:7148] [FcVpnSched  88   debug] default msg 26
[2026-04-04 10:57:01.9605409 UTC-05:00] [5208:7148] [FcVpnSched  88   debug] default msg 26
[2026-04-04 10:57:01.9626834 UTC-05:00] [5208:7148] [FcVpnSched  88   debug] default msg 26
[2026-04-04 10:57:01.9648112 UTC-05:00] [5208:7148] [FcVpnSched  88   debug] default msg 26
[2026-04-04 10:57:01.9669520 UTC-05:00] [5208:7148] [FcVpnSched  88   debug] default msg 26
[2026-04-04 10:57:01.9695191 UTC-05:00] [5208:7148] [FcVpnSched  88   debug] default msg 26
[2026-04-04 10:57:01.9718059 UTC-05:00] [5208:7148] [FcVpnSched  88   debug] default msg 26
[2026-04-04 10:57:01.9739283 UTC-05:00] [5208:7148] [FcVpnSched  88   debug] default msg 26
[2026-04-04 10:57:01.9760606 UTC-05:00] [5208:7148] [FcVpnSched  88   debug] default msg 26
[2026-04-04 10:57:01.9781563 UTC-05:00] [5208:7148] [FcVpnSched  88   debug] default msg 26
[2026-04-04 10:57:01.9803368 UTC-05:00] [5208:7148] [FcVpnSched  88   debug] default msg 26
[2026-04-04 10:57:01.9825109 UTC-05:00] [5208:7148] [FcVpnSched  88   debug] default msg 26
[2026-04-04 10:57:01.9846317 UTC-05:00] [5208:7148] [FcVpnSched  88   debug] default msg 26
[2026-04-04 10:57:01.9871425 UTC-05:00] [5208:7148] [FcVpnSched  88   debug] default msg 26
[2026-04-04 14:47:02.3896547 UTC-05:00] [5208:7148] [FcVpnSched  88   debug] default msg 30
[2026-04-04 14:47:02.4695881 UTC-05:00] [5208:7148] [FcVpnSched  88   debug] default msg 26
[2026-04-04 14:47:02.4723858 UTC-05:00] [5208:7148] [FcVpnSched  88   debug] default msg 26
[2026-04-04 14:47:02.4742527 UTC-05:00] [5208:7148] [FcVpnSched  88   debug] default msg 26
[2026-04-04 14:47:02.4760765 UTC-05:00] [5208:7148] [FcVpnSched  88   debug] default msg 26
[2026-04-04 14:47:02.4779500 UTC-05:00] [5208:7148] [FcVpnSched  88   debug] default msg 26
[2026-04-04 14:47:02.4798305 UTC-05:00] [5208:7148] [FcVpnSched  88   debug] default msg 26
[2026-04-04 14:47:02.4822567 UTC-05:00] [5208:7148] [FcVpnSched  88   debug] default msg 26
[2026-04-04 14:47:02.4846723 UTC-05:00] [5208:7148] [FcVpnSched  88   debug] default msg 26
[2026-04-04 14:47:02.4865503 UTC-05:00] [5208:7148] [FcVpnSched  88   debug] default msg 26
[2026-04-04 14:47:02.4885214 UTC-05:00] [5208:7148] [FcVpnSched  88   debug] default msg 26
[2026-04-04 14:47:02.4903536 UTC-05:00] [5208:7148] [FcVpnSched  88   debug] default msg 26
[2026-04-04 14:47:02.4922015 UTC-05:00] [5208:7148] [FcVpnSched  88   debug] default msg 26
[2026-04-04 14:47:02.4940205 UTC-05:00] [5208:7148] [FcVpnSched  88   debug] default msg 26
[2026-04-04 14:47:02.4959255 UTC-05:00] [5208:7148] [FcVpnSched  88   debug] default msg 26
[2026-04-04 14:47:02.4982707 UTC-05:00] [5208:7148] [FcVpnSched  88   debug] default msg 26
[2026-04-04 14:47:02.5003859 UTC-05:00] [5208:7148] [FcVpnSched  88   debug] default msg 26
[2026-04-04 14:47:02.5024816 UTC-05:00] [5208:7148] [FcVpnSched  88   debug] default msg 26
[2026-04-04 14:47:02.5045324 UTC-05:00] [5208:7148] [FcVpnSched  88   debug] default msg 26
[2026-04-04 14:47:02.5065769 UTC-05:00] [5208:7148] [FcVpnSched  88   debug] default msg 26
[2026-04-04 14:47:02.5085811 UTC-05:00] [5208:7148] [FcVpnSched  88   debug] default msg 26
[2026-04-04 14:47:02.5112491 UTC-05:00] [5208:7148] [FcVpnSched  88   debug] default msg 26
[2026-04-04 14:47:02.5138911 UTC-05:00] [5208:7148] [FcVpnSched  88   debug] default msg 26
[2026-04-04 14:47:02.5160498 UTC-05:00] [5208:7148] [FcVpnSched  88   debug] default msg 26
[2026-04-04 14:47:02.5181027 UTC-05:00] [5208:7148] [FcVpnSched  88   debug] default msg 26
[2026-04-04 14:47:02.5201211 UTC-05:00] [5208:7148] [FcVpnSched  88   debug] default msg 26
[2026-04-04 14:47:02.5221529 UTC-05:00] [5208:7148] [FcVpnSched  88   debug] default msg 26
[2026-04-04 14:47:02.5242197 UTC-05:00] [5208:7148] [FcVpnSched  88   debug] default msg 26
[2026-04-04 14:47:02.5262521 UTC-05:00] [5208:7148] [FcVpnSched  88   debug] default msg 26
[2026-04-04 14:47:02.5281994 UTC-05:00] [5208:7148] [FcVpnSched  88   debug] default msg 26
[2026-04-04 14:47:02.5299949 UTC-05:00] [5208:7148] [FcVpnSched  88   debug] default msg 26
[2026-04-04 14:47:02.5316213 UTC-05:00] [5208:7148] [FcVpnSched  88   debug] default msg 26
[2026-04-04 14:47:02.5332661 UTC-05:00] [5208:7148] [FcVpnSched  88   debug] default msg 26
[2026-04-04 14:47:02.5349324 UTC-05:00] [5208:7148] [FcVpnSched  88   debug] default msg 26
[2026-04-04 14:47:02.5367083 UTC-05:00] [5208:7148] [FcVpnSched  88   debug] default msg 26
[2026-04-04 14:47:02.5384564 UTC-05:00] [5208:7148] [FcVpnSched  88   debug] default msg 26
[2026-04-04 14:47:02.5404158 UTC-05:00] [5208:7148] [FcVpnSched  88   debug] default msg 26
[2026-04-04 14:47:02.5422539 UTC-05:00] [5208:7148] [FcVpnSched  88   debug] default msg 26
[2026-04-04 14:47:02.5441728 UTC-05:00] [5208:7148] [FcVpnSched  88   debug] default msg 26
[2026-04-04 14:47:02.5458837 UTC-05:00] [5208:7148] [FcVpnSched  88   debug] default msg 26
[2026-04-04 14:47:02.5474967 UTC-05:00] [5208:7148] [FcVpnSched  88   debug] default msg 26
[2026-04-04 14:47:02.5491045 UTC-05:00] [5208:7148] [FcVpnSched  88   debug] default msg 26
[2026-04-04 14:47:02.5507126 UTC-05:00] [5208:7148] [FcVpnSched  88   debug] default msg 26
[2026-04-04 14:47:02.5522974 UTC-05:00] [5208:7148] [FcVpnSched  88   debug] default msg 26
[2026-04-04 14:47:02.5538807 UTC-05:00] [5208:7148] [FcVpnSched  88   debug] default msg 26
[2026-04-04 14:47:02.5554473 UTC-05:00] [5208:7148] [FcVpnSched  88   debug] default msg 26
[2026-04-04 14:47:02.5570137 UTC-05:00] [5208:7148] [FcVpnSched  88   debug] default msg 26
[2026-04-04 14:47:02.5594592 UTC-05:00] [5208:7148] [FcVpnSched  88   debug] default msg 26
[2026-04-04 14:47:02.5622421 UTC-05:00] [5208:7148] [FcVpnSched  88   debug] default msg 26
[2026-04-04 14:47:02.5640964 UTC-05:00] [5208:7148] [FcVpnSched  88   debug] default msg 26
[2026-04-04 14:47:02.5659729 UTC-05:00] [5208:7148] [FcVpnSched  88   debug] default msg 26
[2026-04-04 14:47:02.5677521 UTC-05:00] [5208:7148] [FcVpnSched  88   debug] default msg 26
[2026-04-04 14:47:02.5695792 UTC-05:00] [5208:7148] [FcVpnSched  88   debug] default msg 26
[2026-04-04 14:47:02.5713617 UTC-05:00] [5208:7148] [FcVpnSched  88   debug] default msg 26
[2026-04-04 14:47:02.5732478 UTC-05:00] [5208:7148] [FcVpnSched  88   debug] default msg 26
[2026-04-04 14:47:02.5751253 UTC-05:00] [5208:7148] [FcVpnSched  88   debug] default msg 26
[2026-04-04 14:47:02.5769103 UTC-05:00] [5208:7148] [FcVpnSched  88   debug] default msg 26
[2026-04-04 15:14:01.8169631 UTC-05:00] [5208:7148] [FcVpnSched  88   debug] default msg 30
[2026-04-04 15:14:01.8950585 UTC-05:00] [5208:7148] [FcVpnSched  88   debug] default msg 26
[2026-04-04 15:14:01.8973701 UTC-05:00] [5208:7148] [FcVpnSched  88   debug] default msg 26
[2026-04-04 15:14:01.8994475 UTC-05:00] [5208:7148] [FcVpnSched  88   debug] default msg 26
[2026-04-04 15:14:01.9014442 UTC-05:00] [5208:7148] [FcVpnSched  88   debug] default msg 26
[2026-04-04 15:14:01.9036547 UTC-05:00] [5208:7148] [FcVpnSched  88   debug] default msg 26
[2026-04-04 15:14:01.9058901 UTC-05:00] [5208:7148] [FcVpnSched  88   debug] default msg 26
[2026-04-04 15:14:01.9080282 UTC-05:00] [5208:7148] [FcVpnSched  88   debug] default msg 26
[2026-04-04 15:14:01.9100922 UTC-05:00] [5208:7148] [FcVpnSched  88   debug] default msg 26
[2026-04-04 15:14:01.9121680 UTC-05:00] [5208:7148] [FcVpnSched  88   debug] default msg 26
[2026-04-04 15:14:01.9142051 UTC-05:00] [5208:7148] [FcVpnSched  88   debug] default msg 26
[2026-04-04 15:14:01.9162255 UTC-05:00] [5208:7148] [FcVpnSched  88   debug] default msg 26
[2026-04-04 15:14:01.9182308 UTC-05:00] [5208:7148] [FcVpnSched  88   debug] default msg 26
[2026-04-04 15:14:01.9201084 UTC-05:00] [5208:7148] [FcVpnSched  88   debug] default msg 26
[2026-04-04 15:14:01.9222267 UTC-05:00] [5208:7148] [FcVpnSched  88   debug] default msg 26
[2026-04-04 15:14:01.9242632 UTC-05:00] [5208:7148] [FcVpnSched  88   debug] default msg 26
[2026-04-04 15:14:01.9261477 UTC-05:00] [5208:7148] [FcVpnSched  88   debug] default msg 26
[2026-04-04 15:14:01.9280145 UTC-05:00] [5208:7148] [FcVpnSched  88   debug] default msg 26
[2026-04-04 15:14:01.9298423 UTC-05:00] [5208:7148] [FcVpnSched  88   debug] default msg 26
[2026-04-04 15:14:01.9316964 UTC-05:00] [5208:7148] [FcVpnSched  88   debug] default msg 26
[2026-04-04 15:14:01.9334543 UTC-05:00] [5208:7148] [FcVpnSched  88   debug] default msg 26
[2026-04-04 15:14:01.9365251 UTC-05:00] [5208:7148] [FcVpnSched  88   debug] default msg 26
[2026-04-04 15:14:01.9385711 UTC-05:00] [5208:7148] [FcVpnSched  88   debug] default msg 26
[2026-04-04 15:14:01.9404516 UTC-05:00] [5208:7148] [FcVpnSched  88   debug] default msg 26
[2026-04-04 15:14:01.9422911 UTC-05:00] [5208:7148] [FcVpnSched  88   debug] default msg 26
[2026-04-04 15:14:01.9441135 UTC-05:00] [5208:7148] [FcVpnSched  88   debug] default msg 26
[2026-04-04 15:14:01.9459861 UTC-05:00] [5208:7148] [FcVpnSched  88   debug] default msg 26
[2026-04-04 15:14:01.9478451 UTC-05:00] [5208:7148] [FcVpnSched  88   debug] default msg 26
[2026-04-04 15:14:01.9496334 UTC-05:00] [5208:7148] [FcVpnSched  88   debug] default msg 26
[2026-04-04 15:14:01.9517568 UTC-05:00] [5208:7148] [FcVpnSched  88   debug] default msg 26
[2026-04-04 15:14:01.9536424 UTC-05:00] [5208:7148] [FcVpnSched  88   debug] default msg 26
[2026-04-04 15:14:01.9554625 UTC-05:00] [5208:7148] [FcVpnSched  88   debug] default msg 26
[2026-04-04 15:14:01.9570954 UTC-05:00] [5208:7148] [FcVpnSched  88   debug] default msg 26
[2026-04-04 15:14:01.9586867 UTC-05:00] [5208:7148] [FcVpnSched  88   debug] default msg 26
[2026-04-04 15:14:01.9603070 UTC-05:00] [5208:7148] [FcVpnSched  88   debug] default msg 26
[2026-04-04 15:14:01.9619235 UTC-05:00] [5208:7148] [FcVpnSched  88   debug] default msg 26
[2026-04-04 15:14:01.9635215 UTC-05:00] [5208:7148] [FcVpnSched  88   debug] default msg 26
[2026-04-04 15:14:01.9650767 UTC-05:00] [5208:7148] [FcVpnSched  88   debug] default msg 26
[2026-04-04 15:14:01.9668373 UTC-05:00] [5208:7148] [FcVpnSched  88   debug] default msg 26
[2026-04-04 15:14:01.9684693 UTC-05:00] [5208:7148] [FcVpnSched  88   debug] default msg 26
[2026-04-04 15:14:01.9700905 UTC-05:00] [5208:7148] [FcVpnSched  88   debug] default msg 26
[2026-04-04 15:14:01.9717229 UTC-05:00] [5208:7148] [FcVpnSched  88   debug] default msg 26
[2026-04-04 15:14:01.9733758 UTC-05:00] [5208:7148] [FcVpnSched  88   debug] default msg 26
[2026-04-04 15:14:01.9750129 UTC-05:00] [5208:7148] [FcVpnSched  88   debug] default msg 26
[2026-04-04 15:14:01.9766466 UTC-05:00] [5208:7148] [FcVpnSched  88   debug] default msg 26
[2026-04-04 15:14:01.9782771 UTC-05:00] [5208:7148] [FcVpnSched  88   debug] default msg 26
[2026-04-04 15:14:01.9799333 UTC-05:00] [5208:7148] [FcVpnSched  88   debug] default msg 26
[2026-04-04 15:14:01.9815689 UTC-05:00] [5208:7148] [FcVpnSched  88   debug] default msg 26
[2026-04-04 15:14:01.9833211 UTC-05:00] [5208:7148] [FcVpnSched  88   debug] default msg 26
[2026-04-04 15:14:01.9849724 UTC-05:00] [5208:7148] [FcVpnSched  88   debug] default msg 26
[2026-04-04 15:14:01.9866286 UTC-05:00] [5208:7148] [FcVpnSched  88   debug] default msg 26
[2026-04-04 15:14:01.9882627 UTC-05:00] [5208:7148] [FcVpnSched  88   debug] default msg 26
[2026-04-04 15:14:01.9898820 UTC-05:00] [5208:7148] [FcVpnSched  88   debug] default msg 26
[2026-04-04 15:14:01.9914966 UTC-05:00] [5208:7148] [FcVpnSched  88   debug] default msg 26
[2026-04-04 15:14:01.9931428 UTC-05:00] [5208:7148] [FcVpnSched  88   debug] default msg 26
[2026-04-04 15:14:01.9947382 UTC-05:00] [5208:7148] [FcVpnSched  88   debug] default msg 26
[2026-04-04 15:14:01.9963239 UTC-05:00] [5208:7148] [FcVpnSched  88   debug] default msg 26
[2026-04-04 18:37:02.5599774 UTC-05:00] [5208:7148] [FcVpnSched  88   debug] default msg 30
[2026-04-04 18:37:02.6379689 UTC-05:00] [5208:7148] [FcVpnSched  88   debug] default msg 26
[2026-04-04 18:37:02.6402283 UTC-05:00] [5208:7148] [FcVpnSched  88   debug] default msg 26
[2026-04-04 18:37:02.6421671 UTC-05:00] [5208:7148] [FcVpnSched  88   debug] default msg 26
[2026-04-04 18:37:02.6440936 UTC-05:00] [5208:7148] [FcVpnSched  88   debug] default msg 26
[2026-04-04 18:37:02.6459570 UTC-05:00] [5208:7148] [FcVpnSched  88   debug] default msg 26
[2026-04-04 18:37:02.6478704 UTC-05:00] [5208:7148] [FcVpnSched  88   debug] default msg 26
[2026-04-04 18:37:02.6497756 UTC-05:00] [5208:7148] [FcVpnSched  88   debug] default msg 26
[2026-04-04 18:37:02.6517564 UTC-05:00] [5208:7148] [FcVpnSched  88   debug] default msg 26
[2026-04-04 18:37:02.6537052 UTC-05:00] [5208:7148] [FcVpnSched  88   debug] default msg 26
[2026-04-04 18:37:02.6555701 UTC-05:00] [5208:7148] [FcVpnSched  88   debug] default msg 26
[2026-04-04 18:37:02.6574324 UTC-05:00] [5208:7148] [FcVpnSched  88   debug] default msg 26
[2026-04-04 18:37:02.6593465 UTC-05:00] [5208:7148] [FcVpnSched  88   debug] default msg 26
[2026-04-04 18:37:02.6612271 UTC-05:00] [5208:7148] [FcVpnSched  88   debug] default msg 26
[2026-04-04 18:37:02.6631143 UTC-05:00] [5208:7148] [FcVpnSched  88   debug] default msg 26
[2026-04-04 18:37:02.6649760 UTC-05:00] [5208:7148] [FcVpnSched  88   debug] default msg 26
[2026-04-04 18:37:02.6667628 UTC-05:00] [5208:7148] [FcVpnSched  88   debug] default msg 26
[2026-04-04 18:37:02.6689171 UTC-05:00] [5208:7148] [FcVpnSched  88   debug] default msg 26
[2026-04-04 18:37:02.6713136 UTC-05:00] [5208:7148] [FcVpnSched  88   debug] default msg 26
[2026-04-04 18:37:02.6732104 UTC-05:00] [5208:7148] [FcVpnSched  88   debug] default msg 26
[2026-04-04 18:37:02.6751041 UTC-05:00] [5208:7148] [FcVpnSched  88   debug] default msg 26
[2026-04-04 18:37:02.6769542 UTC-05:00] [5208:7148] [FcVpnSched  88   debug] default msg 26
[2026-04-04 18:37:02.6788052 UTC-05:00] [5208:7148] [FcVpnSched  88   debug] default msg 26
[2026-04-04 18:37:02.6806412 UTC-05:00] [5208:7148] [FcVpnSched  88   debug] default msg 26
[2026-04-04 18:37:02.6824034 UTC-05:00] [5208:7148] [FcVpnSched  88   debug] default msg 26
[2026-04-04 18:37:02.6843015 UTC-05:00] [5208:7148] [FcVpnSched  88   debug] default msg 26
[2026-04-04 18:37:02.6861833 UTC-05:00] [5208:7148] [FcVpnSched  88   debug] default msg 26
[2026-04-04 18:37:02.6880565 UTC-05:00] [5208:7148] [FcVpnSched  88   debug] default msg 26
[2026-04-04 18:37:02.6899221 UTC-05:00] [5208:7148] [FcVpnSched  88   debug] default msg 26
[2026-04-04 18:37:02.6918562 UTC-05:00] [5208:7148] [FcVpnSched  88   debug] default msg 26
[2026-04-04 18:37:02.6937369 UTC-05:00] [5208:7148] [FcVpnSched  88   debug] default msg 26
[2026-04-04 18:37:02.6956254 UTC-05:00] [5208:7148] [FcVpnSched  88   debug] default msg 26
[2026-04-04 18:37:02.6975069 UTC-05:00] [5208:7148] [FcVpnSched  88   debug] default msg 26
[2026-04-04 18:37:02.6996002 UTC-05:00] [5208:7148] [FcVpnSched  88   debug] default msg 26
[2026-04-04 18:37:02.7015245 UTC-05:00] [5208:7148] [FcVpnSched  88   debug] default msg 26
[2026-04-04 18:37:02.7033904 UTC-05:00] [5208:7148] [FcVpnSched  88   debug] default msg 26
[2026-04-04 18:37:02.7051428 UTC-05:00] [5208:7148] [FcVpnSched  88   debug] default msg 26
[2026-04-04 18:37:02.7068206 UTC-05:00] [5208:7148] [FcVpnSched  88   debug] default msg 26
[2026-04-04 18:37:02.7084929 UTC-05:00] [5208:7148] [FcVpnSched  88   debug] default msg 26
[2026-04-04 18:37:02.7101639 UTC-05:00] [5208:7148] [FcVpnSched  88   debug] default msg 26
[2026-04-04 18:37:02.7118335 UTC-05:00] [5208:7148] [FcVpnSched  88   debug] default msg 26
[2026-04-04 18:37:02.7134565 UTC-05:00] [5208:7148] [FcVpnSched  88   debug] default msg 26
[2026-04-04 18:37:02.7160930 UTC-05:00] [5208:7148] [FcVpnSched  88   debug] default msg 26
[2026-04-04 18:37:02.7180148 UTC-05:00] [5208:7148] [FcVpnSched  88   debug] default msg 26
[2026-04-04 18:37:02.7197247 UTC-05:00] [5208:7148] [FcVpnSched  88   debug] default msg 26
[2026-04-04 18:37:02.7215952 UTC-05:00] [5208:7148] [FcVpnSched  88   debug] default msg 26
[2026-04-04 18:37:02.7232904 UTC-05:00] [5208:7148] [FcVpnSched  88   debug] default msg 26
[2026-04-04 18:37:02.7249790 UTC-05:00] [5208:7148] [FcVpnSched  88   debug] default msg 26
[2026-04-04 18:37:02.7266728 UTC-05:00] [5208:7148] [FcVpnSched  88   debug] default msg 26
[2026-04-04 18:37:02.7283328 UTC-05:00] [5208:7148] [FcVpnSched  88   debug] default msg 26
[2026-04-04 18:37:02.7301963 UTC-05:00] [5208:7148] [FcVpnSched  88   debug] default msg 26
[2026-04-04 18:37:02.7322498 UTC-05:00] [5208:7148] [FcVpnSched  88   debug] default msg 26
[2026-04-04 18:37:02.7348520 UTC-05:00] [5208:7148] [FcVpnSched  88   debug] default msg 26
[2026-04-04 18:37:02.7370013 UTC-05:00] [5208:7148] [FcVpnSched  88   debug] default msg 26
[2026-04-04 18:37:02.7391586 UTC-05:00] [5208:7148] [FcVpnSched  88   debug] default msg 26
[2026-04-04 18:37:02.7412838 UTC-05:00] [5208:7148] [FcVpnSched  88   debug] default msg 26
[2026-04-04 18:37:02.7434181 UTC-05:00] [5208:7148] [FcVpnSched  88   debug] default msg 26
[2026-04-04 22:27:02.3519375 UTC-05:00] [5208:7148] [FcVpnSched  88   debug] default msg 30
[2026-04-04 22:27:02.4349972 UTC-05:00] [5208:7148] [FcVpnSched  88   debug] default msg 26
[2026-04-04 22:27:02.4373518 UTC-05:00] [5208:7148] [FcVpnSched  88   debug] default msg 26
[2026-04-04 22:27:02.4391697 UTC-05:00] [5208:7148] [FcVpnSched  88   debug] default msg 26
[2026-04-04 22:27:02.4412928 UTC-05:00] [5208:7148] [FcVpnSched  88   debug] default msg 26
[2026-04-04 22:27:02.4432183 UTC-05:00] [5208:7148] [FcVpnSched  88   debug] default msg 26
[2026-04-04 22:27:02.4451025 UTC-05:00] [5208:7148] [FcVpnSched  88   debug] default msg 26
[2026-04-04 22:27:02.4469914 UTC-05:00] [5208:7148] [FcVpnSched  88   debug] default msg 26
[2026-04-04 22:27:02.4488945 UTC-05:00] [5208:7148] [FcVpnSched  88   debug] default msg 26
[2026-04-04 22:27:02.4507657 UTC-05:00] [5208:7148] [FcVpnSched  88   debug] default msg 26
[2026-04-04 22:27:02.4526978 UTC-05:00] [5208:7148] [FcVpnSched  88   debug] default msg 26
[2026-04-04 22:27:02.4549612 UTC-05:00] [5208:7148] [FcVpnSched  88   debug] default msg 26
[2026-04-04 22:27:02.4566343 UTC-05:00] [5208:7148] [FcVpnSched  88   debug] default msg 26
[2026-04-04 22:27:02.4583320 UTC-05:00] [5208:7148] [FcVpnSched  88   debug] default msg 26
[2026-04-04 22:27:02.4600058 UTC-05:00] [5208:7148] [FcVpnSched  88   debug] default msg 26
[2026-04-04 22:27:02.4616638 UTC-05:00] [5208:7148] [FcVpnSched  88   debug] default msg 26
[2026-04-04 22:27:02.4633219 UTC-05:00] [5208:7148] [FcVpnSched  88   debug] default msg 26
[2026-04-04 22:27:02.4650613 UTC-05:00] [5208:7148] [FcVpnSched  88   debug] default msg 26
[2026-04-04 22:27:02.4669406 UTC-05:00] [5208:7148] [FcVpnSched  88   debug] default msg 26
[2026-04-04 22:27:02.4689230 UTC-05:00] [5208:7148] [FcVpnSched  88   debug] default msg 26
[2026-04-04 22:27:02.4709225 UTC-05:00] [5208:7148] [FcVpnSched  88   debug] default msg 26
[2026-04-04 22:27:02.4728888 UTC-05:00] [5208:7148] [FcVpnSched  88   debug] default msg 26
[2026-04-04 22:27:02.4749142 UTC-05:00] [5208:7148] [FcVpnSched  88   debug] default msg 26
[2026-04-04 22:27:02.4768577 UTC-05:00] [5208:7148] [FcVpnSched  88   debug] default msg 26
[2026-04-04 22:27:02.4787779 UTC-05:00] [5208:7148] [FcVpnSched  88   debug] default msg 26
[2026-04-04 22:27:02.4808062 UTC-05:00] [5208:7148] [FcVpnSched  88   debug] default msg 26
[2026-04-04 22:27:02.4828536 UTC-05:00] [5208:7148] [FcVpnSched  88   debug] default msg 26
[2026-04-04 22:27:02.4847950 UTC-05:00] [5208:7148] [FcVpnSched  88   debug] default msg 26
[2026-04-04 22:27:02.4866584 UTC-05:00] [5208:7148] [FcVpnSched  88   debug] default msg 26
[2026-04-04 22:27:02.4885403 UTC-05:00] [5208:7148] [FcVpnSched  88   debug] default msg 26
[2026-04-04 22:27:02.4904474 UTC-05:00] [5208:7148] [FcVpnSched  88   debug] default msg 26
[2026-04-04 22:27:02.4925407 UTC-05:00] [5208:7148] [FcVpnSched  88   debug] default msg 26
[2026-04-04 22:27:02.4945405 UTC-05:00] [5208:7148] [FcVpnSched  88   debug] default msg 26
[2026-04-04 22:27:02.4964287 UTC-05:00] [5208:7148] [FcVpnSched  88   debug] default msg 26
[2026-04-04 22:27:02.4983176 UTC-05:00] [5208:7148] [FcVpnSched  88   debug] default msg 26
[2026-04-04 22:27:02.5001035 UTC-05:00] [5208:7148] [FcVpnSched  88   debug] default msg 26
[2026-04-04 22:27:02.5018354 UTC-05:00] [5208:7148] [FcVpnSched  88   debug] default msg 26
[2026-04-04 22:27:02.5035429 UTC-05:00] [5208:7148] [FcVpnSched  88   debug] default msg 26
[2026-04-04 22:27:02.5053819 UTC-05:00] [5208:7148] [FcVpnSched  88   debug] default msg 26
[2026-04-04 22:27:02.5073090 UTC-05:00] [5208:7148] [FcVpnSched  88   debug] default msg 26
[2026-04-04 22:27:02.5093160 UTC-05:00] [5208:7148] [FcVpnSched  88   debug] default msg 26
[2026-04-04 22:27:02.5110034 UTC-05:00] [5208:7148] [FcVpnSched  88   debug] default msg 26
[2026-04-04 22:27:02.5127750 UTC-05:00] [5208:7148] [FcVpnSched  88   debug] default msg 26
[2026-04-04 22:27:02.5144836 UTC-05:00] [5208:7148] [FcVpnSched  88   debug] default msg 26
[2026-04-04 22:27:02.5162848 UTC-05:00] [5208:7148] [FcVpnSched  88   debug] default msg 26
[2026-04-04 22:27:02.5180358 UTC-05:00] [5208:7148] [FcVpnSched  88   debug] default msg 26
[2026-04-04 22:27:02.5197321 UTC-05:00] [5208:7148] [FcVpnSched  88   debug] default msg 26
[2026-04-04 22:27:02.5214812 UTC-05:00] [5208:7148] [FcVpnSched  88   debug] default msg 26
[2026-04-04 22:27:02.5231747 UTC-05:00] [5208:7148] [FcVpnSched  88   debug] default msg 26
[2026-04-04 22:27:02.5248767 UTC-05:00] [5208:7148] [FcVpnSched  88   debug] default msg 26
[2026-04-04 22:27:02.5266020 UTC-05:00] [5208:7148] [FcVpnSched  88   debug] default msg 26
[2026-04-04 22:27:02.5284533 UTC-05:00] [5208:7148] [FcVpnSched  88   debug] default msg 26
[2026-04-04 22:27:02.5303836 UTC-05:00] [5208:7148] [FcVpnSched  88   debug] default msg 26
[2026-04-04 22:27:02.5321805 UTC-05:00] [5208:7148] [FcVpnSched  88   debug] default msg 26
[2026-04-04 22:27:02.5338638 UTC-05:00] [5208:7148] [FcVpnSched  88   debug] default msg 26
[2026-04-04 22:27:02.5356249 UTC-05:00] [5208:7148] [FcVpnSched  88   debug] default msg 26
[2026-04-04 22:27:02.5373267 UTC-05:00] [5208:7148] [FcVpnSched  88   debug] default msg 26
[2026-04-04 23:14:01.7938443 UTC-05:00] [5208:7148] [FcVpnSched  88   debug] default msg 30
[2026-04-04 23:14:01.8865538 UTC-05:00] [5208:7148] [FcVpnSched  88   debug] default msg 26
[2026-04-04 23:14:01.8891448 UTC-05:00] [5208:7148] [FcVpnSched  88   debug] default msg 26
[2026-04-04 23:14:01.8913905 UTC-05:00] [5208:7148] [FcVpnSched  88   debug] default msg 26
[2026-04-04 23:14:01.8932987 UTC-05:00] [5208:7148] [FcVpnSched  88   debug] default msg 26
[2026-04-04 23:14:01.8953211 UTC-05:00] [5208:7148] [FcVpnSched  88   debug] default msg 26
[2026-04-04 23:14:01.8973238 UTC-05:00] [5208:7148] [FcVpnSched  88   debug] default msg 26
[2026-04-04 23:14:01.8993185 UTC-05:00] [5208:7148] [FcVpnSched  88   debug] default msg 26
[2026-04-04 23:14:01.9021146 UTC-05:00] [5208:7148] [FcVpnSched  88   debug] default msg 26
[2026-04-04 23:14:01.9044961 UTC-05:00] [5208:7148] [FcVpnSched  88   debug] default msg 26
[2026-04-04 23:14:01.9071313 UTC-05:00] [5208:7148] [FcVpnSched  88   debug] default msg 26
[2026-04-04 23:14:01.9097064 UTC-05:00] [5208:7148] [FcVpnSched  88   debug] default msg 26
[2026-04-04 23:14:01.9118786 UTC-05:00] [5208:7148] [FcVpnSched  88   debug] default msg 26
[2026-04-04 23:14:01.9139092 UTC-05:00] [5208:7148] [FcVpnSched  88   debug] default msg 26
[2026-04-04 23:14:01.9160103 UTC-05:00] [5208:7148] [FcVpnSched  88   debug] default msg 26
[2026-04-04 23:14:01.9186273 UTC-05:00] [5208:7148] [FcVpnSched  88   debug] default msg 26
[2026-04-04 23:14:01.9212728 UTC-05:00] [5208:7148] [FcVpnSched  88   debug] default msg 26
[2026-04-04 23:14:01.9239557 UTC-05:00] [5208:7148] [FcVpnSched  88   debug] default msg 26
[2026-04-04 23:14:01.9264230 UTC-05:00] [5208:7148] [FcVpnSched  88   debug] default msg 26
[2026-04-04 23:14:01.9285719 UTC-05:00] [5208:7148] [FcVpnSched  88   debug] default msg 26
[2026-04-04 23:14:01.9305483 UTC-05:00] [5208:7148] [FcVpnSched  88   debug] default msg 26
[2026-04-04 23:14:01.9326600 UTC-05:00] [5208:7148] [FcVpnSched  88   debug] default msg 26
[2026-04-04 23:14:01.9345682 UTC-05:00] [5208:7148] [FcVpnSched  88   debug] default msg 26
[2026-04-04 23:14:01.9364457 UTC-05:00] [5208:7148] [FcVpnSched  88   debug] default msg 26
[2026-04-04 23:14:01.9383274 UTC-05:00] [5208:7148] [FcVpnSched  88   debug] default msg 26
[2026-04-04 23:14:01.9401842 UTC-05:00] [5208:7148] [FcVpnSched  88   debug] default msg 26
[2026-04-04 23:14:01.9420525 UTC-05:00] [5208:7148] [FcVpnSched  88   debug] default msg 26
[2026-04-04 23:14:01.9439038 UTC-05:00] [5208:7148] [FcVpnSched  88   debug] default msg 26
[2026-04-04 23:14:01.9457536 UTC-05:00] [5208:7148] [FcVpnSched  88   debug] default msg 26
[2026-04-04 23:14:01.9474012 UTC-05:00] [5208:7148] [FcVpnSched  88   debug] default msg 26
[2026-04-04 23:14:01.9491205 UTC-05:00] [5208:7148] [FcVpnSched  88   debug] default msg 26
[2026-04-04 23:14:01.9509590 UTC-05:00] [5208:7148] [FcVpnSched  88   debug] default msg 26
[2026-04-04 23:14:01.9525335 UTC-05:00] [5208:7148] [FcVpnSched  88   debug] default msg 26
[2026-04-04 23:14:01.9541651 UTC-05:00] [5208:7148] [FcVpnSched  88   debug] default msg 26
[2026-04-04 23:14:01.9557859 UTC-05:00] [5208:7148] [FcVpnSched  88   debug] default msg 26
[2026-04-04 23:14:01.9573655 UTC-05:00] [5208:7148] [FcVpnSched  88   debug] default msg 26
[2026-04-04 23:14:01.9589393 UTC-05:00] [5208:7148] [FcVpnSched  88   debug] default msg 26
[2026-04-04 23:14:01.9605054 UTC-05:00] [5208:7148] [FcVpnSched  88   debug] default msg 26
[2026-04-04 23:14:01.9621372 UTC-05:00] [5208:7148] [FcVpnSched  88   debug] default msg 26
[2026-04-04 23:14:01.9638219 UTC-05:00] [5208:7148] [FcVpnSched  88   debug] default msg 26
[2026-04-04 23:14:01.9658601 UTC-05:00] [5208:7148] [FcVpnSched  88   debug] default msg 26
[2026-04-04 23:14:01.9676705 UTC-05:00] [5208:7148] [FcVpnSched  88   debug] default msg 26
[2026-04-04 23:14:01.9693932 UTC-05:00] [5208:7148] [FcVpnSched  88   debug] default msg 26
[2026-04-04 23:14:01.9711428 UTC-05:00] [5208:7148] [FcVpnSched  88   debug] default msg 26
[2026-04-04 23:14:01.9728586 UTC-05:00] [5208:7148] [FcVpnSched  88   debug] default msg 26
[2026-04-04 23:14:01.9746051 UTC-05:00] [5208:7148] [FcVpnSched  88   debug] default msg 26
[2026-04-04 23:14:01.9763429 UTC-05:00] [5208:7148] [FcVpnSched  88   debug] default msg 26
[2026-04-04 23:14:01.9780177 UTC-05:00] [5208:7148] [FcVpnSched  88   debug] default msg 26
[2026-04-04 23:14:01.9798723 UTC-05:00] [5208:7148] [FcVpnSched  88   debug] default msg 26
[2026-04-04 23:14:01.9818303 UTC-05:00] [5208:7148] [FcVpnSched  88   debug] default msg 26
[2026-04-04 23:14:01.9840063 UTC-05:00] [5208:7148] [FcVpnSched  88   debug] default msg 26
[2026-04-04 23:14:01.9862705 UTC-05:00] [5208:7148] [FcVpnSched  88   debug] default msg 26
[2026-04-04 23:14:01.9884159 UTC-05:00] [5208:7148] [FcVpnSched  88   debug] default msg 26
[2026-04-04 23:14:01.9905307 UTC-05:00] [5208:7148] [FcVpnSched  88   debug] default msg 26
[2026-04-04 23:14:01.9926499 UTC-05:00] [5208:7148] [FcVpnSched  88   debug] default msg 26
[2026-04-04 23:14:01.9947000 UTC-05:00] [5208:7148] [FcVpnSched  88   debug] default msg 26
[2026-04-04 23:14:01.9968430 UTC-05:00] [5208:7148] [FcVpnSched  88   debug] default msg 26
[2026-04-05 02:17:02.4827847 UTC-05:00] [5208:7148] [FcVpnSched  88   debug] default msg 30
[2026-04-05 02:17:02.5635814 UTC-05:00] [5208:7148] [FcVpnSched  88   debug] default msg 26
[2026-04-05 02:17:02.5657456 UTC-05:00] [5208:7148] [FcVpnSched  88   debug] default msg 26
[2026-04-05 02:17:02.5676894 UTC-05:00] [5208:7148] [FcVpnSched  88   debug] default msg 26
[2026-04-05 02:17:02.5695401 UTC-05:00] [5208:7148] [FcVpnSched  88   debug] default msg 26
[2026-04-05 02:17:02.5713592 UTC-05:00] [5208:7148] [FcVpnSched  88   debug] default msg 26
[2026-04-05 02:17:02.5733182 UTC-05:00] [5208:7148] [FcVpnSched  88   debug] default msg 26
[2026-04-05 02:17:02.5752365 UTC-05:00] [5208:7148] [FcVpnSched  88   debug] default msg 26
[2026-04-05 02:17:02.5771345 UTC-05:00] [5208:7148] [FcVpnSched  88   debug] default msg 26
[2026-04-05 02:17:02.5790392 UTC-05:00] [5208:7148] [FcVpnSched  88   debug] default msg 26
[2026-04-05 02:17:02.5809537 UTC-05:00] [5208:7148] [FcVpnSched  88   debug] default msg 26
[2026-04-05 02:17:02.5828633 UTC-05:00] [5208:7148] [FcVpnSched  88   debug] default msg 26
[2026-04-05 02:17:02.5847565 UTC-05:00] [5208:7148] [FcVpnSched  88   debug] default msg 26
[2026-04-05 02:17:02.5866810 UTC-05:00] [5208:7148] [FcVpnSched  88   debug] default msg 26
[2026-04-05 02:17:02.5887426 UTC-05:00] [5208:7148] [FcVpnSched  88   debug] default msg 26
[2026-04-05 02:17:02.5905784 UTC-05:00] [5208:7148] [FcVpnSched  88   debug] default msg 26
[2026-04-05 02:17:02.5923689 UTC-05:00] [5208:7148] [FcVpnSched  88   debug] default msg 26
[2026-04-05 02:17:02.5941860 UTC-05:00] [5208:7148] [FcVpnSched  88   debug] default msg 26
[2026-04-05 02:17:02.5959611 UTC-05:00] [5208:7148] [FcVpnSched  88   debug] default msg 26
[2026-04-05 02:17:02.5981873 UTC-05:00] [5208:7148] [FcVpnSched  88   debug] default msg 26
[2026-04-05 02:17:02.6004145 UTC-05:00] [5208:7148] [FcVpnSched  88   debug] default msg 26
[2026-04-05 02:17:02.6027993 UTC-05:00] [5208:7148] [FcVpnSched  88   debug] default msg 26
[2026-04-05 02:17:02.6050987 UTC-05:00] [5208:7148] [FcVpnSched  88   debug] default msg 26
[2026-04-05 02:17:02.6070146 UTC-05:00] [5208:7148] [FcVpnSched  88   debug] default msg 26
[2026-04-05 02:17:02.6088634 UTC-05:00] [5208:7148] [FcVpnSched  88   debug] default msg 26
[2026-04-05 02:17:02.6106658 UTC-05:00] [5208:7148] [FcVpnSched  88   debug] default msg 26
[2026-04-05 02:17:02.6124862 UTC-05:00] [5208:7148] [FcVpnSched  88   debug] default msg 26
[2026-04-05 02:17:02.6142751 UTC-05:00] [5208:7148] [FcVpnSched  88   debug] default msg 26
[2026-04-05 02:17:02.6161018 UTC-05:00] [5208:7148] [FcVpnSched  88   debug] default msg 26
[2026-04-05 02:17:02.6180303 UTC-05:00] [5208:7148] [FcVpnSched  88   debug] default msg 26
[2026-04-05 02:17:02.6200494 UTC-05:00] [5208:7148] [FcVpnSched  88   debug] default msg 26
[2026-04-05 02:17:02.6219072 UTC-05:00] [5208:7148] [FcVpnSched  88   debug] default msg 26
[2026-04-05 02:17:02.6237245 UTC-05:00] [5208:7148] [FcVpnSched  88   debug] default msg 26
[2026-04-05 02:17:02.6255551 UTC-05:00] [5208:7148] [FcVpnSched  88   debug] default msg 26
[2026-04-05 02:17:02.6273946 UTC-05:00] [5208:7148] [FcVpnSched  88   debug] default msg 26
[2026-04-05 02:17:02.6292492 UTC-05:00] [5208:7148] [FcVpnSched  88   debug] default msg 26
[2026-04-05 02:17:02.6310556 UTC-05:00] [5208:7148] [FcVpnSched  88   debug] default msg 26
[2026-04-05 02:17:02.6328735 UTC-05:00] [5208:7148] [FcVpnSched  88   debug] default msg 26
[2026-04-05 02:17:02.6348235 UTC-05:00] [5208:7148] [FcVpnSched  88   debug] default msg 26
[2026-04-05 02:17:02.6367078 UTC-05:00] [5208:7148] [FcVpnSched  88   debug] default msg 26
[2026-04-05 02:17:02.6386069 UTC-05:00] [5208:7148] [FcVpnSched  88   debug] default msg 26
[2026-04-05 02:17:02.6404198 UTC-05:00] [5208:7148] [FcVpnSched  88   debug] default msg 26
[2026-04-05 02:17:02.6421977 UTC-05:00] [5208:7148] [FcVpnSched  88   debug] default msg 26
[2026-04-05 02:17:02.6440434 UTC-05:00] [5208:7148] [FcVpnSched  88   debug] default msg 26
[2026-04-05 02:17:02.6458252 UTC-05:00] [5208:7148] [FcVpnSched  88   debug] default msg 26
[2026-04-05 02:17:02.6475924 UTC-05:00] [5208:7148] [FcVpnSched  88   debug] default msg 26
[2026-04-05 02:17:02.6495107 UTC-05:00] [5208:7148] [FcVpnSched  88   debug] default msg 26
[2026-04-05 02:17:02.6514190 UTC-05:00] [5208:7148] [FcVpnSched  88   debug] default msg 26
[2026-04-05 02:17:02.6534613 UTC-05:00] [5208:7148] [FcVpnSched  88   debug] default msg 26
[2026-04-05 02:17:02.6553170 UTC-05:00] [5208:7148] [FcVpnSched  88   debug] default msg 26
[2026-04-05 02:17:02.6571371 UTC-05:00] [5208:7148] [FcVpnSched  88   debug] default msg 26
[2026-04-05 02:17:02.6589808 UTC-05:00] [5208:7148] [FcVpnSched  88   debug] default msg 26
[2026-04-05 02:17:02.6607823 UTC-05:00] [5208:7148] [FcVpnSched  88   debug] default msg 26
[2026-04-05 02:17:02.6625431 UTC-05:00] [5208:7148] [FcVpnSched  88   debug] default msg 26
[2026-04-05 02:17:02.6642822 UTC-05:00] [5208:7148] [FcVpnSched  88   debug] default msg 26
[2026-04-05 02:17:02.6661431 UTC-05:00] [5208:7148] [FcVpnSched  88   debug] default msg 26
[2026-04-05 02:17:02.6679385 UTC-05:00] [5208:7148] [FcVpnSched  88   debug] default msg 26
[2026-04-05 06:07:01.9644588 UTC-05:00] [5208:7148] [FcVpnSched  88   debug] default msg 30
[2026-04-05 06:07:02.0465486 UTC-05:00] [5208:7148] [FcVpnSched  88   debug] default msg 26
[2026-04-05 06:07:02.0486369 UTC-05:00] [5208:7148] [FcVpnSched  88   debug] default msg 26
[2026-04-05 06:07:02.0505179 UTC-05:00] [5208:7148] [FcVpnSched  88   debug] default msg 26
[2026-04-05 06:07:02.0523989 UTC-05:00] [5208:7148] [FcVpnSched  88   debug] default msg 26
[2026-04-05 06:07:02.0542426 UTC-05:00] [5208:7148] [FcVpnSched  88   debug] default msg 26
[2026-04-05 06:07:02.0561294 UTC-05:00] [5208:7148] [FcVpnSched  88   debug] default msg 26
[2026-04-05 06:07:02.0579208 UTC-05:00] [5208:7148] [FcVpnSched  88   debug] default msg 26
[2026-04-05 06:07:02.0597780 UTC-05:00] [5208:7148] [FcVpnSched  88   debug] default msg 26
[2026-04-05 06:07:02.0617132 UTC-05:00] [5208:7148] [FcVpnSched  88   debug] default msg 26
[2026-04-05 06:07:02.0639244 UTC-05:00] [5208:7148] [FcVpnSched  88   debug] default msg 26
[2026-04-05 06:07:02.0655705 UTC-05:00] [5208:7148] [FcVpnSched  88   debug] default msg 26
[2026-04-05 06:07:02.0672265 UTC-05:00] [5208:7148] [FcVpnSched  88   debug] default msg 26
[2026-04-05 06:07:02.0688353 UTC-05:00] [5208:7148] [FcVpnSched  88   debug] default msg 26
[2026-04-05 06:07:02.0704400 UTC-05:00] [5208:7148] [FcVpnSched  88   debug] default msg 26
[2026-04-05 06:07:02.0720503 UTC-05:00] [5208:7148] [FcVpnSched  88   debug] default msg 26
[2026-04-05 06:07:02.0736278 UTC-05:00] [5208:7148] [FcVpnSched  88   debug] default msg 26
[2026-04-05 06:07:02.0756247 UTC-05:00] [5208:7148] [FcVpnSched  88   debug] default msg 26
[2026-04-05 06:07:02.0773504 UTC-05:00] [5208:7148] [FcVpnSched  88   debug] default msg 26
[2026-04-05 06:07:02.0789807 UTC-05:00] [5208:7148] [FcVpnSched  88   debug] default msg 26
[2026-04-05 06:07:02.0805739 UTC-05:00] [5208:7148] [FcVpnSched  88   debug] default msg 26
[2026-04-05 06:07:02.0821619 UTC-05:00] [5208:7148] [FcVpnSched  88   debug] default msg 26
[2026-04-05 06:07:02.0837617 UTC-05:00] [5208:7148] [FcVpnSched  88   debug] default msg 26
[2026-04-05 06:07:02.0853555 UTC-05:00] [5208:7148] [FcVpnSched  88   debug] default msg 26
[2026-04-05 06:07:02.0869500 UTC-05:00] [5208:7148] [FcVpnSched  88   debug] default msg 26
[2026-04-05 06:07:02.0885304 UTC-05:00] [5208:7148] [FcVpnSched  88   debug] default msg 26
[2026-04-05 06:07:02.0901216 UTC-05:00] [5208:7148] [FcVpnSched  88   debug] default msg 26
[2026-04-05 06:07:02.0917568 UTC-05:00] [5208:7148] [FcVpnSched  88   debug] default msg 26
[2026-04-05 06:07:02.0933587 UTC-05:00] [5208:7148] [FcVpnSched  88   debug] default msg 26
[2026-04-05 06:07:02.0949686 UTC-05:00] [5208:7148] [FcVpnSched  88   debug] default msg 26
[2026-04-05 06:07:02.0965582 UTC-05:00] [5208:7148] [FcVpnSched  88   debug] default msg 26
[2026-04-05 06:07:02.0981603 UTC-05:00] [5208:7148] [FcVpnSched  88   debug] default msg 26
[2026-04-05 06:07:02.0997748 UTC-05:00] [5208:7148] [FcVpnSched  88   debug] default msg 26
[2026-04-05 06:07:02.1013832 UTC-05:00] [5208:7148] [FcVpnSched  88   debug] default msg 26
[2026-04-05 06:07:02.1029659 UTC-05:00] [5208:7148] [FcVpnSched  88   debug] default msg 26
[2026-04-05 06:07:02.1045753 UTC-05:00] [5208:7148] [FcVpnSched  88   debug] default msg 26
[2026-04-05 06:07:02.1062617 UTC-05:00] [5208:7148] [FcVpnSched  88   debug] default msg 26
[2026-04-05 06:07:02.1079914 UTC-05:00] [5208:7148] [FcVpnSched  88   debug] default msg 26
[2026-04-05 06:07:02.1096052 UTC-05:00] [5208:7148] [FcVpnSched  88   debug] default msg 26
[2026-04-05 06:07:02.1111873 UTC-05:00] [5208:7148] [FcVpnSched  88   debug] default msg 26
[2026-04-05 06:07:02.1127711 UTC-05:00] [5208:7148] [FcVpnSched  88   debug] default msg 26
[2026-04-05 06:07:02.1143730 UTC-05:00] [5208:7148] [FcVpnSched  88   debug] default msg 26
[2026-04-05 06:07:02.1159564 UTC-05:00] [5208:7148] [FcVpnSched  88   debug] default msg 26
[2026-04-05 06:07:02.1175415 UTC-05:00] [5208:7148] [FcVpnSched  88   debug] default msg 26
[2026-04-05 06:07:02.1191206 UTC-05:00] [5208:7148] [FcVpnSched  88   debug] default msg 26
[2026-04-05 06:07:02.1207150 UTC-05:00] [5208:7148] [FcVpnSched  88   debug] default msg 26
[2026-04-05 06:07:02.1223523 UTC-05:00] [5208:7148] [FcVpnSched  88   debug] default msg 26
[2026-04-05 06:07:02.1241527 UTC-05:00] [5208:7148] [FcVpnSched  88   debug] default msg 26
[2026-04-05 06:07:02.1257645 UTC-05:00] [5208:7148] [FcVpnSched  88   debug] default msg 26
[2026-04-05 06:07:02.1273502 UTC-05:00] [5208:7148] [FcVpnSched  88   debug] default msg 26
[2026-04-05 06:07:02.1289951 UTC-05:00] [5208:7148] [FcVpnSched  88   debug] default msg 26
[2026-04-05 06:07:02.1305913 UTC-05:00] [5208:7148] [FcVpnSched  88   debug] default msg 26
[2026-04-05 06:07:02.1321985 UTC-05:00] [5208:7148] [FcVpnSched  88   debug] default msg 26
[2026-04-05 06:07:02.1337891 UTC-05:00] [5208:7148] [FcVpnSched  88   debug] default msg 26
[2026-04-05 06:07:02.1353778 UTC-05:00] [5208:7148] [FcVpnSched  88   debug] default msg 26
[2026-04-05 06:07:02.1369401 UTC-05:00] [5208:7148] [FcVpnSched  88   debug] default msg 26
[2026-04-05 06:07:02.1385549 UTC-05:00] [5208:7148] [FcVpnSched  88   debug] default msg 26
[2026-04-05 07:14:02.6533938 UTC-05:00] [5208:7148] [FcVpnSched  88   debug] default msg 30
[2026-04-05 07:14:02.7356204 UTC-05:00] [5208:7148] [FcVpnSched  88   debug] default msg 26
[2026-04-05 07:14:02.7384828 UTC-05:00] [5208:7148] [FcVpnSched  88   debug] default msg 26
[2026-04-05 07:14:02.7403049 UTC-05:00] [5208:7148] [FcVpnSched  88   debug] default msg 26
[2026-04-05 07:14:02.7421388 UTC-05:00] [5208:7148] [FcVpnSched  88   debug] default msg 26
[2026-04-05 07:14:02.7439018 UTC-05:00] [5208:7148] [FcVpnSched  88   debug] default msg 26
[2026-04-05 07:14:02.7458234 UTC-05:00] [5208:7148] [FcVpnSched  88   debug] default msg 26
[2026-04-05 07:14:02.7477332 UTC-05:00] [5208:7148] [FcVpnSched  88   debug] default msg 26
[2026-04-05 07:14:02.7494793 UTC-05:00] [5208:7148] [FcVpnSched  88   debug] default msg 26
[2026-04-05 07:14:02.7512265 UTC-05:00] [5208:7148] [FcVpnSched  88   debug] default msg 26
[2026-04-05 07:14:02.7530043 UTC-05:00] [5208:7148] [FcVpnSched  88   debug] default msg 26
[2026-04-05 07:14:02.7547565 UTC-05:00] [5208:7148] [FcVpnSched  88   debug] default msg 26
[2026-04-05 07:14:02.7565187 UTC-05:00] [5208:7148] [FcVpnSched  88   debug] default msg 26
[2026-04-05 07:14:02.7583069 UTC-05:00] [5208:7148] [FcVpnSched  88   debug] default msg 26
[2026-04-05 07:14:02.7600494 UTC-05:00] [5208:7148] [FcVpnSched  88   debug] default msg 26
[2026-04-05 07:14:02.7620229 UTC-05:00] [5208:7148] [FcVpnSched  88   debug] default msg 26
[2026-04-05 07:14:02.7637834 UTC-05:00] [5208:7148] [FcVpnSched  88   debug] default msg 26
[2026-04-05 07:14:02.7656624 UTC-05:00] [5208:7148] [FcVpnSched  88   debug] default msg 26
[2026-04-05 07:14:02.7674232 UTC-05:00] [5208:7148] [FcVpnSched  88   debug] default msg 26
[2026-04-05 07:14:02.7691772 UTC-05:00] [5208:7148] [FcVpnSched  88   debug] default msg 26
[2026-04-05 07:14:02.7709765 UTC-05:00] [5208:7148] [FcVpnSched  88   debug] default msg 26
[2026-04-05 07:14:02.7727065 UTC-05:00] [5208:7148] [FcVpnSched  88   debug] default msg 26
[2026-04-05 07:14:02.7744310 UTC-05:00] [5208:7148] [FcVpnSched  88   debug] default msg 26
[2026-04-05 07:14:02.7761385 UTC-05:00] [5208:7148] [FcVpnSched  88   debug] default msg 26
[2026-04-05 07:14:02.7779213 UTC-05:00] [5208:7148] [FcVpnSched  88   debug] default msg 26
[2026-04-05 07:14:02.7796967 UTC-05:00] [5208:7148] [FcVpnSched  88   debug] default msg 26
[2026-04-05 07:14:02.7814510 UTC-05:00] [5208:7148] [FcVpnSched  88   debug] default msg 26
[2026-04-05 07:14:02.7831889 UTC-05:00] [5208:7148] [FcVpnSched  88   debug] default msg 26
[2026-04-05 07:14:02.7849525 UTC-05:00] [5208:7148] [FcVpnSched  88   debug] default msg 26
[2026-04-05 07:14:02.7866956 UTC-05:00] [5208:7148] [FcVpnSched  88   debug] default msg 26
[2026-04-05 07:14:02.7884382 UTC-05:00] [5208:7148] [FcVpnSched  88   debug] default msg 26
[2026-04-05 07:14:02.7901771 UTC-05:00] [5208:7148] [FcVpnSched  88   debug] default msg 26
[2026-04-05 07:14:02.7919763 UTC-05:00] [5208:7148] [FcVpnSched  88   debug] default msg 26
[2026-04-05 07:14:02.7937855 UTC-05:00] [5208:7148] [FcVpnSched  88   debug] default msg 26
[2026-04-05 07:14:02.7955226 UTC-05:00] [5208:7148] [FcVpnSched  88   debug] default msg 26
[2026-04-05 07:14:02.7973122 UTC-05:00] [5208:7148] [FcVpnSched  88   debug] default msg 26
[2026-04-05 07:14:02.7990008 UTC-05:00] [5208:7148] [FcVpnSched  88   debug] default msg 26
[2026-04-05 07:14:02.8007365 UTC-05:00] [5208:7148] [FcVpnSched  88   debug] default msg 26
[2026-04-05 07:14:02.8024761 UTC-05:00] [5208:7148] [FcVpnSched  88   debug] default msg 26
[2026-04-05 07:14:02.8041624 UTC-05:00] [5208:7148] [FcVpnSched  88   debug] default msg 26
[2026-04-05 07:14:02.8058625 UTC-05:00] [5208:7148] [FcVpnSched  88   debug] default msg 26
[2026-04-05 07:14:02.8075773 UTC-05:00] [5208:7148] [FcVpnSched  88   debug] default msg 26
[2026-04-05 07:14:02.8093586 UTC-05:00] [5208:7148] [FcVpnSched  88   debug] default msg 26
[2026-04-05 07:14:02.8110830 UTC-05:00] [5208:7148] [FcVpnSched  88   debug] default msg 26
[2026-04-05 07:14:02.8128489 UTC-05:00] [5208:7148] [FcVpnSched  88   debug] default msg 26
[2026-04-05 07:14:02.8145540 UTC-05:00] [5208:7148] [FcVpnSched  88   debug] default msg 26
[2026-04-05 07:14:02.8163201 UTC-05:00] [5208:7148] [FcVpnSched  88   debug] default msg 26
[2026-04-05 07:14:02.8180343 UTC-05:00] [5208:7148] [FcVpnSched  88   debug] default msg 26
[2026-04-05 07:14:02.8197544 UTC-05:00] [5208:7148] [FcVpnSched  88   debug] default msg 26
[2026-04-05 07:14:02.8214379 UTC-05:00] [5208:7148] [FcVpnSched  88   debug] default msg 26
[2026-04-05 07:14:02.8231289 UTC-05:00] [5208:7148] [FcVpnSched  88   debug] default msg 26
[2026-04-05 07:14:02.8248838 UTC-05:00] [5208:7148] [FcVpnSched  88   debug] default msg 26
[2026-04-05 07:14:02.8265952 UTC-05:00] [5208:7148] [FcVpnSched  88   debug] default msg 26
[2026-04-05 07:14:02.8283620 UTC-05:00] [5208:7148] [FcVpnSched  88   debug] default msg 26
[2026-04-05 07:14:02.8300920 UTC-05:00] [5208:7148] [FcVpnSched  88   debug] default msg 26
[2026-04-05 07:14:02.8318063 UTC-05:00] [5208:7148] [FcVpnSched  88   debug] default msg 26
[2026-04-05 07:14:02.8335368 UTC-05:00] [5208:7148] [FcVpnSched  88   debug] default msg 26
[2026-04-05 09:57:02.2483894 UTC-05:00] [5208:7148] [FcVpnSched  88   debug] default msg 30
[2026-04-05 09:57:02.3389169 UTC-05:00] [5208:7148] [FcVpnSched  88   debug] default msg 26
[2026-04-05 09:57:02.3414262 UTC-05:00] [5208:7148] [FcVpnSched  88   debug] default msg 26
[2026-04-05 09:57:02.3438861 UTC-05:00] [5208:7148] [FcVpnSched  88   debug] default msg 26
[2026-04-05 09:57:02.3462887 UTC-05:00] [5208:7148] [FcVpnSched  88   debug] default msg 26
[2026-04-05 09:57:02.3490548 UTC-05:00] [5208:7148] [FcVpnSched  88   debug] default msg 26
[2026-04-05 09:57:02.3515195 UTC-05:00] [5208:7148] [FcVpnSched  88   debug] default msg 26
[2026-04-05 09:57:02.3533916 UTC-05:00] [5208:7148] [FcVpnSched  88   debug] default msg 26
[2026-04-05 09:57:02.3550352 UTC-05:00] [5208:7148] [FcVpnSched  88   debug] default msg 26
[2026-04-05 09:57:02.3566328 UTC-05:00] [5208:7148] [FcVpnSched  88   debug] default msg 26
[2026-04-05 09:57:02.3584208 UTC-05:00] [5208:7148] [FcVpnSched  88   debug] default msg 26
[2026-04-05 09:57:02.3601065 UTC-05:00] [5208:7148] [FcVpnSched  88   debug] default msg 26
[2026-04-05 09:57:02.3617888 UTC-05:00] [5208:7148] [FcVpnSched  88   debug] default msg 26
[2026-04-05 09:57:02.3635436 UTC-05:00] [5208:7148] [FcVpnSched  88   debug] default msg 26
[2026-04-05 09:57:02.3653518 UTC-05:00] [5208:7148] [FcVpnSched  88   debug] default msg 26
[2026-04-05 09:57:02.3670841 UTC-05:00] [5208:7148] [FcVpnSched  88   debug] default msg 26
[2026-04-05 09:57:02.3688702 UTC-05:00] [5208:7148] [FcVpnSched  88   debug] default msg 26
[2026-04-05 09:57:02.3705918 UTC-05:00] [5208:7148] [FcVpnSched  88   debug] default msg 26
[2026-04-05 09:57:02.3723497 UTC-05:00] [5208:7148] [FcVpnSched  88   debug] default msg 26
[2026-04-05 09:57:02.3742314 UTC-05:00] [5208:7148] [FcVpnSched  88   debug] default msg 26
[2026-04-05 09:57:02.3760368 UTC-05:00] [5208:7148] [FcVpnSched  88   debug] default msg 26
[2026-04-05 09:57:02.3778392 UTC-05:00] [5208:7148] [FcVpnSched  88   debug] default msg 26
[2026-04-05 09:57:02.3797124 UTC-05:00] [5208:7148] [FcVpnSched  88   debug] default msg 26
[2026-04-05 09:57:02.3815420 UTC-05:00] [5208:7148] [FcVpnSched  88   debug] default msg 26
[2026-04-05 09:57:02.3832011 UTC-05:00] [5208:7148] [FcVpnSched  88   debug] default msg 26
[2026-04-05 09:57:02.3848168 UTC-05:00] [5208:7148] [FcVpnSched  88   debug] default msg 26
[2026-04-05 09:57:02.3863621 UTC-05:00] [5208:7148] [FcVpnSched  88   debug] default msg 26
[2026-04-05 09:57:02.3879044 UTC-05:00] [5208:7148] [FcVpnSched  88   debug] default msg 26
[2026-04-05 09:57:02.3897416 UTC-05:00] [5208:7148] [FcVpnSched  88   debug] default msg 26
[2026-04-05 09:57:02.3918131 UTC-05:00] [5208:7148] [FcVpnSched  88   debug] default msg 26
[2026-04-05 09:57:02.3937506 UTC-05:00] [5208:7148] [FcVpnSched  88   debug] default msg 26
[2026-04-05 09:57:02.3956559 UTC-05:00] [5208:7148] [FcVpnSched  88   debug] default msg 26
[2026-04-05 09:57:02.3975475 UTC-05:00] [5208:7148] [FcVpnSched  88   debug] default msg 26
[2026-04-05 09:57:02.3993962 UTC-05:00] [5208:7148] [FcVpnSched  88   debug] default msg 26
[2026-04-05 09:57:02.4012956 UTC-05:00] [5208:7148] [FcVpnSched  88   debug] default msg 26
[2026-04-05 09:57:02.4031274 UTC-05:00] [5208:7148] [FcVpnSched  88   debug] default msg 26
[2026-04-05 09:57:02.4049922 UTC-05:00] [5208:7148] [FcVpnSched  88   debug] default msg 26
[2026-04-05 09:57:02.4068337 UTC-05:00] [5208:7148] [FcVpnSched  88   debug] default msg 26
[2026-04-05 09:57:02.4086676 UTC-05:00] [5208:7148] [FcVpnSched  88   debug] default msg 26
[2026-04-05 09:57:02.4105071 UTC-05:00] [5208:7148] [FcVpnSched  88   debug] default msg 26
[2026-04-05 09:57:02.4123291 UTC-05:00] [5208:7148] [FcVpnSched  88   debug] default msg 26
[2026-04-05 09:57:02.4142342 UTC-05:00] [5208:7148] [FcVpnSched  88   debug] default msg 26
[2026-04-05 09:57:02.4160557 UTC-05:00] [5208:7148] [FcVpnSched  88   debug] default msg 26
[2026-04-05 09:57:02.4178817 UTC-05:00] [5208:7148] [FcVpnSched  88   debug] default msg 26
[2026-04-05 09:57:02.4197706 UTC-05:00] [5208:7148] [FcVpnSched  88   debug] default msg 26
[2026-04-05 09:57:02.4216932 UTC-05:00] [5208:7148] [FcVpnSched  88   debug] default msg 26
[2026-04-05 09:57:02.4233418 UTC-05:00] [5208:7148] [FcVpnSched  88   debug] default msg 26
[2026-04-05 09:57:02.4249997 UTC-05:00] [5208:7148] [FcVpnSched  88   debug] default msg 26
[2026-04-05 09:57:02.4266365 UTC-05:00] [5208:7148] [FcVpnSched  88   debug] default msg 26
[2026-04-05 09:57:02.4282623 UTC-05:00] [5208:7148] [FcVpnSched  88   debug] default msg 26
[2026-04-05 09:57:02.4299013 UTC-05:00] [5208:7148] [FcVpnSched  88   debug] default msg 26
[2026-04-05 09:57:02.4315371 UTC-05:00] [5208:7148] [FcVpnSched  88   debug] default msg 26
[2026-04-05 09:57:02.4331755 UTC-05:00] [5208:7148] [FcVpnSched  88   debug] default msg 26
[2026-04-05 09:57:02.4348772 UTC-05:00] [5208:7148] [FcVpnSched  88   debug] default msg 26
[2026-04-05 09:57:02.4366326 UTC-05:00] [5208:7148] [FcVpnSched  88   debug] default msg 26
[2026-04-05 09:57:02.4384262 UTC-05:00] [5208:7148] [FcVpnSched  88   debug] default msg 26
[2026-04-05 09:57:02.4402224 UTC-05:00] [5208:7148] [FcVpnSched  88   debug] default msg 26
[2026-04-05 13:47:01.6852538 UTC-05:00] [5208:7148] [FcVpnSched  88   debug] default msg 30
[2026-04-05 13:47:01.7631476 UTC-05:00] [5208:7148] [FcVpnSched  88   debug] default msg 26
[2026-04-05 13:47:01.7669408 UTC-05:00] [5208:7148] [FcVpnSched  88   debug] default msg 26
[2026-04-05 13:47:01.7690653 UTC-05:00] [5208:7148] [FcVpnSched  88   debug] default msg 26
[2026-04-05 13:47:01.7710733 UTC-05:00] [5208:7148] [FcVpnSched  88   debug] default msg 26
[2026-04-05 13:47:01.7730500 UTC-05:00] [5208:7148] [FcVpnSched  88   debug] default msg 26
[2026-04-05 13:47:01.7750404 UTC-05:00] [5208:7148] [FcVpnSched  88   debug] default msg 26
[2026-04-05 13:47:01.7769504 UTC-05:00] [5208:7148] [FcVpnSched  88   debug] default msg 26
[2026-04-05 13:47:01.7796102 UTC-05:00] [5208:7148] [FcVpnSched  88   debug] default msg 26
[2026-04-05 13:47:01.7824398 UTC-05:00] [5208:7148] [FcVpnSched  88   debug] default msg 26
[2026-04-05 13:47:01.7854881 UTC-05:00] [5208:7148] [FcVpnSched  88   debug] default msg 26
[2026-04-05 13:47:01.7881236 UTC-05:00] [5208:7148] [FcVpnSched  88   debug] default msg 26
[2026-04-05 13:47:01.7906467 UTC-05:00] [5208:7148] [FcVpnSched  88   debug] default msg 26
[2026-04-05 13:47:01.7929830 UTC-05:00] [5208:7148] [FcVpnSched  88   debug] default msg 26
[2026-04-05 13:47:01.7952994 UTC-05:00] [5208:7148] [FcVpnSched  88   debug] default msg 26
[2026-04-05 13:47:01.7974944 UTC-05:00] [5208:7148] [FcVpnSched  88   debug] default msg 26
[2026-04-05 13:47:01.7997478 UTC-05:00] [5208:7148] [FcVpnSched  88   debug] default msg 26
[2026-04-05 13:47:01.8025503 UTC-05:00] [5208:7148] [FcVpnSched  88   debug] default msg 26
[2026-04-05 13:47:01.8049780 UTC-05:00] [5208:7148] [FcVpnSched  88   debug] default msg 26
[2026-04-05 13:47:01.8072335 UTC-05:00] [5208:7148] [FcVpnSched  88   debug] default msg 26
[2026-04-05 13:47:01.8098354 UTC-05:00] [5208:7148] [FcVpnSched  88   debug] default msg 26
[2026-04-05 13:47:01.8123518 UTC-05:00] [5208:7148] [FcVpnSched  88   debug] default msg 26
[2026-04-05 13:47:01.8150111 UTC-05:00] [5208:7148] [FcVpnSched  88   debug] default msg 26
[2026-04-05 13:47:01.8170245 UTC-05:00] [5208:7148] [FcVpnSched  88   debug] default msg 26
[2026-04-05 13:47:01.8191914 UTC-05:00] [5208:7148] [FcVpnSched  88   debug] default msg 26
[2026-04-05 13:47:01.8213883 UTC-05:00] [5208:7148] [FcVpnSched  88   debug] default msg 26
[2026-04-05 13:47:01.8233979 UTC-05:00] [5208:7148] [FcVpnSched  88   debug] default msg 26
[2026-04-05 13:47:01.8261342 UTC-05:00] [5208:7148] [FcVpnSched  88   debug] default msg 26
[2026-04-05 13:47:01.8289002 UTC-05:00] [5208:7148] [FcVpnSched  88   debug] default msg 26
[2026-04-05 13:47:01.8319771 UTC-05:00] [5208:7148] [FcVpnSched  88   debug] default msg 26
[2026-04-05 13:47:01.8342551 UTC-05:00] [5208:7148] [FcVpnSched  88   debug] default msg 26
[2026-04-05 13:47:01.8363349 UTC-05:00] [5208:7148] [FcVpnSched  88   debug] default msg 26
[2026-04-05 13:47:01.8384120 UTC-05:00] [5208:7148] [FcVpnSched  88   debug] default msg 26
[2026-04-05 13:47:01.8407830 UTC-05:00] [5208:7148] [FcVpnSched  88   debug] default msg 26
[2026-04-05 13:47:01.8428745 UTC-05:00] [5208:7148] [FcVpnSched  88   debug] default msg 26
[2026-04-05 13:47:01.8456888 UTC-05:00] [5208:7148] [FcVpnSched  88   debug] default msg 26
[2026-04-05 13:47:01.8480440 UTC-05:00] [5208:7148] [FcVpnSched  88   debug] default msg 26
[2026-04-05 13:47:01.8502879 UTC-05:00] [5208:7148] [FcVpnSched  88   debug] default msg 26
[2026-04-05 13:47:01.8526671 UTC-05:00] [5208:7148] [FcVpnSched  88   debug] default msg 26
[2026-04-05 13:47:01.8548050 UTC-05:00] [5208:7148] [FcVpnSched  88   debug] default msg 26
[2026-04-05 13:47:01.8570015 UTC-05:00] [5208:7148] [FcVpnSched  88   debug] default msg 26
[2026-04-05 13:47:01.8592682 UTC-05:00] [5208:7148] [FcVpnSched  88   debug] default msg 26
[2026-04-05 13:47:01.8617829 UTC-05:00] [5208:7148] [FcVpnSched  88   debug] default msg 26
[2026-04-05 13:47:01.8645685 UTC-05:00] [5208:7148] [FcVpnSched  88   debug] default msg 26
[2026-04-05 13:47:01.8671295 UTC-05:00] [5208:7148] [FcVpnSched  88   debug] default msg 26
[2026-04-05 13:47:01.8697801 UTC-05:00] [5208:7148] [FcVpnSched  88   debug] default msg 26
[2026-04-05 13:47:01.8730943 UTC-05:00] [5208:7148] [FcVpnSched  88   debug] default msg 26
[2026-04-05 13:47:01.8759975 UTC-05:00] [5208:7148] [FcVpnSched  88   debug] default msg 26
[2026-04-05 13:47:01.8784943 UTC-05:00] [5208:7148] [FcVpnSched  88   debug] default msg 26
[2026-04-05 13:47:01.8805708 UTC-05:00] [5208:7148] [FcVpnSched  88   debug] default msg 26
[2026-04-05 13:47:01.8824426 UTC-05:00] [5208:7148] [FcVpnSched  88   debug] default msg 26
[2026-04-05 13:47:01.8843202 UTC-05:00] [5208:7148] [FcVpnSched  88   debug] default msg 26
[2026-04-05 13:47:01.8865380 UTC-05:00] [5208:7148] [FcVpnSched  88   debug] default msg 26
[2026-04-05 13:47:01.8887857 UTC-05:00] [5208:7148] [FcVpnSched  88   debug] default msg 26
[2026-04-05 13:47:01.8907059 UTC-05:00] [5208:7148] [FcVpnSched  88   debug] default msg 26
[2026-04-05 13:47:01.8925882 UTC-05:00] [5208:7148] [FcVpnSched  88   debug] default msg 26
[2026-04-05 13:47:01.8943997 UTC-05:00] [5208:7148] [FcVpnSched  88   debug] default msg 26
[2026-04-05 15:14:02.2940701 UTC-05:00] [5208:7148] [FcVpnSched  88   debug] default msg 30
[2026-04-05 15:14:02.3716873 UTC-05:00] [5208:7148] [FcVpnSched  88   debug] default msg 26
[2026-04-05 15:14:02.3738031 UTC-05:00] [5208:7148] [FcVpnSched  88   debug] default msg 26
[2026-04-05 15:14:02.3756128 UTC-05:00] [5208:7148] [FcVpnSched  88   debug] default msg 26
[2026-04-05 15:14:02.3774996 UTC-05:00] [5208:7148] [FcVpnSched  88   debug] default msg 26
[2026-04-05 15:14:02.3796715 UTC-05:00] [5208:7148] [FcVpnSched  88   debug] default msg 26
[2026-04-05 15:14:02.3825580 UTC-05:00] [5208:7148] [FcVpnSched  88   debug] default msg 26
[2026-04-05 15:14:02.3858825 UTC-05:00] [5208:7148] [FcVpnSched  88   debug] default msg 26
[2026-04-05 15:14:02.3879625 UTC-05:00] [5208:7148] [FcVpnSched  88   debug] default msg 26
[2026-04-05 15:14:02.3899285 UTC-05:00] [5208:7148] [FcVpnSched  88   debug] default msg 26
[2026-04-05 15:14:02.3918289 UTC-05:00] [5208:7148] [FcVpnSched  88   debug] default msg 26
[2026-04-05 15:14:02.3939027 UTC-05:00] [5208:7148] [FcVpnSched  88   debug] default msg 26
[2026-04-05 15:14:02.3958201 UTC-05:00] [5208:7148] [FcVpnSched  88   debug] default msg 26
[2026-04-05 15:14:02.3976955 UTC-05:00] [5208:7148] [FcVpnSched  88   debug] default msg 26
[2026-04-05 15:14:02.3994713 UTC-05:00] [5208:7148] [FcVpnSched  88   debug] default msg 26
[2026-04-05 15:14:02.4014864 UTC-05:00] [5208:7148] [FcVpnSched  88   debug] default msg 26
[2026-04-05 15:14:02.4032896 UTC-05:00] [5208:7148] [FcVpnSched  88   debug] default msg 26
[2026-04-05 15:14:02.4050520 UTC-05:00] [5208:7148] [FcVpnSched  88   debug] default msg 26
[2026-04-05 15:14:02.4068579 UTC-05:00] [5208:7148] [FcVpnSched  88   debug] default msg 26
[2026-04-05 15:14:02.4086145 UTC-05:00] [5208:7148] [FcVpnSched  88   debug] default msg 26
[2026-04-05 15:14:02.4105315 UTC-05:00] [5208:7148] [FcVpnSched  88   debug] default msg 26
[2026-04-05 15:14:02.4123587 UTC-05:00] [5208:7148] [FcVpnSched  88   debug] default msg 26
[2026-04-05 15:14:02.4141643 UTC-05:00] [5208:7148] [FcVpnSched  88   debug] default msg 26
[2026-04-05 15:14:02.4160213 UTC-05:00] [5208:7148] [FcVpnSched  88   debug] default msg 26
[2026-04-05 15:14:02.4177542 UTC-05:00] [5208:7148] [FcVpnSched  88   debug] default msg 26
[2026-04-05 15:14:02.4194958 UTC-05:00] [5208:7148] [FcVpnSched  88   debug] default msg 26
[2026-04-05 15:14:02.4212401 UTC-05:00] [5208:7148] [FcVpnSched  88   debug] default msg 26
[2026-04-05 15:14:02.4229364 UTC-05:00] [5208:7148] [FcVpnSched  88   debug] default msg 26
[2026-04-05 15:14:02.4246230 UTC-05:00] [5208:7148] [FcVpnSched  88   debug] default msg 26
[2026-04-05 15:14:02.4271954 UTC-05:00] [5208:7148] [FcVpnSched  88   debug] default msg 26
[2026-04-05 15:14:02.4290688 UTC-05:00] [5208:7148] [FcVpnSched  88   debug] default msg 26
[2026-04-05 15:14:02.4307805 UTC-05:00] [5208:7148] [FcVpnSched  88   debug] default msg 26
[2026-04-05 15:14:02.4325111 UTC-05:00] [5208:7148] [FcVpnSched  88   debug] default msg 26
[2026-04-05 15:14:02.4342215 UTC-05:00] [5208:7148] [FcVpnSched  88   debug] default msg 26
[2026-04-05 15:14:02.4359323 UTC-05:00] [5208:7148] [FcVpnSched  88   debug] default msg 26
[2026-04-05 15:14:02.4376549 UTC-05:00] [5208:7148] [FcVpnSched  88   debug] default msg 26
[2026-04-05 15:14:02.4393587 UTC-05:00] [5208:7148] [FcVpnSched  88   debug] default msg 26
[2026-04-05 15:14:02.4411567 UTC-05:00] [5208:7148] [FcVpnSched  88   debug] default msg 26
[2026-04-05 15:14:02.4431076 UTC-05:00] [5208:7148] [FcVpnSched  88   debug] default msg 26
[2026-04-05 15:14:02.4448750 UTC-05:00] [5208:7148] [FcVpnSched  88   debug] default msg 26
[2026-04-05 15:14:02.4466053 UTC-05:00] [5208:7148] [FcVpnSched  88   debug] default msg 26
[2026-04-05 15:14:02.4483200 UTC-05:00] [5208:7148] [FcVpnSched  88   debug] default msg 26
[2026-04-05 15:14:02.4500530 UTC-05:00] [5208:7148] [FcVpnSched  88   debug] default msg 26
[2026-04-05 15:14:02.4517635 UTC-05:00] [5208:7148] [FcVpnSched  88   debug] default msg 26
[2026-04-05 15:14:02.4534805 UTC-05:00] [5208:7148] [FcVpnSched  88   debug] default msg 26
[2026-04-05 15:14:02.4552166 UTC-05:00] [5208:7148] [FcVpnSched  88   debug] default msg 26
[2026-04-05 15:14:02.4569449 UTC-05:00] [5208:7148] [FcVpnSched  88   debug] default msg 26
[2026-04-05 15:14:02.4586837 UTC-05:00] [5208:7148] [FcVpnSched  88   debug] default msg 26
[2026-04-05 15:14:02.4603973 UTC-05:00] [5208:7148] [FcVpnSched  88   debug] default msg 26
[2026-04-05 15:14:02.4621256 UTC-05:00] [5208:7148] [FcVpnSched  88   debug] default msg 26
[2026-04-05 15:14:02.4638359 UTC-05:00] [5208:7148] [FcVpnSched  88   debug] default msg 26
[2026-04-05 15:14:02.4656046 UTC-05:00] [5208:7148] [FcVpnSched  88   debug] default msg 26
[2026-04-05 15:14:02.4673159 UTC-05:00] [5208:7148] [FcVpnSched  88   debug] default msg 26
[2026-04-05 15:14:02.4690194 UTC-05:00] [5208:7148] [FcVpnSched  88   debug] default msg 26
[2026-04-05 15:14:02.4707018 UTC-05:00] [5208:7148] [FcVpnSched  88   debug] default msg 26
[2026-04-05 15:14:02.4727472 UTC-05:00] [5208:7148] [FcVpnSched  88   debug] default msg 26
[2026-04-05 15:14:02.4752708 UTC-05:00] [5208:7148] [FcVpnSched  88   debug] default msg 26
[2026-04-05 17:37:02.0206048 UTC-05:00] [5208:7148] [FcVpnSched  88   debug] default msg 30
[2026-04-05 17:37:02.1097504 UTC-05:00] [5208:7148] [FcVpnSched  88   debug] default msg 26
[2026-04-05 17:37:02.1122606 UTC-05:00] [5208:7148] [FcVpnSched  88   debug] default msg 26
[2026-04-05 17:37:02.1145013 UTC-05:00] [5208:7148] [FcVpnSched  88   debug] default msg 26
[2026-04-05 17:37:02.1166419 UTC-05:00] [5208:7148] [FcVpnSched  88   debug] default msg 26
[2026-04-05 17:37:02.1187749 UTC-05:00] [5208:7148] [FcVpnSched  88   debug] default msg 26
[2026-04-05 17:37:02.1209042 UTC-05:00] [5208:7148] [FcVpnSched  88   debug] default msg 26
[2026-04-05 17:37:02.1231214 UTC-05:00] [5208:7148] [FcVpnSched  88   debug] default msg 26
[2026-04-05 17:37:02.1250841 UTC-05:00] [5208:7148] [FcVpnSched  88   debug] default msg 26
[2026-04-05 17:37:02.1281531 UTC-05:00] [5208:7148] [FcVpnSched  88   debug] default msg 26
[2026-04-05 17:37:02.1303937 UTC-05:00] [5208:7148] [FcVpnSched  88   debug] default msg 26
[2026-04-05 17:37:02.1324814 UTC-05:00] [5208:7148] [FcVpnSched  88   debug] default msg 26
[2026-04-05 17:37:02.1344915 UTC-05:00] [5208:7148] [FcVpnSched  88   debug] default msg 26
[2026-04-05 17:37:02.1365119 UTC-05:00] [5208:7148] [FcVpnSched  88   debug] default msg 26
[2026-04-05 17:37:02.1386825 UTC-05:00] [5208:7148] [FcVpnSched  88   debug] default msg 26
[2026-04-05 17:37:02.1408802 UTC-05:00] [5208:7148] [FcVpnSched  88   debug] default msg 26
[2026-04-05 17:37:02.1430590 UTC-05:00] [5208:7148] [FcVpnSched  88   debug] default msg 26
[2026-04-05 17:37:02.1455525 UTC-05:00] [5208:7148] [FcVpnSched  88   debug] default msg 26
[2026-04-05 17:37:02.1478298 UTC-05:00] [5208:7148] [FcVpnSched  88   debug] default msg 26
[2026-04-05 17:37:02.1498999 UTC-05:00] [5208:7148] [FcVpnSched  88   debug] default msg 26
[2026-04-05 17:37:02.1518758 UTC-05:00] [5208:7148] [FcVpnSched  88   debug] default msg 26
[2026-04-05 17:37:02.1544430 UTC-05:00] [5208:7148] [FcVpnSched  88   debug] default msg 26
[2026-04-05 17:37:02.1575548 UTC-05:00] [5208:7148] [FcVpnSched  88   debug] default msg 26
[2026-04-05 17:37:02.1597995 UTC-05:00] [5208:7148] [FcVpnSched  88   debug] default msg 26
[2026-04-05 17:37:02.1619166 UTC-05:00] [5208:7148] [FcVpnSched  88   debug] default msg 26
[2026-04-05 17:37:02.1640006 UTC-05:00] [5208:7148] [FcVpnSched  88   debug] default msg 26
[2026-04-05 17:37:02.1660911 UTC-05:00] [5208:7148] [FcVpnSched  88   debug] default msg 26
[2026-04-05 17:37:02.1681726 UTC-05:00] [5208:7148] [FcVpnSched  88   debug] default msg 26
[2026-04-05 17:37:02.1710822 UTC-05:00] [5208:7148] [FcVpnSched  88   debug] default msg 26
[2026-04-05 17:37:02.1737836 UTC-05:00] [5208:7148] [FcVpnSched  88   debug] default msg 26
[2026-04-05 17:37:02.1762615 UTC-05:00] [5208:7148] [FcVpnSched  88   debug] default msg 26
[2026-04-05 17:37:02.1786391 UTC-05:00] [5208:7148] [FcVpnSched  88   debug] default msg 26
[2026-04-05 17:37:02.1806592 UTC-05:00] [5208:7148] [FcVpnSched  88   debug] default msg 26
[2026-04-05 17:37:02.1826431 UTC-05:00] [5208:7148] [FcVpnSched  88   debug] default msg 26
[2026-04-05 17:37:02.1844796 UTC-05:00] [5208:7148] [FcVpnSched  88   debug] default msg 26
[2026-04-05 17:37:02.1866436 UTC-05:00] [5208:7148] [FcVpnSched  88   debug] default msg 26
[2026-04-05 17:37:02.1889288 UTC-05:00] [5208:7148] [FcVpnSched  88   debug] default msg 26
[2026-04-05 17:37:02.1908145 UTC-05:00] [5208:7148] [FcVpnSched  88   debug] default msg 26
[2026-04-05 17:37:02.1924370 UTC-05:00] [5208:7148] [FcVpnSched  88   debug] default msg 26
[2026-04-05 17:37:02.1940231 UTC-05:00] [5208:7148] [FcVpnSched  88   debug] default msg 26
[2026-04-05 17:37:02.1956087 UTC-05:00] [5208:7148] [FcVpnSched  88   debug] default msg 26
[2026-04-05 17:37:02.1971993 UTC-05:00] [5208:7148] [FcVpnSched  88   debug] default msg 26
[2026-04-05 17:37:02.1987634 UTC-05:00] [5208:7148] [FcVpnSched  88   debug] default msg 26
[2026-04-05 17:37:02.2002763 UTC-05:00] [5208:7148] [FcVpnSched  88   debug] default msg 26
[2026-04-05 17:37:02.2019950 UTC-05:00] [5208:7148] [FcVpnSched  88   debug] default msg 26
[2026-04-05 17:37:02.2036101 UTC-05:00] [5208:7148] [FcVpnSched  88   debug] default msg 26
[2026-04-05 17:37:02.2051881 UTC-05:00] [5208:7148] [FcVpnSched  88   debug] default msg 26
[2026-04-05 17:37:02.2067811 UTC-05:00] [5208:7148] [FcVpnSched  88   debug] default msg 26
[2026-04-05 17:37:02.2083843 UTC-05:00] [5208:7148] [FcVpnSched  88   debug] default msg 26
[2026-04-05 17:37:02.2099816 UTC-05:00] [5208:7148] [FcVpnSched  88   debug] default msg 26
[2026-04-05 17:37:02.2115664 UTC-05:00] [5208:7148] [FcVpnSched  88   debug] default msg 26
[2026-04-05 17:37:02.2131379 UTC-05:00] [5208:7148] [FcVpnSched  88   debug] default msg 26
[2026-04-05 17:37:02.2146920 UTC-05:00] [5208:7148] [FcVpnSched  88   debug] default msg 26
[2026-04-05 17:37:02.2162116 UTC-05:00] [5208:7148] [FcVpnSched  88   debug] default msg 26
[2026-04-05 17:37:02.2179029 UTC-05:00] [5208:7148] [FcVpnSched  88   debug] default msg 26
[2026-04-05 17:37:02.2195024 UTC-05:00] [5208:7148] [FcVpnSched  88   debug] default msg 26
[2026-04-05 17:37:02.2210960 UTC-05:00] [5208:7148] [FcVpnSched  88   debug] default msg 26
[2026-04-05 21:27:01.7301120 UTC-05:00] [5208:7148] [FcVpnSched  88   debug] default msg 30
[2026-04-05 21:27:01.8088879 UTC-05:00] [5208:7148] [FcVpnSched  88   debug] default msg 26
[2026-04-05 21:27:01.8113403 UTC-05:00] [5208:7148] [FcVpnSched  88   debug] default msg 26
[2026-04-05 21:27:01.8131389 UTC-05:00] [5208:7148] [FcVpnSched  88   debug] default msg 26
[2026-04-05 21:27:01.8148945 UTC-05:00] [5208:7148] [FcVpnSched  88   debug] default msg 26
[2026-04-05 21:27:01.8166885 UTC-05:00] [5208:7148] [FcVpnSched  88   debug] default msg 26
[2026-04-05 21:27:01.8188020 UTC-05:00] [5208:7148] [FcVpnSched  88   debug] default msg 26
[2026-04-05 21:27:01.8209283 UTC-05:00] [5208:7148] [FcVpnSched  88   debug] default msg 26
[2026-04-05 21:27:01.8227119 UTC-05:00] [5208:7148] [FcVpnSched  88   debug] default msg 26
[2026-04-05 21:27:01.8243203 UTC-05:00] [5208:7148] [FcVpnSched  88   debug] default msg 26
[2026-04-05 21:27:01.8258806 UTC-05:00] [5208:7148] [FcVpnSched  88   debug] default msg 26
[2026-04-05 21:27:01.8275079 UTC-05:00] [5208:7148] [FcVpnSched  88   debug] default msg 26
[2026-04-05 21:27:01.8290620 UTC-05:00] [5208:7148] [FcVpnSched  88   debug] default msg 26
[2026-04-05 21:27:01.8306126 UTC-05:00] [5208:7148] [FcVpnSched  88   debug] default msg 26
[2026-04-05 21:27:01.8321715 UTC-05:00] [5208:7148] [FcVpnSched  88   debug] default msg 26
[2026-04-05 21:27:01.8337431 UTC-05:00] [5208:7148] [FcVpnSched  88   debug] default msg 26
[2026-04-05 21:27:01.8353245 UTC-05:00] [5208:7148] [FcVpnSched  88   debug] default msg 26
[2026-04-05 21:27:01.8369337 UTC-05:00] [5208:7148] [FcVpnSched  88   debug] default msg 26
[2026-04-05 21:27:01.8385002 UTC-05:00] [5208:7148] [FcVpnSched  88   debug] default msg 26
[2026-04-05 21:27:01.8400474 UTC-05:00] [5208:7148] [FcVpnSched  88   debug] default msg 26
[2026-04-05 21:27:01.8416192 UTC-05:00] [5208:7148] [FcVpnSched  88   debug] default msg 26
[2026-04-05 21:27:01.8431928 UTC-05:00] [5208:7148] [FcVpnSched  88   debug] default msg 26
[2026-04-05 21:27:01.8447488 UTC-05:00] [5208:7148] [FcVpnSched  88   debug] default msg 26
[2026-04-05 21:27:01.8462982 UTC-05:00] [5208:7148] [FcVpnSched  88   debug] default msg 26
[2026-04-05 21:27:01.8478387 UTC-05:00] [5208:7148] [FcVpnSched  88   debug] default msg 26
[2026-04-05 21:27:01.8495622 UTC-05:00] [5208:7148] [FcVpnSched  88   debug] default msg 26
[2026-04-05 21:27:01.8515935 UTC-05:00] [5208:7148] [FcVpnSched  88   debug] default msg 26
[2026-04-05 21:27:01.8536427 UTC-05:00] [5208:7148] [FcVpnSched  88   debug] default msg 26
[2026-04-05 21:27:01.8553575 UTC-05:00] [5208:7148] [FcVpnSched  88   debug] default msg 26
[2026-04-05 21:27:01.8570980 UTC-05:00] [5208:7148] [FcVpnSched  88   debug] default msg 26
[2026-04-05 21:27:01.8588511 UTC-05:00] [5208:7148] [FcVpnSched  88   debug] default msg 26
[2026-04-05 21:27:01.8605398 UTC-05:00] [5208:7148] [FcVpnSched  88   debug] default msg 26
[2026-04-05 21:27:01.8622982 UTC-05:00] [5208:7148] [FcVpnSched  88   debug] default msg 26
[2026-04-05 21:27:01.8639860 UTC-05:00] [5208:7148] [FcVpnSched  88   debug] default msg 26
[2026-04-05 21:27:01.8658004 UTC-05:00] [5208:7148] [FcVpnSched  88   debug] default msg 26
[2026-04-05 21:27:01.8676195 UTC-05:00] [5208:7148] [FcVpnSched  88   debug] default msg 26
[2026-04-05 21:27:01.8694029 UTC-05:00] [5208:7148] [FcVpnSched  88   debug] default msg 26
[2026-04-05 21:27:01.8711120 UTC-05:00] [5208:7148] [FcVpnSched  88   debug] default msg 26
[2026-04-05 21:27:01.8728076 UTC-05:00] [5208:7148] [FcVpnSched  88   debug] default msg 26
[2026-04-05 21:27:01.8745025 UTC-05:00] [5208:7148] [FcVpnSched  88   debug] default msg 26
[2026-04-05 21:27:01.8762033 UTC-05:00] [5208:7148] [FcVpnSched  88   debug] default msg 26
[2026-04-05 21:27:01.8778857 UTC-05:00] [5208:7148] [FcVpnSched  88   debug] default msg 26
[2026-04-05 21:27:01.8795357 UTC-05:00] [5208:7148] [FcVpnSched  88   debug] default msg 26
[2026-04-05 21:27:01.8812558 UTC-05:00] [5208:7148] [FcVpnSched  88   debug] default msg 26
[2026-04-05 21:27:01.8830255 UTC-05:00] [5208:7148] [FcVpnSched  88   debug] default msg 26
[2026-04-05 21:27:01.8847502 UTC-05:00] [5208:7148] [FcVpnSched  88   debug] default msg 26
[2026-04-05 21:27:01.8863896 UTC-05:00] [5208:7148] [FcVpnSched  88   debug] default msg 26
[2026-04-05 21:27:01.8879496 UTC-05:00] [5208:7148] [FcVpnSched  88   debug] default msg 26
[2026-04-05 21:27:01.8895166 UTC-05:00] [5208:7148] [FcVpnSched  88   debug] default msg 26
[2026-04-05 21:27:01.8910869 UTC-05:00] [5208:7148] [FcVpnSched  88   debug] default msg 26
[2026-04-05 21:27:01.8926506 UTC-05:00] [5208:7148] [FcVpnSched  88   debug] default msg 26
[2026-04-05 21:27:01.8942304 UTC-05:00] [5208:7148] [FcVpnSched  88   debug] default msg 26
[2026-04-05 21:27:01.8957642 UTC-05:00] [5208:7148] [FcVpnSched  88   debug] default msg 26
[2026-04-05 21:27:01.8977264 UTC-05:00] [5208:7148] [FcVpnSched  88   debug] default msg 26
[2026-04-05 21:27:01.8993641 UTC-05:00] [5208:7148] [FcVpnSched  88   debug] default msg 26
[2026-04-05 21:27:01.9009608 UTC-05:00] [5208:7148] [FcVpnSched  88   debug] default msg 26
[2026-04-05 21:27:01.9025699 UTC-05:00] [5208:7148] [FcVpnSched  88   debug] default msg 26
[2026-04-05 23:14:02.4111170 UTC-05:00] [5208:7148] [FcVpnSched  88   debug] default msg 30
[2026-04-05 23:14:02.5044415 UTC-05:00] [5208:7148] [FcVpnSched  88   debug] default msg 26
[2026-04-05 23:14:02.5070597 UTC-05:00] [5208:7148] [FcVpnSched  88   debug] default msg 26
[2026-04-05 23:14:02.5092229 UTC-05:00] [5208:7148] [FcVpnSched  88   debug] default msg 26
[2026-04-05 23:14:02.5113487 UTC-05:00] [5208:7148] [FcVpnSched  88   debug] default msg 26
[2026-04-05 23:14:02.5133950 UTC-05:00] [5208:7148] [FcVpnSched  88   debug] default msg 26
[2026-04-05 23:14:02.5160257 UTC-05:00] [5208:7148] [FcVpnSched  88   debug] default msg 26
[2026-04-05 23:14:02.5188826 UTC-05:00] [5208:7148] [FcVpnSched  88   debug] default msg 26
[2026-04-05 23:14:02.5211524 UTC-05:00] [5208:7148] [FcVpnSched  88   debug] default msg 26
[2026-04-05 23:14:02.5233435 UTC-05:00] [5208:7148] [FcVpnSched  88   debug] default msg 26
[2026-04-05 23:14:02.5255518 UTC-05:00] [5208:7148] [FcVpnSched  88   debug] default msg 26
[2026-04-05 23:14:02.5284002 UTC-05:00] [5208:7148] [FcVpnSched  88   debug] default msg 26
[2026-04-05 23:14:02.5305737 UTC-05:00] [5208:7148] [FcVpnSched  88   debug] default msg 26
[2026-04-05 23:14:02.5326806 UTC-05:00] [5208:7148] [FcVpnSched  88   debug] default msg 26
[2026-04-05 23:14:02.5347645 UTC-05:00] [5208:7148] [FcVpnSched  88   debug] default msg 26
[2026-04-05 23:14:02.5368408 UTC-05:00] [5208:7148] [FcVpnSched  88   debug] default msg 26
[2026-04-05 23:14:02.5392581 UTC-05:00] [5208:7148] [FcVpnSched  88   debug] default msg 26
[2026-04-05 23:14:02.5414181 UTC-05:00] [5208:7148] [FcVpnSched  88   debug] default msg 26
[2026-04-05 23:14:02.5435988 UTC-05:00] [5208:7148] [FcVpnSched  88   debug] default msg 26
[2026-04-05 23:14:02.5455665 UTC-05:00] [5208:7148] [FcVpnSched  88   debug] default msg 26
[2026-04-05 23:14:02.5476115 UTC-05:00] [5208:7148] [FcVpnSched  88   debug] default msg 26
[2026-04-05 23:14:02.5495069 UTC-05:00] [5208:7148] [FcVpnSched  88   debug] default msg 26
[2026-04-05 23:14:02.5512596 UTC-05:00] [5208:7148] [FcVpnSched  88   debug] default msg 26
[2026-04-05 23:14:02.5529892 UTC-05:00] [5208:7148] [FcVpnSched  88   debug] default msg 26
[2026-04-05 23:14:02.5547135 UTC-05:00] [5208:7148] [FcVpnSched  88   debug] default msg 26
[2026-04-05 23:14:02.5564400 UTC-05:00] [5208:7148] [FcVpnSched  88   debug] default msg 26
[2026-04-05 23:14:02.5581555 UTC-05:00] [5208:7148] [FcVpnSched  88   debug] default msg 26
[2026-04-05 23:14:02.5598241 UTC-05:00] [5208:7148] [FcVpnSched  88   debug] default msg 26
[2026-04-05 23:14:02.5616772 UTC-05:00] [5208:7148] [FcVpnSched  88   debug] default msg 26
[2026-04-05 23:14:02.5634580 UTC-05:00] [5208:7148] [FcVpnSched  88   debug] default msg 26
[2026-04-05 23:14:02.5651736 UTC-05:00] [5208:7148] [FcVpnSched  88   debug] default msg 26
[2026-04-05 23:14:02.5668941 UTC-05:00] [5208:7148] [FcVpnSched  88   debug] default msg 26
[2026-04-05 23:14:02.5685884 UTC-05:00] [5208:7148] [FcVpnSched  88   debug] default msg 26
[2026-04-05 23:14:02.5703002 UTC-05:00] [5208:7148] [FcVpnSched  88   debug] default msg 26
[2026-04-05 23:14:02.5720074 UTC-05:00] [5208:7148] [FcVpnSched  88   debug] default msg 26
[2026-04-05 23:14:02.5737432 UTC-05:00] [5208:7148] [FcVpnSched  88   debug] default msg 26
[2026-04-05 23:14:02.5755363 UTC-05:00] [5208:7148] [FcVpnSched  88   debug] default msg 26
[2026-04-05 23:14:02.5771135 UTC-05:00] [5208:7148] [FcVpnSched  88   debug] default msg 26
[2026-04-05 23:14:02.5789165 UTC-05:00] [5208:7148] [FcVpnSched  88   debug] default msg 26
[2026-04-05 23:14:02.5807126 UTC-05:00] [5208:7148] [FcVpnSched  88   debug] default msg 26
[2026-04-05 23:14:02.5825076 UTC-05:00] [5208:7148] [FcVpnSched  88   debug] default msg 26
[2026-04-05 23:14:02.5842598 UTC-05:00] [5208:7148] [FcVpnSched  88   debug] default msg 26
[2026-04-05 23:14:02.5860193 UTC-05:00] [5208:7148] [FcVpnSched  88   debug] default msg 26
[2026-04-05 23:14:02.5877097 UTC-05:00] [5208:7148] [FcVpnSched  88   debug] default msg 26
[2026-04-05 23:14:02.5894041 UTC-05:00] [5208:7148] [FcVpnSched  88   debug] default msg 26
[2026-04-05 23:14:02.5911540 UTC-05:00] [5208:7148] [FcVpnSched  88   debug] default msg 26
[2026-04-05 23:14:02.5927966 UTC-05:00] [5208:7148] [FcVpnSched  88   debug] default msg 26
[2026-04-05 23:14:02.5944216 UTC-05:00] [5208:7148] [FcVpnSched  88   debug] default msg 26
[2026-04-05 23:14:02.5960102 UTC-05:00] [5208:7148] [FcVpnSched  88   debug] default msg 26
[2026-04-05 23:14:02.5975907 UTC-05:00] [5208:7148] [FcVpnSched  88   debug] default msg 26
[2026-04-05 23:14:02.5992284 UTC-05:00] [5208:7148] [FcVpnSched  88   debug] default msg 26
[2026-04-05 23:14:02.6008538 UTC-05:00] [5208:7148] [FcVpnSched  88   debug] default msg 26
[2026-04-05 23:14:02.6024347 UTC-05:00] [5208:7148] [FcVpnSched  88   debug] default msg 26
[2026-04-05 23:14:02.6039967 UTC-05:00] [5208:7148] [FcVpnSched  88   debug] default msg 26
[2026-04-05 23:14:02.6055584 UTC-05:00] [5208:7148] [FcVpnSched  88   debug] default msg 26
[2026-04-05 23:14:02.6071049 UTC-05:00] [5208:7148] [FcVpnSched  88   debug] default msg 26
[2026-04-05 23:14:02.6087297 UTC-05:00] [5208:7148] [FcVpnSched  88   debug] default msg 26
[2026-04-06 01:17:01.9087209 UTC-05:00] [5208:7148] [FcVpnSched  88   debug] default msg 30
[2026-04-06 01:17:01.9957470 UTC-05:00] [5208:7148] [FcVpnSched  88   debug] default msg 26
[2026-04-06 01:17:01.9977338 UTC-05:00] [5208:7148] [FcVpnSched  88   debug] default msg 26
[2026-04-06 01:17:01.9995193 UTC-05:00] [5208:7148] [FcVpnSched  88   debug] default msg 26
[2026-04-06 01:17:02.0012609 UTC-05:00] [5208:7148] [FcVpnSched  88   debug] default msg 26
[2026-04-06 01:17:02.0028826 UTC-05:00] [5208:7148] [FcVpnSched  88   debug] default msg 26
[2026-04-06 01:17:02.0046689 UTC-05:00] [5208:7148] [FcVpnSched  88   debug] default msg 26
[2026-04-06 01:17:02.0064250 UTC-05:00] [5208:7148] [FcVpnSched  88   debug] default msg 26
[2026-04-06 01:17:02.0083177 UTC-05:00] [5208:7148] [FcVpnSched  88   debug] default msg 26
[2026-04-06 01:17:02.0102320 UTC-05:00] [5208:7148] [FcVpnSched  88   debug] default msg 26
[2026-04-06 01:17:02.0120581 UTC-05:00] [5208:7148] [FcVpnSched  88   debug] default msg 26
[2026-04-06 01:17:02.0139883 UTC-05:00] [5208:7148] [FcVpnSched  88   debug] default msg 26
[2026-04-06 01:17:02.0159190 UTC-05:00] [5208:7148] [FcVpnSched  88   debug] default msg 26
[2026-04-06 01:17:02.0177806 UTC-05:00] [5208:7148] [FcVpnSched  88   debug] default msg 26
[2026-04-06 01:17:02.0196485 UTC-05:00] [5208:7148] [FcVpnSched  88   debug] default msg 26
[2026-04-06 01:17:02.0216563 UTC-05:00] [5208:7148] [FcVpnSched  88   debug] default msg 26
[2026-04-06 01:17:02.0235928 UTC-05:00] [5208:7148] [FcVpnSched  88   debug] default msg 26
[2026-04-06 01:17:02.0255072 UTC-05:00] [5208:7148] [FcVpnSched  88   debug] default msg 26
[2026-04-06 01:17:02.0275264 UTC-05:00] [5208:7148] [FcVpnSched  88   debug] default msg 26
[2026-04-06 01:17:02.0296599 UTC-05:00] [5208:7148] [FcVpnSched  88   debug] default msg 26
[2026-04-06 01:17:02.0317684 UTC-05:00] [5208:7148] [FcVpnSched  88   debug] default msg 26
[2026-04-06 01:17:02.0338893 UTC-05:00] [5208:7148] [FcVpnSched  88   debug] default msg 26
[2026-04-06 01:17:02.0360828 UTC-05:00] [5208:7148] [FcVpnSched  88   debug] default msg 26
[2026-04-06 01:17:02.0388346 UTC-05:00] [5208:7148] [FcVpnSched  88   debug] default msg 26
[2026-04-06 01:17:02.0410438 UTC-05:00] [5208:7148] [FcVpnSched  88   debug] default msg 26
[2026-04-06 01:17:02.0431730 UTC-05:00] [5208:7148] [FcVpnSched  88   debug] default msg 26
[2026-04-06 01:17:02.0452792 UTC-05:00] [5208:7148] [FcVpnSched  88   debug] default msg 26
[2026-04-06 01:17:02.0474382 UTC-05:00] [5208:7148] [FcVpnSched  88   debug] default msg 26
[2026-04-06 01:17:02.0495432 UTC-05:00] [5208:7148] [FcVpnSched  88   debug] default msg 26
[2026-04-06 01:17:02.0516517 UTC-05:00] [5208:7148] [FcVpnSched  88   debug] default msg 26
[2026-04-06 01:17:02.0537880 UTC-05:00] [5208:7148] [FcVpnSched  88   debug] default msg 26
[2026-04-06 01:17:02.0557152 UTC-05:00] [5208:7148] [FcVpnSched  88   debug] default msg 26
[2026-04-06 01:17:02.0576969 UTC-05:00] [5208:7148] [FcVpnSched  88   debug] default msg 26
[2026-04-06 01:17:02.0596727 UTC-05:00] [5208:7148] [FcVpnSched  88   debug] default msg 26
[2026-04-06 01:17:02.0614133 UTC-05:00] [5208:7148] [FcVpnSched  88   debug] default msg 26
[2026-04-06 01:17:02.0631489 UTC-05:00] [5208:7148] [FcVpnSched  88   debug] default msg 26
[2026-04-06 01:17:02.0649021 UTC-05:00] [5208:7148] [FcVpnSched  88   debug] default msg 26
[2026-04-06 01:17:02.0670173 UTC-05:00] [5208:7148] [FcVpnSched  88   debug] default msg 26
[2026-04-06 01:17:02.0691994 UTC-05:00] [5208:7148] [FcVpnSched  88   debug] default msg 26
[2026-04-06 01:17:02.0709759 UTC-05:00] [5208:7148] [FcVpnSched  88   debug] default msg 26
[2026-04-06 01:17:02.0726789 UTC-05:00] [5208:7148] [FcVpnSched  88   debug] default msg 26
[2026-04-06 01:17:02.0743681 UTC-05:00] [5208:7148] [FcVpnSched  88   debug] default msg 26
[2026-04-06 01:17:02.0760664 UTC-05:00] [5208:7148] [FcVpnSched  88   debug] default msg 26
[2026-04-06 01:17:02.0777753 UTC-05:00] [5208:7148] [FcVpnSched  88   debug] default msg 26
[2026-04-06 01:17:02.0794541 UTC-05:00] [5208:7148] [FcVpnSched  88   debug] default msg 26
[2026-04-06 01:17:02.0811430 UTC-05:00] [5208:7148] [FcVpnSched  88   debug] default msg 26
[2026-04-06 01:17:02.0829363 UTC-05:00] [5208:7148] [FcVpnSched  88   debug] default msg 26
[2026-04-06 01:17:02.0847276 UTC-05:00] [5208:7148] [FcVpnSched  88   debug] default msg 26
[2026-04-06 01:17:02.0864237 UTC-05:00] [5208:7148] [FcVpnSched  88   debug] default msg 26
[2026-04-06 01:17:02.0881188 UTC-05:00] [5208:7148] [FcVpnSched  88   debug] default msg 26
[2026-04-06 01:17:02.0898253 UTC-05:00] [5208:7148] [FcVpnSched  88   debug] default msg 26
[2026-04-06 01:17:02.0915250 UTC-05:00] [5208:7148] [FcVpnSched  88   debug] default msg 26
[2026-04-06 01:17:02.0932252 UTC-05:00] [5208:7148] [FcVpnSched  88   debug] default msg 26
[2026-04-06 01:17:02.0949542 UTC-05:00] [5208:7148] [FcVpnSched  88   debug] default msg 26
[2026-04-06 01:17:02.0966685 UTC-05:00] [5208:7148] [FcVpnSched  88   debug] default msg 26
[2026-04-06 01:17:02.0984505 UTC-05:00] [5208:7148] [FcVpnSched  88   debug] default msg 26
[2026-04-06 01:17:02.1002494 UTC-05:00] [5208:7148] [FcVpnSched  88   debug] default msg 26
[2026-04-06 05:07:02.5207024 UTC-05:00] [5208:7148] [FcVpnSched  88   debug] default msg 30
[2026-04-06 05:07:02.5955781 UTC-05:00] [5208:7148] [FcVpnSched  88   debug] default msg 26
[2026-04-06 05:07:02.5987508 UTC-05:00] [5208:7148] [FcVpnSched  88   debug] default msg 26
[2026-04-06 05:07:02.6015146 UTC-05:00] [5208:7148] [FcVpnSched  88   debug] default msg 26
[2026-04-06 05:07:02.6040277 UTC-05:00] [5208:7148] [FcVpnSched  88   debug] default msg 26
[2026-04-06 05:07:02.6069431 UTC-05:00] [5208:7148] [FcVpnSched  88   debug] default msg 26
[2026-04-06 05:07:02.6093012 UTC-05:00] [5208:7148] [FcVpnSched  88   debug] default msg 26
[2026-04-06 05:07:02.6115970 UTC-05:00] [5208:7148] [FcVpnSched  88   debug] default msg 26
[2026-04-06 05:07:02.6142136 UTC-05:00] [5208:7148] [FcVpnSched  88   debug] default msg 26
[2026-04-06 05:07:02.6173243 UTC-05:00] [5208:7148] [FcVpnSched  88   debug] default msg 26
[2026-04-06 05:07:02.6200060 UTC-05:00] [5208:7148] [FcVpnSched  88   debug] default msg 26
[2026-04-06 05:07:02.6220803 UTC-05:00] [5208:7148] [FcVpnSched  88   debug] default msg 26
[2026-04-06 05:07:02.6241458 UTC-05:00] [5208:7148] [FcVpnSched  88   debug] default msg 26
[2026-04-06 05:07:02.6262254 UTC-05:00] [5208:7148] [FcVpnSched  88   debug] default msg 26
[2026-04-06 05:07:02.6283190 UTC-05:00] [5208:7148] [FcVpnSched  88   debug] default msg 26
[2026-04-06 05:07:02.6301692 UTC-05:00] [5208:7148] [FcVpnSched  88   debug] default msg 26
[2026-04-06 05:07:02.6319804 UTC-05:00] [5208:7148] [FcVpnSched  88   debug] default msg 26
[2026-04-06 05:07:02.6338512 UTC-05:00] [5208:7148] [FcVpnSched  88   debug] default msg 26
[2026-04-06 05:07:02.6357143 UTC-05:00] [5208:7148] [FcVpnSched  88   debug] default msg 26
[2026-04-06 05:07:02.6375647 UTC-05:00] [5208:7148] [FcVpnSched  88   debug] default msg 26
[2026-04-06 05:07:02.6393869 UTC-05:00] [5208:7148] [FcVpnSched  88   debug] default msg 26
[2026-04-06 05:07:02.6411957 UTC-05:00] [5208:7148] [FcVpnSched  88   debug] default msg 26
[2026-04-06 05:07:02.6436540 UTC-05:00] [5208:7148] [FcVpnSched  88   debug] default msg 26
[2026-04-06 05:07:02.6460805 UTC-05:00] [5208:7148] [FcVpnSched  88   debug] default msg 26
[2026-04-06 05:07:02.6479392 UTC-05:00] [5208:7148] [FcVpnSched  88   debug] default msg 26
[2026-04-06 05:07:02.6497290 UTC-05:00] [5208:7148] [FcVpnSched  88   debug] default msg 26
[2026-04-06 05:07:02.6515269 UTC-05:00] [5208:7148] [FcVpnSched  88   debug] default msg 26
[2026-04-06 05:07:02.6532884 UTC-05:00] [5208:7148] [FcVpnSched  88   debug] default msg 26
[2026-04-06 05:07:02.6550805 UTC-05:00] [5208:7148] [FcVpnSched  88   debug] default msg 26
[2026-04-06 05:07:02.6568253 UTC-05:00] [5208:7148] [FcVpnSched  88   debug] default msg 26
[2026-04-06 05:07:02.6589487 UTC-05:00] [5208:7148] [FcVpnSched  88   debug] default msg 26
[2026-04-06 05:07:02.6608066 UTC-05:00] [5208:7148] [FcVpnSched  88   debug] default msg 26
[2026-04-06 05:07:02.6625648 UTC-05:00] [5208:7148] [FcVpnSched  88   debug] default msg 26
[2026-04-06 05:07:02.6642566 UTC-05:00] [5208:7148] [FcVpnSched  88   debug] default msg 26
[2026-04-06 05:07:02.6658807 UTC-05:00] [5208:7148] [FcVpnSched  88   debug] default msg 26
[2026-04-06 05:07:02.6675256 UTC-05:00] [5208:7148] [FcVpnSched  88   debug] default msg 26
[2026-04-06 05:07:02.6691628 UTC-05:00] [5208:7148] [FcVpnSched  88   debug] default msg 26
[2026-04-06 05:07:02.6707948 UTC-05:00] [5208:7148] [FcVpnSched  88   debug] default msg 26
[2026-04-06 05:07:02.6723988 UTC-05:00] [5208:7148] [FcVpnSched  88   debug] default msg 26
[2026-04-06 05:07:02.6742507 UTC-05:00] [5208:7148] [FcVpnSched  88   debug] default msg 26
[2026-04-06 05:07:02.6759962 UTC-05:00] [5208:7148] [FcVpnSched  88   debug] default msg 26
[2026-04-06 05:07:02.6776609 UTC-05:00] [5208:7148] [FcVpnSched  88   debug] default msg 26
[2026-04-06 05:07:02.6793350 UTC-05:00] [5208:7148] [FcVpnSched  88   debug] default msg 26
[2026-04-06 05:07:02.6810022 UTC-05:00] [5208:7148] [FcVpnSched  88   debug] default msg 26
[2026-04-06 05:07:02.6826806 UTC-05:00] [5208:7148] [FcVpnSched  88   debug] default msg 26
[2026-04-06 05:07:02.6843553 UTC-05:00] [5208:7148] [FcVpnSched  88   debug] default msg 26
[2026-04-06 05:07:02.6859997 UTC-05:00] [5208:7148] [FcVpnSched  88   debug] default msg 26
[2026-04-06 05:07:02.6876231 UTC-05:00] [5208:7148] [FcVpnSched  88   debug] default msg 26
[2026-04-06 05:07:02.6893973 UTC-05:00] [5208:7148] [FcVpnSched  88   debug] default msg 26
[2026-04-06 05:07:02.6911495 UTC-05:00] [5208:7148] [FcVpnSched  88   debug] default msg 26
[2026-04-06 05:07:02.6928306 UTC-05:00] [5208:7148] [FcVpnSched  88   debug] default msg 26
[2026-04-06 05:07:02.6945296 UTC-05:00] [5208:7148] [FcVpnSched  88   debug] default msg 26
[2026-04-06 05:07:02.6961810 UTC-05:00] [5208:7148] [FcVpnSched  88   debug] default msg 26
[2026-04-06 05:07:02.6978362 UTC-05:00] [5208:7148] [FcVpnSched  88   debug] default msg 26
[2026-04-06 05:07:02.6994863 UTC-05:00] [5208:7148] [FcVpnSched  88   debug] default msg 26
[2026-04-06 05:07:02.7011452 UTC-05:00] [5208:7148] [FcVpnSched  88   debug] default msg 26
[2026-04-06 05:07:02.7027710 UTC-05:00] [5208:7148] [FcVpnSched  88   debug] default msg 26
[2026-04-06 07:14:02.2306016 UTC-05:00] [5208:7148] [FcVpnSched  88   debug] default msg 30
[2026-04-06 07:14:02.3079758 UTC-05:00] [5208:7148] [FcVpnSched  88   debug] default msg 26
[2026-04-06 07:14:02.3102806 UTC-05:00] [5208:7148] [FcVpnSched  88   debug] default msg 26
[2026-04-06 07:14:02.3122816 UTC-05:00] [5208:7148] [FcVpnSched  88   debug] default msg 26
[2026-04-06 07:14:02.3142877 UTC-05:00] [5208:7148] [FcVpnSched  88   debug] default msg 26
[2026-04-06 07:14:02.3163269 UTC-05:00] [5208:7148] [FcVpnSched  88   debug] default msg 26
[2026-04-06 07:14:02.3183347 UTC-05:00] [5208:7148] [FcVpnSched  88   debug] default msg 26
[2026-04-06 07:14:02.3205332 UTC-05:00] [5208:7148] [FcVpnSched  88   debug] default msg 26
[2026-04-06 07:14:02.3226035 UTC-05:00] [5208:7148] [FcVpnSched  88   debug] default msg 26
[2026-04-06 07:14:02.3246892 UTC-05:00] [5208:7148] [FcVpnSched  88   debug] default msg 26
[2026-04-06 07:14:02.3267384 UTC-05:00] [5208:7148] [FcVpnSched  88   debug] default msg 26
[2026-04-06 07:14:02.3287798 UTC-05:00] [5208:7148] [FcVpnSched  88   debug] default msg 26
[2026-04-06 07:14:02.3308299 UTC-05:00] [5208:7148] [FcVpnSched  88   debug] default msg 26
[2026-04-06 07:14:02.3327545 UTC-05:00] [5208:7148] [FcVpnSched  88   debug] default msg 26
[2026-04-06 07:14:02.3349199 UTC-05:00] [5208:7148] [FcVpnSched  88   debug] default msg 26
[2026-04-06 07:14:02.3367868 UTC-05:00] [5208:7148] [FcVpnSched  88   debug] default msg 26
[2026-04-06 07:14:02.3393871 UTC-05:00] [5208:7148] [FcVpnSched  88   debug] default msg 26
[2026-04-06 07:14:02.3415144 UTC-05:00] [5208:7148] [FcVpnSched  88   debug] default msg 26
[2026-04-06 07:14:02.3435893 UTC-05:00] [5208:7148] [FcVpnSched  88   debug] default msg 26
[2026-04-06 07:14:02.3458001 UTC-05:00] [5208:7148] [FcVpnSched  88   debug] default msg 26
[2026-04-06 07:14:02.3478640 UTC-05:00] [5208:7148] [FcVpnSched  88   debug] default msg 26
[2026-04-06 07:14:02.3500002 UTC-05:00] [5208:7148] [FcVpnSched  88   debug] default msg 26
[2026-04-06 07:14:02.3521504 UTC-05:00] [5208:7148] [FcVpnSched  88   debug] default msg 26
[2026-04-06 07:14:02.3542795 UTC-05:00] [5208:7148] [FcVpnSched  88   debug] default msg 26
[2026-04-06 07:14:02.3564436 UTC-05:00] [5208:7148] [FcVpnSched  88   debug] default msg 26
[2026-04-06 07:14:02.3586882 UTC-05:00] [5208:7148] [FcVpnSched  88   debug] default msg 26
[2026-04-06 07:14:02.3607603 UTC-05:00] [5208:7148] [FcVpnSched  88   debug] default msg 26
[2026-04-06 07:14:02.3628851 UTC-05:00] [5208:7148] [FcVpnSched  88   debug] default msg 26
[2026-04-06 07:14:02.3648905 UTC-05:00] [5208:7148] [FcVpnSched  88   debug] default msg 26
[2026-04-06 07:14:02.3670302 UTC-05:00] [5208:7148] [FcVpnSched  88   debug] default msg 26
[2026-04-06 07:14:02.3692502 UTC-05:00] [5208:7148] [FcVpnSched  88   debug] default msg 26
[2026-04-06 07:14:02.3712763 UTC-05:00] [5208:7148] [FcVpnSched  88   debug] default msg 26
[2026-04-06 07:14:02.3734541 UTC-05:00] [5208:7148] [FcVpnSched  88   debug] default msg 26
[2026-04-06 07:14:02.3756129 UTC-05:00] [5208:7148] [FcVpnSched  88   debug] default msg 26
[2026-04-06 07:14:02.3776212 UTC-05:00] [5208:7148] [FcVpnSched  88   debug] default msg 26
[2026-04-06 07:14:02.3797118 UTC-05:00] [5208:7148] [FcVpnSched  88   debug] default msg 26
[2026-04-06 07:14:02.3819131 UTC-05:00] [5208:7148] [FcVpnSched  88   debug] default msg 26
[2026-04-06 07:14:02.3843032 UTC-05:00] [5208:7148] [FcVpnSched  88   debug] default msg 26
[2026-04-06 07:14:02.3865598 UTC-05:00] [5208:7148] [FcVpnSched  88   debug] default msg 26
[2026-04-06 07:14:02.3885924 UTC-05:00] [5208:7148] [FcVpnSched  88   debug] default msg 26
[2026-04-06 07:14:02.3907314 UTC-05:00] [5208:7148] [FcVpnSched  88   debug] default msg 26
[2026-04-06 07:14:02.3928847 UTC-05:00] [5208:7148] [FcVpnSched  88   debug] default msg 26
[2026-04-06 07:14:02.3950311 UTC-05:00] [5208:7148] [FcVpnSched  88   debug] default msg 26
[2026-04-06 07:14:02.3972757 UTC-05:00] [5208:7148] [FcVpnSched  88   debug] default msg 26
[2026-04-06 07:14:02.3992847 UTC-05:00] [5208:7148] [FcVpnSched  88   debug] default msg 26
[2026-04-06 07:14:02.4019483 UTC-05:00] [5208:7148] [FcVpnSched  88   debug] default msg 26
[2026-04-06 07:14:02.4044100 UTC-05:00] [5208:7148] [FcVpnSched  88   debug] default msg 26
[2026-04-06 07:14:02.4066494 UTC-05:00] [5208:7148] [FcVpnSched  88   debug] default msg 26
[2026-04-06 07:14:02.4088556 UTC-05:00] [5208:7148] [FcVpnSched  88   debug] default msg 26
[2026-04-06 07:14:02.4109371 UTC-05:00] [5208:7148] [FcVpnSched  88   debug] default msg 26
[2026-04-06 07:14:02.4130569 UTC-05:00] [5208:7148] [FcVpnSched  88   debug] default msg 26
[2026-04-06 07:14:02.4151730 UTC-05:00] [5208:7148] [FcVpnSched  88   debug] default msg 26
[2026-04-06 07:14:02.4172725 UTC-05:00] [5208:7148] [FcVpnSched  88   debug] default msg 26
[2026-04-06 07:14:02.4193219 UTC-05:00] [5208:7148] [FcVpnSched  88   debug] default msg 26
[2026-04-06 07:14:02.4213415 UTC-05:00] [5208:7148] [FcVpnSched  88   debug] default msg 26
[2026-04-06 07:14:02.4233443 UTC-05:00] [5208:7148] [FcVpnSched  88   debug] default msg 26
[2026-04-06 07:14:02.4253754 UTC-05:00] [5208:7148] [FcVpnSched  88   debug] default msg 26
[2026-04-06 08:57:01.8189175 UTC-05:00] [5208:7148] [FcVpnSched  88   debug] default msg 30
[2026-04-06 08:57:01.9081645 UTC-05:00] [5208:7148] [FcVpnSched  88   debug] default msg 26
[2026-04-06 08:57:01.9103776 UTC-05:00] [5208:7148] [FcVpnSched  88   debug] default msg 26
[2026-04-06 08:57:01.9126424 UTC-05:00] [5208:7148] [FcVpnSched  88   debug] default msg 26
[2026-04-06 08:57:01.9149588 UTC-05:00] [5208:7148] [FcVpnSched  88   debug] default msg 26
[2026-04-06 08:57:01.9169150 UTC-05:00] [5208:7148] [FcVpnSched  88   debug] default msg 26
[2026-04-06 08:57:01.9187014 UTC-05:00] [5208:7148] [FcVpnSched  88   debug] default msg 26
[2026-04-06 08:57:01.9204496 UTC-05:00] [5208:7148] [FcVpnSched  88   debug] default msg 26
[2026-04-06 08:57:01.9222046 UTC-05:00] [5208:7148] [FcVpnSched  88   debug] default msg 26
[2026-04-06 08:57:01.9238764 UTC-05:00] [5208:7148] [FcVpnSched  88   debug] default msg 26
[2026-04-06 08:57:01.9256902 UTC-05:00] [5208:7148] [FcVpnSched  88   debug] default msg 26
[2026-04-06 08:57:01.9277437 UTC-05:00] [5208:7148] [FcVpnSched  88   debug] default msg 26
[2026-04-06 08:57:01.9298983 UTC-05:00] [5208:7148] [FcVpnSched  88   debug] default msg 26
[2026-04-06 08:57:01.9319606 UTC-05:00] [5208:7148] [FcVpnSched  88   debug] default msg 26
[2026-04-06 08:57:01.9339506 UTC-05:00] [5208:7148] [FcVpnSched  88   debug] default msg 26
[2026-04-06 08:57:01.9358603 UTC-05:00] [5208:7148] [FcVpnSched  88   debug] default msg 26
[2026-04-06 08:57:01.9377230 UTC-05:00] [5208:7148] [FcVpnSched  88   debug] default msg 26
[2026-04-06 08:57:01.9395570 UTC-05:00] [5208:7148] [FcVpnSched  88   debug] default msg 26
[2026-04-06 08:57:01.9415522 UTC-05:00] [5208:7148] [FcVpnSched  88   debug] default msg 26
[2026-04-06 08:57:01.9446917 UTC-05:00] [5208:7148] [FcVpnSched  88   debug] default msg 26
[2026-04-06 08:57:01.9471598 UTC-05:00] [5208:7148] [FcVpnSched  88   debug] default msg 26
[2026-04-06 08:57:01.9495133 UTC-05:00] [5208:7148] [FcVpnSched  88   debug] default msg 26
[2026-04-06 08:57:01.9514654 UTC-05:00] [5208:7148] [FcVpnSched  88   debug] default msg 26
[2026-04-06 08:57:01.9533759 UTC-05:00] [5208:7148] [FcVpnSched  88   debug] default msg 26
[2026-04-06 08:57:01.9553319 UTC-05:00] [5208:7148] [FcVpnSched  88   debug] default msg 26
[2026-04-06 08:57:01.9573193 UTC-05:00] [5208:7148] [FcVpnSched  88   debug] default msg 26
[2026-04-06 08:57:01.9595201 UTC-05:00] [5208:7148] [FcVpnSched  88   debug] default msg 26
[2026-04-06 08:57:01.9617510 UTC-05:00] [5208:7148] [FcVpnSched  88   debug] default msg 26
[2026-04-06 08:57:01.9639192 UTC-05:00] [5208:7148] [FcVpnSched  88   debug] default msg 26
[2026-04-06 08:57:01.9661647 UTC-05:00] [5208:7148] [FcVpnSched  88   debug] default msg 26
[2026-04-06 08:57:01.9683440 UTC-05:00] [5208:7148] [FcVpnSched  88   debug] default msg 26
[2026-04-06 08:57:01.9706098 UTC-05:00] [5208:7148] [FcVpnSched  88   debug] default msg 26
[2026-04-06 08:57:01.9730942 UTC-05:00] [5208:7148] [FcVpnSched  88   debug] default msg 26
[2026-04-06 08:57:01.9756528 UTC-05:00] [5208:7148] [FcVpnSched  88   debug] default msg 26
[2026-04-06 08:57:01.9785363 UTC-05:00] [5208:7148] [FcVpnSched  88   debug] default msg 26
[2026-04-06 08:57:01.9807529 UTC-05:00] [5208:7148] [FcVpnSched  88   debug] default msg 26
[2026-04-06 08:57:01.9830149 UTC-05:00] [5208:7148] [FcVpnSched  88   debug] default msg 26
[2026-04-06 08:57:01.9852749 UTC-05:00] [5208:7148] [FcVpnSched  88   debug] default msg 26
[2026-04-06 08:57:01.9875584 UTC-05:00] [5208:7148] [FcVpnSched  88   debug] default msg 26
[2026-04-06 08:57:01.9893643 UTC-05:00] [5208:7148] [FcVpnSched  88   debug] default msg 26
[2026-04-06 08:57:01.9912522 UTC-05:00] [5208:7148] [FcVpnSched  88   debug] default msg 26
[2026-04-06 08:57:01.9930738 UTC-05:00] [5208:7148] [FcVpnSched  88   debug] default msg 26
[2026-04-06 08:57:01.9948718 UTC-05:00] [5208:7148] [FcVpnSched  88   debug] default msg 26
[2026-04-06 08:57:01.9966080 UTC-05:00] [5208:7148] [FcVpnSched  88   debug] default msg 26
[2026-04-06 08:57:01.9983420 UTC-05:00] [5208:7148] [FcVpnSched  88   debug] default msg 26
[2026-04-06 08:57:02.0000619 UTC-05:00] [5208:7148] [FcVpnSched  88   debug] default msg 26
[2026-04-06 08:57:02.0018051 UTC-05:00] [5208:7148] [FcVpnSched  88   debug] default msg 26
[2026-04-06 08:57:02.0035081 UTC-05:00] [5208:7148] [FcVpnSched  88   debug] default msg 26
[2026-04-06 08:57:02.0051840 UTC-05:00] [5208:7148] [FcVpnSched  88   debug] default msg 26
[2026-04-06 08:57:02.0069744 UTC-05:00] [5208:7148] [FcVpnSched  88   debug] default msg 26
[2026-04-06 08:57:02.0087994 UTC-05:00] [5208:7148] [FcVpnSched  88   debug] default msg 26
[2026-04-06 08:57:02.0105422 UTC-05:00] [5208:7148] [FcVpnSched  88   debug] default msg 26
[2026-04-06 08:57:02.0122726 UTC-05:00] [5208:7148] [FcVpnSched  88   debug] default msg 26
[2026-04-06 08:57:02.0140040 UTC-05:00] [5208:7148] [FcVpnSched  88   debug] default msg 26
[2026-04-06 08:57:02.0159652 UTC-05:00] [5208:7148] [FcVpnSched  88   debug] default msg 26
[2026-04-06 08:57:02.0177405 UTC-05:00] [5208:7148] [FcVpnSched  88   debug] default msg 26
[2026-04-06 08:57:02.0194974 UTC-05:00] [5208:7148] [FcVpnSched  88   debug] default msg 26
[2026-04-06 12:47:02.4264539 UTC-05:00] [5208:7148] [FcVpnSched  88   debug] default msg 30
[2026-04-06 12:47:02.5058230 UTC-05:00] [5208:7148] [FcVpnSched  88   debug] default msg 26
[2026-04-06 12:47:02.5085070 UTC-05:00] [5208:7148] [FcVpnSched  88   debug] default msg 26
[2026-04-06 12:47:02.5104875 UTC-05:00] [5208:7148] [FcVpnSched  88   debug] default msg 26
[2026-04-06 12:47:02.5124441 UTC-05:00] [5208:7148] [FcVpnSched  88   debug] default msg 26
[2026-04-06 12:47:02.5144217 UTC-05:00] [5208:7148] [FcVpnSched  88   debug] default msg 26
[2026-04-06 12:47:02.5164073 UTC-05:00] [5208:7148] [FcVpnSched  88   debug] default msg 26
[2026-04-06 12:47:02.5184690 UTC-05:00] [5208:7148] [FcVpnSched  88   debug] default msg 26
[2026-04-06 12:47:02.5205220 UTC-05:00] [5208:7148] [FcVpnSched  88   debug] default msg 26
[2026-04-06 12:47:02.5224766 UTC-05:00] [5208:7148] [FcVpnSched  88   debug] default msg 26
[2026-04-06 12:47:02.5244276 UTC-05:00] [5208:7148] [FcVpnSched  88   debug] default msg 26
[2026-04-06 12:47:02.5263646 UTC-05:00] [5208:7148] [FcVpnSched  88   debug] default msg 26
[2026-04-06 12:47:02.5282983 UTC-05:00] [5208:7148] [FcVpnSched  88   debug] default msg 26
[2026-04-06 12:47:02.5302689 UTC-05:00] [5208:7148] [FcVpnSched  88   debug] default msg 26
[2026-04-06 12:47:02.5322237 UTC-05:00] [5208:7148] [FcVpnSched  88   debug] default msg 26
[2026-04-06 12:47:02.5343918 UTC-05:00] [5208:7148] [FcVpnSched  88   debug] default msg 26
[2026-04-06 12:47:02.5367191 UTC-05:00] [5208:7148] [FcVpnSched  88   debug] default msg 26
[2026-04-06 12:47:02.5387776 UTC-05:00] [5208:7148] [FcVpnSched  88   debug] default msg 26
[2026-04-06 12:47:02.5408297 UTC-05:00] [5208:7148] [FcVpnSched  88   debug] default msg 26
[2026-04-06 12:47:02.5427753 UTC-05:00] [5208:7148] [FcVpnSched  88   debug] default msg 26
[2026-04-06 12:47:02.5447661 UTC-05:00] [5208:7148] [FcVpnSched  88   debug] default msg 26
[2026-04-06 12:47:02.5467260 UTC-05:00] [5208:7148] [FcVpnSched  88   debug] default msg 26
[2026-04-06 12:47:02.5486200 UTC-05:00] [5208:7148] [FcVpnSched  88   debug] default msg 26
[2026-04-06 12:47:02.5506153 UTC-05:00] [5208:7148] [FcVpnSched  88   debug] default msg 26
[2026-04-06 12:47:02.5526437 UTC-05:00] [5208:7148] [FcVpnSched  88   debug] default msg 26
[2026-04-06 12:47:02.5546507 UTC-05:00] [5208:7148] [FcVpnSched  88   debug] default msg 26
[2026-04-06 12:47:02.5568463 UTC-05:00] [5208:7148] [FcVpnSched  88   debug] default msg 26
[2026-04-06 12:47:02.5588227 UTC-05:00] [5208:7148] [FcVpnSched  88   debug] default msg 26
[2026-04-06 12:47:02.5608080 UTC-05:00] [5208:7148] [FcVpnSched  88   debug] default msg 26
[2026-04-06 12:47:02.5628212 UTC-05:00] [5208:7148] [FcVpnSched  88   debug] default msg 26
[2026-04-06 12:47:02.5647391 UTC-05:00] [5208:7148] [FcVpnSched  88   debug] default msg 26
[2026-04-06 12:47:02.5668168 UTC-05:00] [5208:7148] [FcVpnSched  88   debug] default msg 26
[2026-04-06 12:47:02.5688005 UTC-05:00] [5208:7148] [FcVpnSched  88   debug] default msg 26
[2026-04-06 12:47:02.5707458 UTC-05:00] [5208:7148] [FcVpnSched  88   debug] default msg 26
[2026-04-06 12:47:02.5726915 UTC-05:00] [5208:7148] [FcVpnSched  88   debug] default msg 26
[2026-04-06 12:47:02.5746080 UTC-05:00] [5208:7148] [FcVpnSched  88   debug] default msg 26
[2026-04-06 12:47:02.5765850 UTC-05:00] [5208:7148] [FcVpnSched  88   debug] default msg 26
[2026-04-06 12:47:02.5785230 UTC-05:00] [5208:7148] [FcVpnSched  88   debug] default msg 26
[2026-04-06 12:47:02.5804768 UTC-05:00] [5208:7148] [FcVpnSched  88   debug] default msg 26
[2026-04-06 12:47:02.5826869 UTC-05:00] [5208:7148] [FcVpnSched  88   debug] default msg 26
[2026-04-06 12:47:02.5846810 UTC-05:00] [5208:7148] [FcVpnSched  88   debug] default msg 26
[2026-04-06 12:47:02.5865951 UTC-05:00] [5208:7148] [FcVpnSched  88   debug] default msg 26
[2026-04-06 12:47:02.5884984 UTC-05:00] [5208:7148] [FcVpnSched  88   debug] default msg 26
[2026-04-06 12:47:02.5904884 UTC-05:00] [5208:7148] [FcVpnSched  88   debug] default msg 26
[2026-04-06 12:47:02.5924723 UTC-05:00] [5208:7148] [FcVpnSched  88   debug] default msg 26
[2026-04-06 12:47:02.5943995 UTC-05:00] [5208:7148] [FcVpnSched  88   debug] default msg 26
[2026-04-06 12:47:02.5965233 UTC-05:00] [5208:7148] [FcVpnSched  88   debug] default msg 26
[2026-04-06 12:47:02.5987679 UTC-05:00] [5208:7148] [FcVpnSched  88   debug] default msg 26
[2026-04-06 12:47:02.6009514 UTC-05:00] [5208:7148] [FcVpnSched  88   debug] default msg 26
[2026-04-06 12:47:02.6029719 UTC-05:00] [5208:7148] [FcVpnSched  88   debug] default msg 26
[2026-04-06 12:47:02.6049514 UTC-05:00] [5208:7148] [FcVpnSched  88   debug] default msg 26
[2026-04-06 12:47:02.6069723 UTC-05:00] [5208:7148] [FcVpnSched  88   debug] default msg 26
[2026-04-06 12:47:02.6089576 UTC-05:00] [5208:7148] [FcVpnSched  88   debug] default msg 26
[2026-04-06 12:47:02.6109544 UTC-05:00] [5208:7148] [FcVpnSched  88   debug] default msg 26
[2026-04-06 12:47:02.6130284 UTC-05:00] [5208:7148] [FcVpnSched  88   debug] default msg 26
[2026-04-06 12:47:02.6149817 UTC-05:00] [5208:7148] [FcVpnSched  88   debug] default msg 26
[2026-04-06 12:47:02.6169410 UTC-05:00] [5208:7148] [FcVpnSched  88   debug] default msg 26
[2026-04-06 15:14:02.2885330 UTC-05:00] [5208:7148] [FcVpnSched  88   debug] default msg 30
[2026-04-06 15:14:02.3734879 UTC-05:00] [5208:7148] [FcVpnSched  88   debug] default msg 26
[2026-04-06 15:14:02.3761263 UTC-05:00] [5208:7148] [FcVpnSched  88   debug] default msg 26
[2026-04-06 15:14:02.3780922 UTC-05:00] [5208:7148] [FcVpnSched  88   debug] default msg 26
[2026-04-06 15:14:02.3799875 UTC-05:00] [5208:7148] [FcVpnSched  88   debug] default msg 26
[2026-04-06 15:14:02.3818891 UTC-05:00] [5208:7148] [FcVpnSched  88   debug] default msg 26
[2026-04-06 15:14:02.3837551 UTC-05:00] [5208:7148] [FcVpnSched  88   debug] default msg 26
[2026-04-06 15:14:02.3858815 UTC-05:00] [5208:7148] [FcVpnSched  88   debug] default msg 26
[2026-04-06 15:14:02.3877319 UTC-05:00] [5208:7148] [FcVpnSched  88   debug] default msg 26
[2026-04-06 15:14:02.3895804 UTC-05:00] [5208:7148] [FcVpnSched  88   debug] default msg 26
[2026-04-06 15:14:02.3914688 UTC-05:00] [5208:7148] [FcVpnSched  88   debug] default msg 26
[2026-04-06 15:14:02.3932961 UTC-05:00] [5208:7148] [FcVpnSched  88   debug] default msg 26
[2026-04-06 15:14:02.3951101 UTC-05:00] [5208:7148] [FcVpnSched  88   debug] default msg 26
[2026-04-06 15:14:02.3969693 UTC-05:00] [5208:7148] [FcVpnSched  88   debug] default msg 26
[2026-04-06 15:14:02.3987646 UTC-05:00] [5208:7148] [FcVpnSched  88   debug] default msg 26
[2026-04-06 15:14:02.4011875 UTC-05:00] [5208:7148] [FcVpnSched  88   debug] default msg 26
[2026-04-06 15:14:02.4035405 UTC-05:00] [5208:7148] [FcVpnSched  88   debug] default msg 26
[2026-04-06 15:14:02.4054938 UTC-05:00] [5208:7148] [FcVpnSched  88   debug] default msg 26
[2026-04-06 15:14:02.4073808 UTC-05:00] [5208:7148] [FcVpnSched  88   debug] default msg 26
[2026-04-06 15:14:02.4092509 UTC-05:00] [5208:7148] [FcVpnSched  88   debug] default msg 26
[2026-04-06 15:14:02.4110872 UTC-05:00] [5208:7148] [FcVpnSched  88   debug] default msg 26
[2026-04-06 15:14:02.4129018 UTC-05:00] [5208:7148] [FcVpnSched  88   debug] default msg 26
[2026-04-06 15:14:02.4149160 UTC-05:00] [5208:7148] [FcVpnSched  88   debug] default msg 26
[2026-04-06 15:14:02.4168618 UTC-05:00] [5208:7148] [FcVpnSched  88   debug] default msg 26
[2026-04-06 15:14:02.4187893 UTC-05:00] [5208:7148] [FcVpnSched  88   debug] default msg 26
[2026-04-06 15:14:02.4206657 UTC-05:00] [5208:7148] [FcVpnSched  88   debug] default msg 26
[2026-04-06 15:14:02.4231542 UTC-05:00] [5208:7148] [FcVpnSched  88   debug] default msg 26
[2026-04-06 15:14:02.4250065 UTC-05:00] [5208:7148] [FcVpnSched  88   debug] default msg 26
[2026-04-06 15:14:02.4268741 UTC-05:00] [5208:7148] [FcVpnSched  88   debug] default msg 26
[2026-04-06 15:14:02.4286502 UTC-05:00] [5208:7148] [FcVpnSched  88   debug] default msg 26
[2026-04-06 15:14:02.4307548 UTC-05:00] [5208:7148] [FcVpnSched  88   debug] default msg 26
[2026-04-06 15:14:02.4332332 UTC-05:00] [5208:7148] [FcVpnSched  88   debug] default msg 26
[2026-04-06 15:14:02.4353630 UTC-05:00] [5208:7148] [FcVpnSched  88   debug] default msg 26
[2026-04-06 15:14:02.4373773 UTC-05:00] [5208:7148] [FcVpnSched  88   debug] default msg 26
[2026-04-06 15:14:02.4394165 UTC-05:00] [5208:7148] [FcVpnSched  88   debug] default msg 26
[2026-04-06 15:14:02.4414239 UTC-05:00] [5208:7148] [FcVpnSched  88   debug] default msg 26
[2026-04-06 15:14:02.4434360 UTC-05:00] [5208:7148] [FcVpnSched  88   debug] default msg 26
[2026-04-06 15:14:02.4460936 UTC-05:00] [5208:7148] [FcVpnSched  88   debug] default msg 26
[2026-04-06 15:14:02.4489870 UTC-05:00] [5208:7148] [FcVpnSched  88   debug] default msg 26
[2026-04-06 15:14:02.4512260 UTC-05:00] [5208:7148] [FcVpnSched  88   debug] default msg 26
[2026-04-06 15:14:02.4531345 UTC-05:00] [5208:7148] [FcVpnSched  88   debug] default msg 26
[2026-04-06 15:14:02.4551885 UTC-05:00] [5208:7148] [FcVpnSched  88   debug] default msg 26
[2026-04-06 15:14:02.4572314 UTC-05:00] [5208:7148] [FcVpnSched  88   debug] default msg 26
[2026-04-06 15:14:02.4592193 UTC-05:00] [5208:7148] [FcVpnSched  88   debug] default msg 26
[2026-04-06 15:14:02.4611593 UTC-05:00] [5208:7148] [FcVpnSched  88   debug] default msg 26
[2026-04-06 15:14:02.4631685 UTC-05:00] [5208:7148] [FcVpnSched  88   debug] default msg 26
[2026-04-06 15:14:02.4651708 UTC-05:00] [5208:7148] [FcVpnSched  88   debug] default msg 26
[2026-04-06 15:14:02.4671164 UTC-05:00] [5208:7148] [FcVpnSched  88   debug] default msg 26
[2026-04-06 15:14:02.4690848 UTC-05:00] [5208:7148] [FcVpnSched  88   debug] default msg 26
[2026-04-06 15:14:02.4710982 UTC-05:00] [5208:7148] [FcVpnSched  88   debug] default msg 26
[2026-04-06 15:14:02.4729872 UTC-05:00] [5208:7148] [FcVpnSched  88   debug] default msg 26
[2026-04-06 15:14:02.4748335 UTC-05:00] [5208:7148] [FcVpnSched  88   debug] default msg 26
[2026-04-06 15:14:02.4768201 UTC-05:00] [5208:7148] [FcVpnSched  88   debug] default msg 26
[2026-04-06 15:14:02.4788523 UTC-05:00] [5208:7148] [FcVpnSched  88   debug] default msg 26
[2026-04-06 15:14:02.4808438 UTC-05:00] [5208:7148] [FcVpnSched  88   debug] default msg 26
[2026-04-06 15:14:02.4827858 UTC-05:00] [5208:7148] [FcVpnSched  88   debug] default msg 26
[2026-04-06 15:14:02.4848876 UTC-05:00] [5208:7148] [FcVpnSched  88   debug] default msg 26
[2026-04-06 16:37:02.0153398 UTC-05:00] [5208:7148] [FcVpnSched  88   debug] default msg 30
[2026-04-06 16:37:02.0988652 UTC-05:00] [5208:7148] [FcVpnSched  88   debug] default msg 26
[2026-04-06 16:37:02.1008897 UTC-05:00] [5208:7148] [FcVpnSched  88   debug] default msg 26
[2026-04-06 16:37:02.1026355 UTC-05:00] [5208:7148] [FcVpnSched  88   debug] default msg 26
[2026-04-06 16:37:02.1042681 UTC-05:00] [5208:7148] [FcVpnSched  88   debug] default msg 26
[2026-04-06 16:37:02.1058427 UTC-05:00] [5208:7148] [FcVpnSched  88   debug] default msg 26
[2026-04-06 16:37:02.1073864 UTC-05:00] [5208:7148] [FcVpnSched  88   debug] default msg 26
[2026-04-06 16:37:02.1089663 UTC-05:00] [5208:7148] [FcVpnSched  88   debug] default msg 26
[2026-04-06 16:37:02.1105254 UTC-05:00] [5208:7148] [FcVpnSched  88   debug] default msg 26
[2026-04-06 16:37:02.1120794 UTC-05:00] [5208:7148] [FcVpnSched  88   debug] default msg 26
[2026-04-06 16:37:02.1136235 UTC-05:00] [5208:7148] [FcVpnSched  88   debug] default msg 26
[2026-04-06 16:37:02.1151500 UTC-05:00] [5208:7148] [FcVpnSched  88   debug] default msg 26
[2026-04-06 16:37:02.1167902 UTC-05:00] [5208:7148] [FcVpnSched  88   debug] default msg 26
[2026-04-06 16:37:02.1183706 UTC-05:00] [5208:7148] [FcVpnSched  88   debug] default msg 26
[2026-04-06 16:37:02.1199201 UTC-05:00] [5208:7148] [FcVpnSched  88   debug] default msg 26
[2026-04-06 16:37:02.1214394 UTC-05:00] [5208:7148] [FcVpnSched  88   debug] default msg 26
[2026-04-06 16:37:02.1229967 UTC-05:00] [5208:7148] [FcVpnSched  88   debug] default msg 26
[2026-04-06 16:37:02.1245375 UTC-05:00] [5208:7148] [FcVpnSched  88   debug] default msg 26
[2026-04-06 16:37:02.1261071 UTC-05:00] [5208:7148] [FcVpnSched  88   debug] default msg 26
[2026-04-06 16:37:02.1276652 UTC-05:00] [5208:7148] [FcVpnSched  88   debug] default msg 26
[2026-04-06 16:37:02.1292104 UTC-05:00] [5208:7148] [FcVpnSched  88   debug] default msg 26
[2026-04-06 16:37:02.1307719 UTC-05:00] [5208:7148] [FcVpnSched  88   debug] default msg 26
[2026-04-06 16:37:02.1326221 UTC-05:00] [5208:7148] [FcVpnSched  88   debug] default msg 26
[2026-04-06 16:37:02.1345363 UTC-05:00] [5208:7148] [FcVpnSched  88   debug] default msg 26
[2026-04-06 16:37:02.1361806 UTC-05:00] [5208:7148] [FcVpnSched  88   debug] default msg 26
[2026-04-06 16:37:02.1377580 UTC-05:00] [5208:7148] [FcVpnSched  88   debug] default msg 26
[2026-04-06 16:37:02.1393764 UTC-05:00] [5208:7148] [FcVpnSched  88   debug] default msg 26
[2026-04-06 16:37:02.1409764 UTC-05:00] [5208:7148] [FcVpnSched  88   debug] default msg 26
[2026-04-06 16:37:02.1425578 UTC-05:00] [5208:7148] [FcVpnSched  88   debug] default msg 26
[2026-04-06 16:37:02.1441401 UTC-05:00] [5208:7148] [FcVpnSched  88   debug] default msg 26
[2026-04-06 16:37:02.1457841 UTC-05:00] [5208:7148] [FcVpnSched  88   debug] default msg 26
[2026-04-06 16:37:02.1475306 UTC-05:00] [5208:7148] [FcVpnSched  88   debug] default msg 26
[2026-04-06 16:37:02.1492880 UTC-05:00] [5208:7148] [FcVpnSched  88   debug] default msg 26
[2026-04-06 16:37:02.1510065 UTC-05:00] [5208:7148] [FcVpnSched  88   debug] default msg 26
[2026-04-06 16:37:02.1527273 UTC-05:00] [5208:7148] [FcVpnSched  88   debug] default msg 26
[2026-04-06 16:37:02.1544325 UTC-05:00] [5208:7148] [FcVpnSched  88   debug] default msg 26
[2026-04-06 16:37:02.1561348 UTC-05:00] [5208:7148] [FcVpnSched  88   debug] default msg 26
[2026-04-06 16:37:02.1577803 UTC-05:00] [5208:7148] [FcVpnSched  88   debug] default msg 26
[2026-04-06 16:37:02.1595299 UTC-05:00] [5208:7148] [FcVpnSched  88   debug] default msg 26
[2026-04-06 16:37:02.1612536 UTC-05:00] [5208:7148] [FcVpnSched  88   debug] default msg 26
[2026-04-06 16:37:02.1629073 UTC-05:00] [5208:7148] [FcVpnSched  88   debug] default msg 26
[2026-04-06 16:37:02.1649425 UTC-05:00] [5208:7148] [FcVpnSched  88   debug] default msg 26
[2026-04-06 16:37:02.1667294 UTC-05:00] [5208:7148] [FcVpnSched  88   debug] default msg 26
[2026-04-06 16:37:02.1684769 UTC-05:00] [5208:7148] [FcVpnSched  88   debug] default msg 26
[2026-04-06 16:37:02.1702301 UTC-05:00] [5208:7148] [FcVpnSched  88   debug] default msg 26
[2026-04-06 16:37:02.1719775 UTC-05:00] [5208:7148] [FcVpnSched  88   debug] default msg 26
[2026-04-06 16:37:02.1737132 UTC-05:00] [5208:7148] [FcVpnSched  88   debug] default msg 26
[2026-04-06 16:37:02.1754518 UTC-05:00] [5208:7148] [FcVpnSched  88   debug] default msg 26
[2026-04-06 16:37:02.1771767 UTC-05:00] [5208:7148] [FcVpnSched  88   debug] default msg 26
[2026-04-06 16:37:02.1792994 UTC-05:00] [5208:7148] [FcVpnSched  88   debug] default msg 26
[2026-04-06 16:37:02.1814710 UTC-05:00] [5208:7148] [FcVpnSched  88   debug] default msg 26
[2026-04-06 16:37:02.1833052 UTC-05:00] [5208:7148] [FcVpnSched  88   debug] default msg 26
[2026-04-06 16:37:02.1850847 UTC-05:00] [5208:7148] [FcVpnSched  88   debug] default msg 26
[2026-04-06 16:37:02.1868354 UTC-05:00] [5208:7148] [FcVpnSched  88   debug] default msg 26
[2026-04-06 16:37:02.1885826 UTC-05:00] [5208:7148] [FcVpnSched  88   debug] default msg 26
[2026-04-06 16:37:02.1903285 UTC-05:00] [5208:7148] [FcVpnSched  88   debug] default msg 26
[2026-04-06 16:37:02.1920838 UTC-05:00] [5208:7148] [FcVpnSched  88   debug] default msg 26
[2026-04-06 20:27:01.7446461 UTC-05:00] [5208:7148] [FcVpnSched  88   debug] default msg 30
[2026-04-06 20:27:01.8256969 UTC-05:00] [5208:7148] [FcVpnSched  88   debug] default msg 26
[2026-04-06 20:27:01.8289889 UTC-05:00] [5208:7148] [FcVpnSched  88   debug] default msg 26
[2026-04-06 20:27:01.8309061 UTC-05:00] [5208:7148] [FcVpnSched  88   debug] default msg 26
[2026-04-06 20:27:01.8327291 UTC-05:00] [5208:7148] [FcVpnSched  88   debug] default msg 26
[2026-04-06 20:27:01.8346528 UTC-05:00] [5208:7148] [FcVpnSched  88   debug] default msg 26
[2026-04-06 20:27:01.8368857 UTC-05:00] [5208:7148] [FcVpnSched  88   debug] default msg 26
[2026-04-06 20:27:01.8390863 UTC-05:00] [5208:7148] [FcVpnSched  88   debug] default msg 26
[2026-04-06 20:27:01.8411450 UTC-05:00] [5208:7148] [FcVpnSched  88   debug] default msg 26
[2026-04-06 20:27:01.8430568 UTC-05:00] [5208:7148] [FcVpnSched  88   debug] default msg 26
[2026-04-06 20:27:01.8449882 UTC-05:00] [5208:7148] [FcVpnSched  88   debug] default msg 26
[2026-04-06 20:27:01.8469293 UTC-05:00] [5208:7148] [FcVpnSched  88   debug] default msg 26
[2026-04-06 20:27:01.8488901 UTC-05:00] [5208:7148] [FcVpnSched  88   debug] default msg 26
[2026-04-06 20:27:01.8509813 UTC-05:00] [5208:7148] [FcVpnSched  88   debug] default msg 26
[2026-04-06 20:27:01.8532376 UTC-05:00] [5208:7148] [FcVpnSched  88   debug] default msg 26
[2026-04-06 20:27:01.8552095 UTC-05:00] [5208:7148] [FcVpnSched  88   debug] default msg 26
[2026-04-06 20:27:01.8571162 UTC-05:00] [5208:7148] [FcVpnSched  88   debug] default msg 26
[2026-04-06 20:27:01.8590288 UTC-05:00] [5208:7148] [FcVpnSched  88   debug] default msg 26
[2026-04-06 20:27:01.8609516 UTC-05:00] [5208:7148] [FcVpnSched  88   debug] default msg 26
[2026-04-06 20:27:01.8628517 UTC-05:00] [5208:7148] [FcVpnSched  88   debug] default msg 26
[2026-04-06 20:27:01.8647217 UTC-05:00] [5208:7148] [FcVpnSched  88   debug] default msg 26
[2026-04-06 20:27:01.8668286 UTC-05:00] [5208:7148] [FcVpnSched  88   debug] default msg 26
[2026-04-06 20:27:01.8688288 UTC-05:00] [5208:7148] [FcVpnSched  88   debug] default msg 26
[2026-04-06 20:27:01.8707105 UTC-05:00] [5208:7148] [FcVpnSched  88   debug] default msg 26
[2026-04-06 20:27:01.8724970 UTC-05:00] [5208:7148] [FcVpnSched  88   debug] default msg 26
[2026-04-06 20:27:01.8742765 UTC-05:00] [5208:7148] [FcVpnSched  88   debug] default msg 26
[2026-04-06 20:27:01.8760363 UTC-05:00] [5208:7148] [FcVpnSched  88   debug] default msg 26
[2026-04-06 20:27:01.8777346 UTC-05:00] [5208:7148] [FcVpnSched  88   debug] default msg 26
[2026-04-06 20:27:01.8797222 UTC-05:00] [5208:7148] [FcVpnSched  88   debug] default msg 26
[2026-04-06 20:27:01.8817444 UTC-05:00] [5208:7148] [FcVpnSched  88   debug] default msg 26
[2026-04-06 20:27:01.8837224 UTC-05:00] [5208:7148] [FcVpnSched  88   debug] default msg 26
[2026-04-06 20:27:01.8854826 UTC-05:00] [5208:7148] [FcVpnSched  88   debug] default msg 26
[2026-04-06 20:27:01.8872020 UTC-05:00] [5208:7148] [FcVpnSched  88   debug] default msg 26
[2026-04-06 20:27:01.8889704 UTC-05:00] [5208:7148] [FcVpnSched  88   debug] default msg 26
[2026-04-06 20:27:01.8907129 UTC-05:00] [5208:7148] [FcVpnSched  88   debug] default msg 26
[2026-04-06 20:27:01.8924780 UTC-05:00] [5208:7148] [FcVpnSched  88   debug] default msg 26
[2026-04-06 20:27:01.8942357 UTC-05:00] [5208:7148] [FcVpnSched  88   debug] default msg 26
[2026-04-06 20:27:01.8959791 UTC-05:00] [5208:7148] [FcVpnSched  88   debug] default msg 26
[2026-04-06 20:27:01.8980105 UTC-05:00] [5208:7148] [FcVpnSched  88   debug] default msg 26
[2026-04-06 20:27:01.8998248 UTC-05:00] [5208:7148] [FcVpnSched  88   debug] default msg 26
[2026-04-06 20:27:01.9015848 UTC-05:00] [5208:7148] [FcVpnSched  88   debug] default msg 26
[2026-04-06 20:27:01.9033064 UTC-05:00] [5208:7148] [FcVpnSched  88   debug] default msg 26
[2026-04-06 20:27:01.9050512 UTC-05:00] [5208:7148] [FcVpnSched  88   debug] default msg 26
[2026-04-06 20:27:01.9068514 UTC-05:00] [5208:7148] [FcVpnSched  88   debug] default msg 26
[2026-04-06 20:27:01.9086371 UTC-05:00] [5208:7148] [FcVpnSched  88   debug] default msg 26
[2026-04-06 20:27:01.9105402 UTC-05:00] [5208:7148] [FcVpnSched  88   debug] default msg 26
[2026-04-06 20:27:01.9125320 UTC-05:00] [5208:7148] [FcVpnSched  88   debug] default msg 26
[2026-04-06 20:27:01.9146316 UTC-05:00] [5208:7148] [FcVpnSched  88   debug] default msg 26
[2026-04-06 20:27:01.9169924 UTC-05:00] [5208:7148] [FcVpnSched  88   debug] default msg 26
[2026-04-06 20:27:01.9189093 UTC-05:00] [5208:7148] [FcVpnSched  88   debug] default msg 26
[2026-04-06 20:27:01.9207775 UTC-05:00] [5208:7148] [FcVpnSched  88   debug] default msg 26
[2026-04-06 20:27:01.9226313 UTC-05:00] [5208:7148] [FcVpnSched  88   debug] default msg 26
[2026-04-06 20:27:01.9244608 UTC-05:00] [5208:7148] [FcVpnSched  88   debug] default msg 26
[2026-04-06 20:27:01.9262754 UTC-05:00] [5208:7148] [FcVpnSched  88   debug] default msg 26
[2026-04-06 20:27:01.9282049 UTC-05:00] [5208:7148] [FcVpnSched  88   debug] default msg 26
[2026-04-06 20:27:01.9306695 UTC-05:00] [5208:7148] [FcVpnSched  88   debug] default msg 26
[2026-04-06 20:27:01.9329969 UTC-05:00] [5208:7148] [FcVpnSched  88   debug] default msg 26
[2026-04-06 23:14:02.4482621 UTC-05:00] [5208:7148] [FcVpnSched  88   debug] default msg 30
[2026-04-06 23:14:02.5300396 UTC-05:00] [5208:7148] [FcVpnSched  88   debug] default msg 26
[2026-04-06 23:14:02.5323391 UTC-05:00] [5208:7148] [FcVpnSched  88   debug] default msg 26
[2026-04-06 23:14:02.5341389 UTC-05:00] [5208:7148] [FcVpnSched  88   debug] default msg 26
[2026-04-06 23:14:02.5359446 UTC-05:00] [5208:7148] [FcVpnSched  88   debug] default msg 26
[2026-04-06 23:14:02.5378645 UTC-05:00] [5208:7148] [FcVpnSched  88   debug] default msg 26
[2026-04-06 23:14:02.5397211 UTC-05:00] [5208:7148] [FcVpnSched  88   debug] default msg 26
[2026-04-06 23:14:02.5415443 UTC-05:00] [5208:7148] [FcVpnSched  88   debug] default msg 26
[2026-04-06 23:14:02.5433504 UTC-05:00] [5208:7148] [FcVpnSched  88   debug] default msg 26
[2026-04-06 23:14:02.5451551 UTC-05:00] [5208:7148] [FcVpnSched  88   debug] default msg 26
[2026-04-06 23:14:02.5469581 UTC-05:00] [5208:7148] [FcVpnSched  88   debug] default msg 26
[2026-04-06 23:14:02.5487481 UTC-05:00] [5208:7148] [FcVpnSched  88   debug] default msg 26
[2026-04-06 23:14:02.5505608 UTC-05:00] [5208:7148] [FcVpnSched  88   debug] default msg 26
[2026-04-06 23:14:02.5532824 UTC-05:00] [5208:7148] [FcVpnSched  88   debug] default msg 26
[2026-04-06 23:14:02.5556701 UTC-05:00] [5208:7148] [FcVpnSched  88   debug] default msg 26
[2026-04-06 23:14:02.5574534 UTC-05:00] [5208:7148] [FcVpnSched  88   debug] default msg 26
[2026-04-06 23:14:02.5592447 UTC-05:00] [5208:7148] [FcVpnSched  88   debug] default msg 26
[2026-04-06 23:14:02.5610275 UTC-05:00] [5208:7148] [FcVpnSched  88   debug] default msg 26
[2026-04-06 23:14:02.5628491 UTC-05:00] [5208:7148] [FcVpnSched  88   debug] default msg 26
[2026-04-06 23:14:02.5646484 UTC-05:00] [5208:7148] [FcVpnSched  88   debug] default msg 26
[2026-04-06 23:14:02.5663959 UTC-05:00] [5208:7148] [FcVpnSched  88   debug] default msg 26
[2026-04-06 23:14:02.5681944 UTC-05:00] [5208:7148] [FcVpnSched  88   debug] default msg 26
[2026-04-06 23:14:02.5699908 UTC-05:00] [5208:7148] [FcVpnSched  88   debug] default msg 26
[2026-04-06 23:14:02.5717510 UTC-05:00] [5208:7148] [FcVpnSched  88   debug] default msg 26
[2026-04-06 23:14:02.5735060 UTC-05:00] [5208:7148] [FcVpnSched  88   debug] default msg 26
[2026-04-06 23:14:02.5752882 UTC-05:00] [5208:7148] [FcVpnSched  88   debug] default msg 26
[2026-04-06 23:14:02.5769840 UTC-05:00] [5208:7148] [FcVpnSched  88   debug] default msg 26
[2026-04-06 23:14:02.5787947 UTC-05:00] [5208:7148] [FcVpnSched  88   debug] default msg 26
[2026-04-06 23:14:02.5805283 UTC-05:00] [5208:7148] [FcVpnSched  88   debug] default msg 26
[2026-04-06 23:14:02.5825738 UTC-05:00] [5208:7148] [FcVpnSched  88   debug] default msg 26
[2026-04-06 23:14:02.5845179 UTC-05:00] [5208:7148] [FcVpnSched  88   debug] default msg 26
[2026-04-06 23:14:02.5864448 UTC-05:00] [5208:7148] [FcVpnSched  88   debug] default msg 26
[2026-04-06 23:14:02.5882013 UTC-05:00] [5208:7148] [FcVpnSched  88   debug] default msg 26
[2026-04-06 23:14:02.5899800 UTC-05:00] [5208:7148] [FcVpnSched  88   debug] default msg 26
[2026-04-06 23:14:02.5917554 UTC-05:00] [5208:7148] [FcVpnSched  88   debug] default msg 26
[2026-04-06 23:14:02.5936004 UTC-05:00] [5208:7148] [FcVpnSched  88   debug] default msg 26
[2026-04-06 23:14:02.5953566 UTC-05:00] [5208:7148] [FcVpnSched  88   debug] default msg 26
[2026-04-06 23:14:02.5971277 UTC-05:00] [5208:7148] [FcVpnSched  88   debug] default msg 26
[2026-04-06 23:14:02.5990158 UTC-05:00] [5208:7148] [FcVpnSched  88   debug] default msg 26
[2026-04-06 23:14:02.6009812 UTC-05:00] [5208:7148] [FcVpnSched  88   debug] default msg 26
[2026-04-06 23:14:02.6028219 UTC-05:00] [5208:7148] [FcVpnSched  88   debug] default msg 26
[2026-04-06 23:14:02.6046405 UTC-05:00] [5208:7148] [FcVpnSched  88   debug] default msg 26
[2026-04-06 23:14:02.6064517 UTC-05:00] [5208:7148] [FcVpnSched  88   debug] default msg 26
[2026-04-06 23:14:02.6083853 UTC-05:00] [5208:7148] [FcVpnSched  88   debug] default msg 26
[2026-04-06 23:14:02.6101878 UTC-05:00] [5208:7148] [FcVpnSched  88   debug] default msg 26
[2026-04-06 23:14:02.6119908 UTC-05:00] [5208:7148] [FcVpnSched  88   debug] default msg 26
[2026-04-06 23:14:02.6137574 UTC-05:00] [5208:7148] [FcVpnSched  88   debug] default msg 26
[2026-04-06 23:14:02.6156651 UTC-05:00] [5208:7148] [FcVpnSched  88   debug] default msg 26
[2026-04-06 23:14:02.6174423 UTC-05:00] [5208:7148] [FcVpnSched  88   debug] default msg 26
[2026-04-06 23:14:02.6192113 UTC-05:00] [5208:7148] [FcVpnSched  88   debug] default msg 26
[2026-04-06 23:14:02.6209803 UTC-05:00] [5208:7148] [FcVpnSched  88   debug] default msg 26
[2026-04-06 23:14:02.6227752 UTC-05:00] [5208:7148] [FcVpnSched  88   debug] default msg 26
[2026-04-06 23:14:02.6246245 UTC-05:00] [5208:7148] [FcVpnSched  88   debug] default msg 26
[2026-04-06 23:14:02.6263880 UTC-05:00] [5208:7148] [FcVpnSched  88   debug] default msg 26
[2026-04-06 23:14:02.6281026 UTC-05:00] [5208:7148] [FcVpnSched  88   debug] default msg 26
[2026-04-06 23:14:02.6299520 UTC-05:00] [5208:7148] [FcVpnSched  88   debug] default msg 26
[2026-04-06 23:14:02.6318357 UTC-05:00] [5208:7148] [FcVpnSched  88   debug] default msg 26
[2026-04-07 00:17:02.0386268 UTC-05:00] [5208:7148] [FcVpnSched  88   debug] default msg 30
[2026-04-07 00:17:02.1127393 UTC-05:00] [5208:7148] [FcVpnSched  88   debug] default msg 26
[2026-04-07 00:17:02.1150696 UTC-05:00] [5208:7148] [FcVpnSched  88   debug] default msg 26
[2026-04-07 00:17:02.1170365 UTC-05:00] [5208:7148] [FcVpnSched  88   debug] default msg 26
[2026-04-07 00:17:02.1189190 UTC-05:00] [5208:7148] [FcVpnSched  88   debug] default msg 26
[2026-04-07 00:17:02.1208526 UTC-05:00] [5208:7148] [FcVpnSched  88   debug] default msg 26
[2026-04-07 00:17:02.1230244 UTC-05:00] [5208:7148] [FcVpnSched  88   debug] default msg 26
[2026-04-07 00:17:02.1249577 UTC-05:00] [5208:7148] [FcVpnSched  88   debug] default msg 26
[2026-04-07 00:17:02.1268301 UTC-05:00] [5208:7148] [FcVpnSched  88   debug] default msg 26
[2026-04-07 00:17:02.1287156 UTC-05:00] [5208:7148] [FcVpnSched  88   debug] default msg 26
[2026-04-07 00:17:02.1305686 UTC-05:00] [5208:7148] [FcVpnSched  88   debug] default msg 26
[2026-04-07 00:17:02.1324485 UTC-05:00] [5208:7148] [FcVpnSched  88   debug] default msg 26
[2026-04-07 00:17:02.1343035 UTC-05:00] [5208:7148] [FcVpnSched  88   debug] default msg 26
[2026-04-07 00:17:02.1361889 UTC-05:00] [5208:7148] [FcVpnSched  88   debug] default msg 26
[2026-04-07 00:17:02.1380823 UTC-05:00] [5208:7148] [FcVpnSched  88   debug] default msg 26
[2026-04-07 00:17:02.1399394 UTC-05:00] [5208:7148] [FcVpnSched  88   debug] default msg 26
[2026-04-07 00:17:02.1418373 UTC-05:00] [5208:7148] [FcVpnSched  88   debug] default msg 26
[2026-04-07 00:17:02.1437029 UTC-05:00] [5208:7148] [FcVpnSched  88   debug] default msg 26
[2026-04-07 00:17:02.1456359 UTC-05:00] [5208:7148] [FcVpnSched  88   debug] default msg 26
[2026-04-07 00:17:02.1475217 UTC-05:00] [5208:7148] [FcVpnSched  88   debug] default msg 26
[2026-04-07 00:17:02.1493331 UTC-05:00] [5208:7148] [FcVpnSched  88   debug] default msg 26
[2026-04-07 00:17:02.1513811 UTC-05:00] [5208:7148] [FcVpnSched  88   debug] default msg 26
[2026-04-07 00:17:02.1532902 UTC-05:00] [5208:7148] [FcVpnSched  88   debug] default msg 26
[2026-04-07 00:17:02.1551452 UTC-05:00] [5208:7148] [FcVpnSched  88   debug] default msg 26
[2026-04-07 00:17:02.1568662 UTC-05:00] [5208:7148] [FcVpnSched  88   debug] default msg 26
[2026-04-07 00:17:02.1586494 UTC-05:00] [5208:7148] [FcVpnSched  88   debug] default msg 26
[2026-04-07 00:17:02.1603785 UTC-05:00] [5208:7148] [FcVpnSched  88   debug] default msg 26
[2026-04-07 00:17:02.1620804 UTC-05:00] [5208:7148] [FcVpnSched  88   debug] default msg 26
[2026-04-07 00:17:02.1638175 UTC-05:00] [5208:7148] [FcVpnSched  88   debug] default msg 26
[2026-04-07 00:17:02.1654688 UTC-05:00] [5208:7148] [FcVpnSched  88   debug] default msg 26
[2026-04-07 00:17:02.1677203 UTC-05:00] [5208:7148] [FcVpnSched  88   debug] default msg 26
[2026-04-07 00:17:02.1697713 UTC-05:00] [5208:7148] [FcVpnSched  88   debug] default msg 26
[2026-04-07 00:17:02.1716752 UTC-05:00] [5208:7148] [FcVpnSched  88   debug] default msg 26
[2026-04-07 00:17:02.1735726 UTC-05:00] [5208:7148] [FcVpnSched  88   debug] default msg 26
[2026-04-07 00:17:02.1754433 UTC-05:00] [5208:7148] [FcVpnSched  88   debug] default msg 26
[2026-04-07 00:17:02.1773234 UTC-05:00] [5208:7148] [FcVpnSched  88   debug] default msg 26
[2026-04-07 00:17:02.1792579 UTC-05:00] [5208:7148] [FcVpnSched  88   debug] default msg 26
[2026-04-07 00:17:02.1811164 UTC-05:00] [5208:7148] [FcVpnSched  88   debug] default msg 26
[2026-04-07 00:17:02.1831038 UTC-05:00] [5208:7148] [FcVpnSched  88   debug] default msg 26
[2026-04-07 00:17:02.1850887 UTC-05:00] [5208:7148] [FcVpnSched  88   debug] default msg 26
[2026-04-07 00:17:02.1869310 UTC-05:00] [5208:7148] [FcVpnSched  88   debug] default msg 26
[2026-04-07 00:17:02.1887302 UTC-05:00] [5208:7148] [FcVpnSched  88   debug] default msg 26
[2026-04-07 00:17:02.1906261 UTC-05:00] [5208:7148] [FcVpnSched  88   debug] default msg 26
[2026-04-07 00:17:02.1925184 UTC-05:00] [5208:7148] [FcVpnSched  88   debug] default msg 26
[2026-04-07 00:17:02.1944005 UTC-05:00] [5208:7148] [FcVpnSched  88   debug] default msg 26
[2026-04-07 00:17:02.1962303 UTC-05:00] [5208:7148] [FcVpnSched  88   debug] default msg 26
[2026-04-07 00:17:02.1983210 UTC-05:00] [5208:7148] [FcVpnSched  88   debug] default msg 26
[2026-04-07 00:17:02.2004245 UTC-05:00] [5208:7148] [FcVpnSched  88   debug] default msg 26
[2026-04-07 00:17:02.2023299 UTC-05:00] [5208:7148] [FcVpnSched  88   debug] default msg 26
[2026-04-07 00:17:02.2042216 UTC-05:00] [5208:7148] [FcVpnSched  88   debug] default msg 26
[2026-04-07 00:17:02.2061580 UTC-05:00] [5208:7148] [FcVpnSched  88   debug] default msg 26
[2026-04-07 00:17:02.2080629 UTC-05:00] [5208:7148] [FcVpnSched  88   debug] default msg 26
[2026-04-07 00:17:02.2099682 UTC-05:00] [5208:7148] [FcVpnSched  88   debug] default msg 26
[2026-04-07 00:17:02.2118097 UTC-05:00] [5208:7148] [FcVpnSched  88   debug] default msg 26
[2026-04-07 00:17:02.2139515 UTC-05:00] [5208:7148] [FcVpnSched  88   debug] default msg 26
[2026-04-07 00:17:02.2158265 UTC-05:00] [5208:7148] [FcVpnSched  88   debug] default msg 26
[2026-04-07 00:17:02.2176276 UTC-05:00] [5208:7148] [FcVpnSched  88   debug] default msg 26
[2026-04-07 04:07:01.6447764 UTC-05:00] [5208:7148] [FcVpnSched  88   debug] default msg 30
[2026-04-07 04:07:01.7206392 UTC-05:00] [5208:7148] [FcVpnSched  88   debug] default msg 26
[2026-04-07 04:07:01.7233480 UTC-05:00] [5208:7148] [FcVpnSched  88   debug] default msg 26
[2026-04-07 04:07:01.7254880 UTC-05:00] [5208:7148] [FcVpnSched  88   debug] default msg 26
[2026-04-07 04:07:01.7276365 UTC-05:00] [5208:7148] [FcVpnSched  88   debug] default msg 26
[2026-04-07 04:07:01.7297517 UTC-05:00] [5208:7148] [FcVpnSched  88   debug] default msg 26
[2026-04-07 04:07:01.7318688 UTC-05:00] [5208:7148] [FcVpnSched  88   debug] default msg 26
[2026-04-07 04:07:01.7340531 UTC-05:00] [5208:7148] [FcVpnSched  88   debug] default msg 26
[2026-04-07 04:07:01.7360925 UTC-05:00] [5208:7148] [FcVpnSched  88   debug] default msg 26
[2026-04-07 04:07:01.7388798 UTC-05:00] [5208:7148] [FcVpnSched  88   debug] default msg 26
[2026-04-07 04:07:01.7413116 UTC-05:00] [5208:7148] [FcVpnSched  88   debug] default msg 26
[2026-04-07 04:07:01.7434277 UTC-05:00] [5208:7148] [FcVpnSched  88   debug] default msg 26
[2026-04-07 04:07:01.7454365 UTC-05:00] [5208:7148] [FcVpnSched  88   debug] default msg 26
[2026-04-07 04:07:01.7476914 UTC-05:00] [5208:7148] [FcVpnSched  88   debug] default msg 26
[2026-04-07 04:07:01.7497943 UTC-05:00] [5208:7148] [FcVpnSched  88   debug] default msg 26
[2026-04-07 04:07:01.7520227 UTC-05:00] [5208:7148] [FcVpnSched  88   debug] default msg 26
[2026-04-07 04:07:01.7542298 UTC-05:00] [5208:7148] [FcVpnSched  88   debug] default msg 26
[2026-04-07 04:07:01.7563733 UTC-05:00] [5208:7148] [FcVpnSched  88   debug] default msg 26
[2026-04-07 04:07:01.7584969 UTC-05:00] [5208:7148] [FcVpnSched  88   debug] default msg 26
[2026-04-07 04:07:01.7605697 UTC-05:00] [5208:7148] [FcVpnSched  88   debug] default msg 26
[2026-04-07 04:07:01.7626124 UTC-05:00] [5208:7148] [FcVpnSched  88   debug] default msg 26
[2026-04-07 04:07:01.7647449 UTC-05:00] [5208:7148] [FcVpnSched  88   debug] default msg 26
[2026-04-07 04:07:01.7667514 UTC-05:00] [5208:7148] [FcVpnSched  88   debug] default msg 26
[2026-04-07 04:07:01.7691943 UTC-05:00] [5208:7148] [FcVpnSched  88   debug] default msg 26
[2026-04-07 04:07:01.7713576 UTC-05:00] [5208:7148] [FcVpnSched  88   debug] default msg 26
[2026-04-07 04:07:01.7734252 UTC-05:00] [5208:7148] [FcVpnSched  88   debug] default msg 26
[2026-04-07 04:07:01.7754781 UTC-05:00] [5208:7148] [FcVpnSched  88   debug] default msg 26
[2026-04-07 04:07:01.7775747 UTC-05:00] [5208:7148] [FcVpnSched  88   debug] default msg 26
[2026-04-07 04:07:01.7796496 UTC-05:00] [5208:7148] [FcVpnSched  88   debug] default msg 26
[2026-04-07 04:07:01.7817232 UTC-05:00] [5208:7148] [FcVpnSched  88   debug] default msg 26
[2026-04-07 04:07:01.7838238 UTC-05:00] [5208:7148] [FcVpnSched  88   debug] default msg 26
[2026-04-07 04:07:01.7859599 UTC-05:00] [5208:7148] [FcVpnSched  88   debug] default msg 26
[2026-04-07 04:07:01.7880661 UTC-05:00] [5208:7148] [FcVpnSched  88   debug] default msg 26
[2026-04-07 04:07:01.7901350 UTC-05:00] [5208:7148] [FcVpnSched  88   debug] default msg 26
[2026-04-07 04:07:01.7922065 UTC-05:00] [5208:7148] [FcVpnSched  88   debug] default msg 26
[2026-04-07 04:07:01.7942991 UTC-05:00] [5208:7148] [FcVpnSched  88   debug] default msg 26
[2026-04-07 04:07:01.7963381 UTC-05:00] [5208:7148] [FcVpnSched  88   debug] default msg 26
[2026-04-07 04:07:01.7983568 UTC-05:00] [5208:7148] [FcVpnSched  88   debug] default msg 26
[2026-04-07 04:07:01.8006250 UTC-05:00] [5208:7148] [FcVpnSched  88   debug] default msg 26
[2026-04-07 04:07:01.8030004 UTC-05:00] [5208:7148] [FcVpnSched  88   debug] default msg 26
[2026-04-07 04:07:01.8051290 UTC-05:00] [5208:7148] [FcVpnSched  88   debug] default msg 26
[2026-04-07 04:07:01.8071579 UTC-05:00] [5208:7148] [FcVpnSched  88   debug] default msg 26
[2026-04-07 04:07:01.8092201 UTC-05:00] [5208:7148] [FcVpnSched  88   debug] default msg 26
[2026-04-07 04:07:01.8113043 UTC-05:00] [5208:7148] [FcVpnSched  88   debug] default msg 26
[2026-04-07 04:07:01.8133470 UTC-05:00] [5208:7148] [FcVpnSched  88   debug] default msg 26
[2026-04-07 04:07:01.8154342 UTC-05:00] [5208:7148] [FcVpnSched  88   debug] default msg 26
[2026-04-07 04:07:01.8176997 UTC-05:00] [5208:7148] [FcVpnSched  88   debug] default msg 26
[2026-04-07 04:07:01.8198458 UTC-05:00] [5208:7148] [FcVpnSched  88   debug] default msg 26
[2026-04-07 04:07:01.8219239 UTC-05:00] [5208:7148] [FcVpnSched  88   debug] default msg 26
[2026-04-07 04:07:01.8240032 UTC-05:00] [5208:7148] [FcVpnSched  88   debug] default msg 26
[2026-04-07 04:07:01.8261392 UTC-05:00] [5208:7148] [FcVpnSched  88   debug] default msg 26
[2026-04-07 04:07:01.8282399 UTC-05:00] [5208:7148] [FcVpnSched  88   debug] default msg 26
[2026-04-07 04:07:01.8301937 UTC-05:00] [5208:7148] [FcVpnSched  88   debug] default msg 26
[2026-04-07 04:07:01.8325055 UTC-05:00] [5208:7148] [FcVpnSched  88   debug] default msg 26
[2026-04-07 04:07:01.8346379 UTC-05:00] [5208:7148] [FcVpnSched  88   debug] default msg 26
[2026-04-07 04:07:01.8367632 UTC-05:00] [5208:7148] [FcVpnSched  88   debug] default msg 26
[2026-04-07 04:07:01.8388634 UTC-05:00] [5208:7148] [FcVpnSched  88   debug] default msg 26
[2026-04-07 07:14:02.3242478 UTC-05:00] [5208:7148] [FcVpnSched  88   debug] default msg 30
[2026-04-07 07:14:02.3989591 UTC-05:00] [5208:7148] [FcVpnSched  88   debug] default msg 26
[2026-04-07 07:14:02.4020761 UTC-05:00] [5208:7148] [FcVpnSched  88   debug] default msg 26
[2026-04-07 07:14:02.4039185 UTC-05:00] [5208:7148] [FcVpnSched  88   debug] default msg 26
[2026-04-07 07:14:02.4058264 UTC-05:00] [5208:7148] [FcVpnSched  88   debug] default msg 26
[2026-04-07 07:14:02.4077758 UTC-05:00] [5208:7148] [FcVpnSched  88   debug] default msg 26
[2026-04-07 07:14:02.4098685 UTC-05:00] [5208:7148] [FcVpnSched  88   debug] default msg 26
[2026-04-07 07:14:02.4118901 UTC-05:00] [5208:7148] [FcVpnSched  88   debug] default msg 26
[2026-04-07 07:14:02.4137906 UTC-05:00] [5208:7148] [FcVpnSched  88   debug] default msg 26
[2026-04-07 07:14:02.4157880 UTC-05:00] [5208:7148] [FcVpnSched  88   debug] default msg 26
[2026-04-07 07:14:02.4177849 UTC-05:00] [5208:7148] [FcVpnSched  88   debug] default msg 26
[2026-04-07 07:14:02.4196865 UTC-05:00] [5208:7148] [FcVpnSched  88   debug] default msg 26
[2026-04-07 07:14:02.4216708 UTC-05:00] [5208:7148] [FcVpnSched  88   debug] default msg 26
[2026-04-07 07:14:02.4237733 UTC-05:00] [5208:7148] [FcVpnSched  88   debug] default msg 26
[2026-04-07 07:14:02.4255718 UTC-05:00] [5208:7148] [FcVpnSched  88   debug] default msg 26
[2026-04-07 07:14:02.4273139 UTC-05:00] [5208:7148] [FcVpnSched  88   debug] default msg 26
[2026-04-07 07:14:02.4290838 UTC-05:00] [5208:7148] [FcVpnSched  88   debug] default msg 26
[2026-04-07 07:14:02.4308382 UTC-05:00] [5208:7148] [FcVpnSched  88   debug] default msg 26
[2026-04-07 07:14:02.4323788 UTC-05:00] [5208:7148] [FcVpnSched  88   debug] default msg 26
[2026-04-07 07:14:02.4338568 UTC-05:00] [5208:7148] [FcVpnSched  88   debug] default msg 26
[2026-04-07 07:14:02.4353001 UTC-05:00] [5208:7148] [FcVpnSched  88   debug] default msg 26
[2026-04-07 07:14:02.4369707 UTC-05:00] [5208:7148] [FcVpnSched  88   debug] default msg 26
[2026-04-07 07:14:02.4385741 UTC-05:00] [5208:7148] [FcVpnSched  88   debug] default msg 26
[2026-04-07 07:14:02.4400299 UTC-05:00] [5208:7148] [FcVpnSched  88   debug] default msg 26
[2026-04-07 07:14:02.4415040 UTC-05:00] [5208:7148] [FcVpnSched  88   debug] default msg 26
[2026-04-07 07:14:02.4430062 UTC-05:00] [5208:7148] [FcVpnSched  88   debug] default msg 26
[2026-04-07 07:14:02.4444877 UTC-05:00] [5208:7148] [FcVpnSched  88   debug] default msg 26
[2026-04-07 07:14:02.4459779 UTC-05:00] [5208:7148] [FcVpnSched  88   debug] default msg 26
[2026-04-07 07:14:02.4474412 UTC-05:00] [5208:7148] [FcVpnSched  88   debug] default msg 26
[2026-04-07 07:14:02.4489262 UTC-05:00] [5208:7148] [FcVpnSched  88   debug] default msg 26
[2026-04-07 07:14:02.4503862 UTC-05:00] [5208:7148] [FcVpnSched  88   debug] default msg 26
[2026-04-07 07:14:02.4518023 UTC-05:00] [5208:7148] [FcVpnSched  88   debug] default msg 26
[2026-04-07 07:14:02.4533786 UTC-05:00] [5208:7148] [FcVpnSched  88   debug] default msg 26
[2026-04-07 07:14:02.4548835 UTC-05:00] [5208:7148] [FcVpnSched  88   debug] default msg 26
[2026-04-07 07:14:02.4563504 UTC-05:00] [5208:7148] [FcVpnSched  88   debug] default msg 26
[2026-04-07 07:14:02.4578097 UTC-05:00] [5208:7148] [FcVpnSched  88   debug] default msg 26
[2026-04-07 07:14:02.4592751 UTC-05:00] [5208:7148] [FcVpnSched  88   debug] default msg 26
[2026-04-07 07:14:02.4607339 UTC-05:00] [5208:7148] [FcVpnSched  88   debug] default msg 26
[2026-04-07 07:14:02.4621955 UTC-05:00] [5208:7148] [FcVpnSched  88   debug] default msg 26
[2026-04-07 07:14:02.4636564 UTC-05:00] [5208:7148] [FcVpnSched  88   debug] default msg 26
[2026-04-07 07:14:02.4651268 UTC-05:00] [5208:7148] [FcVpnSched  88   debug] default msg 26
[2026-04-07 07:14:02.4665600 UTC-05:00] [5208:7148] [FcVpnSched  88   debug] default msg 26
[2026-04-07 07:14:02.4680035 UTC-05:00] [5208:7148] [FcVpnSched  88   debug] default msg 26
[2026-04-07 07:14:02.4706566 UTC-05:00] [5208:7148] [FcVpnSched  88   debug] default msg 26
[2026-04-07 07:14:02.4741962 UTC-05:00] [5208:7148] [FcVpnSched  88   debug] default msg 26
[2026-04-07 07:14:02.4761801 UTC-05:00] [5208:7148] [FcVpnSched  88   debug] default msg 26
[2026-04-07 07:14:02.4780730 UTC-05:00] [5208:7148] [FcVpnSched  88   debug] default msg 26
[2026-04-07 07:14:02.4799740 UTC-05:00] [5208:7148] [FcVpnSched  88   debug] default msg 26
[2026-04-07 07:14:02.4818694 UTC-05:00] [5208:7148] [FcVpnSched  88   debug] default msg 26
[2026-04-07 07:14:02.4836801 UTC-05:00] [5208:7148] [FcVpnSched  88   debug] default msg 26
[2026-04-07 07:14:02.4857560 UTC-05:00] [5208:7148] [FcVpnSched  88   debug] default msg 26
[2026-04-07 07:14:02.4879387 UTC-05:00] [5208:7148] [FcVpnSched  88   debug] default msg 26
[2026-04-07 07:14:02.4896415 UTC-05:00] [5208:7148] [FcVpnSched  88   debug] default msg 26
[2026-04-07 07:14:02.4912891 UTC-05:00] [5208:7148] [FcVpnSched  88   debug] default msg 26
[2026-04-07 07:14:02.4929406 UTC-05:00] [5208:7148] [FcVpnSched  88   debug] default msg 26
[2026-04-07 07:14:02.4945774 UTC-05:00] [5208:7148] [FcVpnSched  88   debug] default msg 26
[2026-04-07 07:14:02.4963620 UTC-05:00] [5208:7148] [FcVpnSched  88   debug] default msg 26
[2026-04-07 07:57:01.7153771 UTC-05:00] [5208:7148] [FcVpnSched  88   debug] default msg 30
[2026-04-07 07:57:01.7891474 UTC-05:00] [5208:7148] [FcVpnSched  88   debug] default msg 26
[2026-04-07 07:57:01.7926072 UTC-05:00] [5208:7148] [FcVpnSched  88   debug] default msg 26
[2026-04-07 07:57:01.7948921 UTC-05:00] [5208:7148] [FcVpnSched  88   debug] default msg 26
[2026-04-07 07:57:01.7967335 UTC-05:00] [5208:7148] [FcVpnSched  88   debug] default msg 26
[2026-04-07 07:57:01.7986334 UTC-05:00] [5208:7148] [FcVpnSched  88   debug] default msg 26
[2026-04-07 07:57:01.8005000 UTC-05:00] [5208:7148] [FcVpnSched  88   debug] default msg 26
[2026-04-07 07:57:01.8023378 UTC-05:00] [5208:7148] [FcVpnSched  88   debug] default msg 26
[2026-04-07 07:57:01.8041218 UTC-05:00] [5208:7148] [FcVpnSched  88   debug] default msg 26
[2026-04-07 07:57:01.8060947 UTC-05:00] [5208:7148] [FcVpnSched  88   debug] default msg 26
[2026-04-07 07:57:01.8079777 UTC-05:00] [5208:7148] [FcVpnSched  88   debug] default msg 26
[2026-04-07 07:57:01.8098474 UTC-05:00] [5208:7148] [FcVpnSched  88   debug] default msg 26
[2026-04-07 07:57:01.8117108 UTC-05:00] [5208:7148] [FcVpnSched  88   debug] default msg 26
[2026-04-07 07:57:01.8135280 UTC-05:00] [5208:7148] [FcVpnSched  88   debug] default msg 26
[2026-04-07 07:57:01.8153595 UTC-05:00] [5208:7148] [FcVpnSched  88   debug] default msg 26
[2026-04-07 07:57:01.8172053 UTC-05:00] [5208:7148] [FcVpnSched  88   debug] default msg 26
[2026-04-07 07:57:01.8191026 UTC-05:00] [5208:7148] [FcVpnSched  88   debug] default msg 26
[2026-04-07 07:57:01.8212537 UTC-05:00] [5208:7148] [FcVpnSched  88   debug] default msg 26
[2026-04-07 07:57:01.8232699 UTC-05:00] [5208:7148] [FcVpnSched  88   debug] default msg 26
[2026-04-07 07:57:01.8251426 UTC-05:00] [5208:7148] [FcVpnSched  88   debug] default msg 26
[2026-04-07 07:57:01.8270004 UTC-05:00] [5208:7148] [FcVpnSched  88   debug] default msg 26
[2026-04-07 07:57:01.8288067 UTC-05:00] [5208:7148] [FcVpnSched  88   debug] default msg 26
[2026-04-07 07:57:01.8306180 UTC-05:00] [5208:7148] [FcVpnSched  88   debug] default msg 26
[2026-04-07 07:57:01.8325007 UTC-05:00] [5208:7148] [FcVpnSched  88   debug] default msg 26
[2026-04-07 07:57:01.8341889 UTC-05:00] [5208:7148] [FcVpnSched  88   debug] default msg 26
[2026-04-07 07:57:01.8360025 UTC-05:00] [5208:7148] [FcVpnSched  88   debug] default msg 26
[2026-04-07 07:57:01.8379451 UTC-05:00] [5208:7148] [FcVpnSched  88   debug] default msg 26
[2026-04-07 07:57:01.8397070 UTC-05:00] [5208:7148] [FcVpnSched  88   debug] default msg 26
[2026-04-07 07:57:01.8414041 UTC-05:00] [5208:7148] [FcVpnSched  88   debug] default msg 26
[2026-04-07 07:57:01.8431140 UTC-05:00] [5208:7148] [FcVpnSched  88   debug] default msg 26
[2026-04-07 07:57:01.8448218 UTC-05:00] [5208:7148] [FcVpnSched  88   debug] default msg 26
[2026-04-07 07:57:01.8465111 UTC-05:00] [5208:7148] [FcVpnSched  88   debug] default msg 26
[2026-04-07 07:57:01.8482288 UTC-05:00] [5208:7148] [FcVpnSched  88   debug] default msg 26
[2026-04-07 07:57:01.8499105 UTC-05:00] [5208:7148] [FcVpnSched  88   debug] default msg 26
[2026-04-07 07:57:01.8516874 UTC-05:00] [5208:7148] [FcVpnSched  88   debug] default msg 26
[2026-04-07 07:57:01.8535686 UTC-05:00] [5208:7148] [FcVpnSched  88   debug] default msg 26
[2026-04-07 07:57:01.8556100 UTC-05:00] [5208:7148] [FcVpnSched  88   debug] default msg 26
[2026-04-07 07:57:01.8573693 UTC-05:00] [5208:7148] [FcVpnSched  88   debug] default msg 26
[2026-04-07 07:57:01.8591732 UTC-05:00] [5208:7148] [FcVpnSched  88   debug] default msg 26
[2026-04-07 07:57:01.8609283 UTC-05:00] [5208:7148] [FcVpnSched  88   debug] default msg 26
[2026-04-07 07:57:01.8626894 UTC-05:00] [5208:7148] [FcVpnSched  88   debug] default msg 26
[2026-04-07 07:57:01.8644410 UTC-05:00] [5208:7148] [FcVpnSched  88   debug] default msg 26
[2026-04-07 07:57:01.8661418 UTC-05:00] [5208:7148] [FcVpnSched  88   debug] default msg 26
[2026-04-07 07:57:01.8680738 UTC-05:00] [5208:7148] [FcVpnSched  88   debug] default msg 26
[2026-04-07 07:57:01.8700769 UTC-05:00] [5208:7148] [FcVpnSched  88   debug] default msg 26
[2026-04-07 07:57:01.8719466 UTC-05:00] [5208:7148] [FcVpnSched  88   debug] default msg 26
[2026-04-07 07:57:01.8738137 UTC-05:00] [5208:7148] [FcVpnSched  88   debug] default msg 26
[2026-04-07 07:57:01.8756206 UTC-05:00] [5208:7148] [FcVpnSched  88   debug] default msg 26
[2026-04-07 07:57:01.8774755 UTC-05:00] [5208:7148] [FcVpnSched  88   debug] default msg 26
[2026-04-07 07:57:01.8793845 UTC-05:00] [5208:7148] [FcVpnSched  88   debug] default msg 26
[2026-04-07 07:57:01.8811973 UTC-05:00] [5208:7148] [FcVpnSched  88   debug] default msg 26
[2026-04-07 07:57:01.8830868 UTC-05:00] [5208:7148] [FcVpnSched  88   debug] default msg 26
[2026-04-07 07:57:01.8851045 UTC-05:00] [5208:7148] [FcVpnSched  88   debug] default msg 26
[2026-04-07 07:57:01.8871199 UTC-05:00] [5208:7148] [FcVpnSched  88   debug] default msg 26
[2026-04-07 07:57:01.8890855 UTC-05:00] [5208:7148] [FcVpnSched  88   debug] default msg 26
[2026-04-07 07:57:01.8910056 UTC-05:00] [5208:7148] [FcVpnSched  88   debug] default msg 26
[2026-04-07 07:57:01.8928287 UTC-05:00] [5208:7148] [FcVpnSched  88   debug] default msg 26
[2026-04-07 11:47:02.2743101 UTC-05:00] [5208:7148] [FcVpnSched  88   debug] default msg 30
[2026-04-07 11:47:02.3492858 UTC-05:00] [5208:7148] [FcVpnSched  88   debug] default msg 26
[2026-04-07 11:47:02.3517462 UTC-05:00] [5208:7148] [FcVpnSched  88   debug] default msg 26
[2026-04-07 11:47:02.3538236 UTC-05:00] [5208:7148] [FcVpnSched  88   debug] default msg 26
[2026-04-07 11:47:02.3558802 UTC-05:00] [5208:7148] [FcVpnSched  88   debug] default msg 26
[2026-04-07 11:47:02.3580220 UTC-05:00] [5208:7148] [FcVpnSched  88   debug] default msg 26
[2026-04-07 11:47:02.3600144 UTC-05:00] [5208:7148] [FcVpnSched  88   debug] default msg 26
[2026-04-07 11:47:02.3619627 UTC-05:00] [5208:7148] [FcVpnSched  88   debug] default msg 26
[2026-04-07 11:47:02.3639002 UTC-05:00] [5208:7148] [FcVpnSched  88   debug] default msg 26
[2026-04-07 11:47:02.3658321 UTC-05:00] [5208:7148] [FcVpnSched  88   debug] default msg 26
[2026-04-07 11:47:02.3677861 UTC-05:00] [5208:7148] [FcVpnSched  88   debug] default msg 26
[2026-04-07 11:47:02.3697231 UTC-05:00] [5208:7148] [FcVpnSched  88   debug] default msg 26
[2026-04-07 11:47:02.3716305 UTC-05:00] [5208:7148] [FcVpnSched  88   debug] default msg 26
[2026-04-07 11:47:02.3736446 UTC-05:00] [5208:7148] [FcVpnSched  88   debug] default msg 26
[2026-04-07 11:47:02.3754788 UTC-05:00] [5208:7148] [FcVpnSched  88   debug] default msg 26
[2026-04-07 11:47:02.3773499 UTC-05:00] [5208:7148] [FcVpnSched  88   debug] default msg 26
[2026-04-07 11:47:02.3792265 UTC-05:00] [5208:7148] [FcVpnSched  88   debug] default msg 26
[2026-04-07 11:47:02.3811010 UTC-05:00] [5208:7148] [FcVpnSched  88   debug] default msg 26
[2026-04-07 11:47:02.3829501 UTC-05:00] [5208:7148] [FcVpnSched  88   debug] default msg 26
[2026-04-07 11:47:02.3847440 UTC-05:00] [5208:7148] [FcVpnSched  88   debug] default msg 26
[2026-04-07 11:47:02.3866153 UTC-05:00] [5208:7148] [FcVpnSched  88   debug] default msg 26
[2026-04-07 11:47:02.3885702 UTC-05:00] [5208:7148] [FcVpnSched  88   debug] default msg 26
[2026-04-07 11:47:02.3906897 UTC-05:00] [5208:7148] [FcVpnSched  88   debug] default msg 26
[2026-04-07 11:47:02.3926431 UTC-05:00] [5208:7148] [FcVpnSched  88   debug] default msg 26
[2026-04-07 11:47:02.3945161 UTC-05:00] [5208:7148] [FcVpnSched  88   debug] default msg 26
[2026-04-07 11:47:02.3964013 UTC-05:00] [5208:7148] [FcVpnSched  88   debug] default msg 26
[2026-04-07 11:47:02.3982520 UTC-05:00] [5208:7148] [FcVpnSched  88   debug] default msg 26
[2026-04-07 11:47:02.4001197 UTC-05:00] [5208:7148] [FcVpnSched  88   debug] default msg 26
[2026-04-07 11:47:02.4020800 UTC-05:00] [5208:7148] [FcVpnSched  88   debug] default msg 26
[2026-04-07 11:47:02.4039287 UTC-05:00] [5208:7148] [FcVpnSched  88   debug] default msg 26
[2026-04-07 11:47:02.4059934 UTC-05:00] [5208:7148] [FcVpnSched  88   debug] default msg 26
[2026-04-07 11:47:02.4079744 UTC-05:00] [5208:7148] [FcVpnSched  88   debug] default msg 26
[2026-04-07 11:47:02.4098779 UTC-05:00] [5208:7148] [FcVpnSched  88   debug] default msg 26
[2026-04-07 11:47:02.4118254 UTC-05:00] [5208:7148] [FcVpnSched  88   debug] default msg 26
[2026-04-07 11:47:02.4138322 UTC-05:00] [5208:7148] [FcVpnSched  88   debug] default msg 26
[2026-04-07 11:47:02.4157433 UTC-05:00] [5208:7148] [FcVpnSched  88   debug] default msg 26
[2026-04-07 11:47:02.4176620 UTC-05:00] [5208:7148] [FcVpnSched  88   debug] default msg 26
[2026-04-07 11:47:02.4195160 UTC-05:00] [5208:7148] [FcVpnSched  88   debug] default msg 26
[2026-04-07 11:47:02.4215231 UTC-05:00] [5208:7148] [FcVpnSched  88   debug] default msg 26
[2026-04-07 11:47:02.4234502 UTC-05:00] [5208:7148] [FcVpnSched  88   debug] default msg 26
[2026-04-07 11:47:02.4253650 UTC-05:00] [5208:7148] [FcVpnSched  88   debug] default msg 26
[2026-04-07 11:47:02.4272408 UTC-05:00] [5208:7148] [FcVpnSched  88   debug] default msg 26
[2026-04-07 11:47:02.4291162 UTC-05:00] [5208:7148] [FcVpnSched  88   debug] default msg 26
[2026-04-07 11:47:02.4308249 UTC-05:00] [5208:7148] [FcVpnSched  88   debug] default msg 26
[2026-04-07 11:47:02.4325859 UTC-05:00] [5208:7148] [FcVpnSched  88   debug] default msg 26
[2026-04-07 11:47:02.4343079 UTC-05:00] [5208:7148] [FcVpnSched  88   debug] default msg 26
[2026-04-07 11:47:02.4360490 UTC-05:00] [5208:7148] [FcVpnSched  88   debug] default msg 26
[2026-04-07 11:47:02.4377401 UTC-05:00] [5208:7148] [FcVpnSched  88   debug] default msg 26
[2026-04-07 11:47:02.4394097 UTC-05:00] [5208:7148] [FcVpnSched  88   debug] default msg 26
[2026-04-07 11:47:02.4411075 UTC-05:00] [5208:7148] [FcVpnSched  88   debug] default msg 26
[2026-04-07 11:47:02.4427685 UTC-05:00] [5208:7148] [FcVpnSched  88   debug] default msg 26
[2026-04-07 11:47:02.4444574 UTC-05:00] [5208:7148] [FcVpnSched  88   debug] default msg 26
[2026-04-07 11:47:02.4461190 UTC-05:00] [5208:7148] [FcVpnSched  88   debug] default msg 26
[2026-04-07 11:47:02.4477994 UTC-05:00] [5208:7148] [FcVpnSched  88   debug] default msg 26
[2026-04-07 11:47:02.4494483 UTC-05:00] [5208:7148] [FcVpnSched  88   debug] default msg 26
[2026-04-07 11:47:02.4511448 UTC-05:00] [5208:7148] [FcVpnSched  88   debug] default msg 26
[2026-04-07 11:47:02.4530670 UTC-05:00] [5208:7148] [FcVpnSched  88   debug] default msg 26
[2026-04-07 15:07:49.3710791 UTC-05:00] [5208:7148] [FcVpnSched  88   debug] default msg 26
[2026-04-07 15:07:49.6748130 UTC-05:00] [5208:7148] [FcVpnSched  88   debug] default msg 26
[2026-04-07 15:07:49.8676082 UTC-05:00] [5208:7148] [FcVpnSched  61   debug] WTS_SESSION_LOGON 1
[2026-04-07 15:07:49.8676408 UTC-05:00] [5208:7148] [FcVpnSched  78   debug] called. sessionId=1, msg=0x1000
[2026-04-07 15:07:49.9461463 UTC-05:00] [5208:1928] [FcVpnSched  849   debug] received UserLogin message
[2026-04-07 15:07:49.9462272 UTC-05:00] [5208:1928] [FcVpnSched  649   debug] user login
[2026-04-07 15:07:49.9594527 UTC-05:00] [5208:1928] [FcVpnSched  658   debug] session 1 is unlocked
[2026-04-07 15:07:50.9251217 UTC-05:00] [5208:7148] [FcVpnSched  63   error] notify WTS_SESSION_LOGON failed
[2026-04-07 15:07:50.9410147 UTC-05:00] [5208:7148] [FcVpnSched  88   debug] default msg 26
[2026-04-07 15:07:50.9634542 UTC-05:00] [5208:1928] [FcVpnSched  642   error] VpnConn for 1 is not created.
[2026-04-07 15:07:56.4168097 UTC-05:00] [5208:1928] [FcVpnSched  811   debug] received FirstKeepaliveDone message
[2026-04-07 15:09:34.1656414 UTC-05:00] [5208:7148] [FcVpnSched  88   debug] default msg 30
[2026-04-07 15:09:41.7921687 UTC-05:00] [5208:7148] [FcVpnSched  88   debug] default msg 26
[2026-04-07 15:09:41.9736085 UTC-05:00] [5208:7148] [FcVpnSched  88   debug] default msg 26
[2026-04-07 15:09:42.1061338 UTC-05:00] [5208:7148] [FcVpnSched  88   debug] default msg 26
[2026-04-07 15:09:42.1142892 UTC-05:00] [5208:7148] [FcVpnSched  88   debug] default msg 26
[2026-04-07 15:09:42.1223808 UTC-05:00] [5208:7148] [FcVpnSched  88   debug] default msg 26
[2026-04-07 15:09:42.1300298 UTC-05:00] [5208:7148] [FcVpnSched  88   debug] default msg 26
[2026-04-07 15:09:42.3086624 UTC-05:00] [5208:7148] [FcVpnSched  88   debug] default msg 26
[2026-04-07 15:09:42.6002842 UTC-05:00] [5208:7148] [FcVpnSched  88   debug] default msg 26
[2026-04-07 15:09:44.1048348 UTC-05:00] [5208:7148] [FcVpnSched  88   debug] default msg 26
[2026-04-07 15:09:44.2061867 UTC-05:00] [5208:7148] [FcVpnSched  88   debug] default msg 26
[2026-04-07 15:09:44.2808499 UTC-05:00] [5208:7148] [FcVpnSched  88   debug] default msg 26
[2026-04-07 15:09:44.7802395 UTC-05:00] [5208:7148] [FcVpnSched  88   debug] default msg 26
[2026-04-07 15:09:44.8219041 UTC-05:00] [5208:7148] [FcVpnSched  88   debug] default msg 26
[2026-04-07 15:09:44.8527165 UTC-05:00] [5208:7148] [FcVpnSched  88   debug] default msg 26
[2026-04-07 15:09:44.9925600 UTC-05:00] [5208:7148] [FcVpnSched  88   debug] default msg 26
[2026-04-07 15:09:45.3034731 UTC-05:00] [5208:7148] [FcVpnSched  88   debug] default msg 26
[2026-04-07 15:09:45.3587094 UTC-05:00] [5208:7148] [FcVpnSched  88   debug] default msg 26
[2026-04-07 15:09:45.5624765 UTC-05:00] [5208:7148] [FcVpnSched  88   debug] default msg 26
[2026-04-07 15:09:45.6985083 UTC-05:00] [5208:7148] [FcVpnSched  88   debug] default msg 26
[2026-04-07 15:09:45.7360813 UTC-05:00] [5208:7148] [FcVpnSched  88   debug] default msg 26
[2026-04-07 15:09:45.8246243 UTC-05:00] [5208:7148] [FcVpnSched  88   debug] default msg 26
[2026-04-07 15:09:45.8914827 UTC-05:00] [5208:7148] [FcVpnSched  88   debug] default msg 26
[2026-04-07 15:09:46.0469715 UTC-05:00] [5208:7148] [FcVpnSched  88   debug] default msg 26
[2026-04-07 15:09:46.0952505 UTC-05:00] [5208:7148] [FcVpnSched  88   debug] default msg 26
[2026-04-07 15:09:46.1231302 UTC-05:00] [5208:7148] [FcVpnSched  88   debug] default msg 26
[2026-04-07 15:09:46.1476930 UTC-05:00] [5208:7148] [FcVpnSched  88   debug] default msg 26
[2026-04-07 15:09:46.4912663 UTC-05:00] [5208:7148] [FcVpnSched  88   debug] default msg 26
[2026-04-07 15:09:46.5659805 UTC-05:00] [5208:7148] [FcVpnSched  88   debug] default msg 26
[2026-04-07 15:09:46.7537855 UTC-05:00] [5208:7148] [FcVpnSched  88   debug] default msg 26
[2026-04-07 15:09:46.7987668 UTC-05:00] [5208:7148] [FcVpnSched  88   debug] default msg 26
[2026-04-07 15:09:46.8155859 UTC-05:00] [5208:7148] [FcVpnSched  88   debug] default msg 26
[2026-04-07 15:09:46.9720446 UTC-05:00] [5208:7148] [FcVpnSched  88   debug] default msg 26
[2026-04-07 15:09:46.9810610 UTC-05:00] [5208:7148] [FcVpnSched  88   debug] default msg 26
[2026-04-07 15:09:47.1240431 UTC-05:00] [5208:7148] [FcVpnSched  88   debug] default msg 26
[2026-04-07 15:09:47.3260393 UTC-05:00] [5208:7148] [FcVpnSched  88   debug] default msg 26
[2026-04-07 15:09:47.5069526 UTC-05:00] [5208:7148] [FcVpnSched  88   debug] default msg 26
[2026-04-07 15:09:47.7769784 UTC-05:00] [5208:7148] [FcVpnSched  88   debug] default msg 26
[2026-04-07 15:09:47.8352180 UTC-05:00] [5208:7148] [FcVpnSched  88   debug] default msg 26
[2026-04-07 15:09:47.9367736 UTC-05:00] [5208:7148] [FcVpnSched  88   debug] default msg 26
[2026-04-07 15:09:47.9670004 UTC-05:00] [5208:7148] [FcVpnSched  88   debug] default msg 26
[2026-04-07 15:09:48.9148119 UTC-05:00] [5208:7148] [FcVpnSched  88   debug] default msg 26
[2026-04-07 15:09:49.0283600 UTC-05:00] [5208:7148] [FcVpnSched  88   debug] default msg 26
[2026-04-07 15:09:49.0602570 UTC-05:00] [5208:7148] [FcVpnSched  88   debug] default msg 26
[2026-04-07 15:09:49.0699505 UTC-05:00] [5208:7148] [FcVpnSched  88   debug] default msg 26
[2026-04-07 15:09:49.0924604 UTC-05:00] [5208:7148] [FcVpnSched  88   debug] default msg 26
[2026-04-07 15:09:49.2288257 UTC-05:00] [5208:7148] [FcVpnSched  88   debug] default msg 26
[2026-04-07 15:09:49.2341679 UTC-05:00] [5208:7148] [FcVpnSched  88   debug] default msg 26
[2026-04-07 15:09:49.3787019 UTC-05:00] [5208:7148] [FcVpnSched  88   debug] default msg 26
[2026-04-07 15:09:49.3848494 UTC-05:00] [5208:7148] [FcVpnSched  88   debug] default msg 26
[2026-04-07 15:09:49.3888199 UTC-05:00] [5208:7148] [FcVpnSched  88   debug] default msg 26
[2026-04-07 15:09:49.5648210 UTC-05:00] [5208:7148] [FcVpnSched  88   debug] default msg 26
[2026-04-07 15:09:49.6870892 UTC-05:00] [5208:7148] [FcVpnSched  88   debug] default msg 26
[2026-04-07 15:09:49.7585065 UTC-05:00] [5208:7148] [FcVpnSched  88   debug] default msg 26
[2026-04-07 15:09:49.8289467 UTC-05:00] [5208:7148] [FcVpnSched  88   debug] default msg 26
[2026-04-07 15:09:49.8356128 UTC-05:00] [5208:7148] [FcVpnSched  88   debug] default msg 26
[2026-04-07 15:09:49.8626946 UTC-05:00] [5208:7148] [FcVpnSched  88   debug] default msg 26
[2026-04-07 15:10:28.5762143 UTC-05:00] [5208:7148] [FcVpnSched  88   debug] default msg 26
[2026-04-07 15:10:29.4453913 UTC-05:00] [5208:7148] [FcVpnSched  88   debug] default msg 26
[2026-04-07 15:10:33.6102490 UTC-05:00] [5208:7148] [FcVpnSched  88   debug] default msg 26
[2026-04-07 15:10:36.6790116 UTC-05:00] [5208:7148] [FcVpnSched  88   debug] default msg 26
[2026-04-07 15:10:37.0596351 UTC-05:00] [5208:7148] [FcVpnSched  88   debug] default msg 26
[2026-04-07 15:10:38.1944788 UTC-05:00] [5208:7148] [FcVpnSched  88   debug] default msg 26
[2026-04-07 15:10:39.2383329 UTC-05:00] [5208:7148] [FcVpnSched  88   debug] default msg 26
[2026-04-07 15:10:40.0260556 UTC-05:00] [5208:7148] [FcVpnSched  88   debug] default msg 26
[2026-04-07 15:14:02.7275462 UTC-05:00] [5208:7148] [FcVpnSched  88   debug] default msg 30
[2026-04-07 15:14:03.1700692 UTC-05:00] [5208:7148] [FcVpnSched  88   debug] default msg 26
[2026-04-07 15:14:03.1732745 UTC-05:00] [5208:7148] [FcVpnSched  88   debug] default msg 26
[2026-04-07 15:14:03.1763946 UTC-05:00] [5208:7148] [FcVpnSched  88   debug] default msg 26
[2026-04-07 15:14:03.1803460 UTC-05:00] [5208:7148] [FcVpnSched  88   debug] default msg 26
[2026-04-07 15:14:03.1836943 UTC-05:00] [5208:7148] [FcVpnSched  88   debug] default msg 26
[2026-04-07 15:14:03.1913463 UTC-05:00] [5208:7148] [FcVpnSched  88   debug] default msg 26
[2026-04-07 15:14:03.1949681 UTC-05:00] [5208:7148] [FcVpnSched  88   debug] default msg 26
[2026-04-07 15:14:03.1996900 UTC-05:00] [5208:7148] [FcVpnSched  88   debug] default msg 26
[2026-04-07 15:14:03.2098136 UTC-05:00] [5208:7148] [FcVpnSched  88   debug] default msg 26
[2026-04-07 15:14:03.2130084 UTC-05:00] [5208:7148] [FcVpnSched  88   debug] default msg 26
[2026-04-07 15:14:03.2231816 UTC-05:00] [5208:7148] [FcVpnSched  88   debug] default msg 26
[2026-04-07 15:14:03.2266286 UTC-05:00] [5208:7148] [FcVpnSched  88   debug] default msg 26
[2026-04-07 15:14:03.2298640 UTC-05:00] [5208:7148] [FcVpnSched  88   debug] default msg 26
[2026-04-07 15:14:03.2336563 UTC-05:00] [5208:7148] [FcVpnSched  88   debug] default msg 26
[2026-04-07 15:14:03.2369665 UTC-05:00] [5208:7148] [FcVpnSched  88   debug] default msg 26
[2026-04-07 15:14:03.2401694 UTC-05:00] [5208:7148] [FcVpnSched  88   debug] default msg 26
[2026-04-07 15:14:03.2436107 UTC-05:00] [5208:7148] [FcVpnSched  88   debug] default msg 26
[2026-04-07 15:14:03.2468005 UTC-05:00] [5208:7148] [FcVpnSched  88   debug] default msg 26
[2026-04-07 15:14:03.2505515 UTC-05:00] [5208:7148] [FcVpnSched  88   debug] default msg 26
[2026-04-07 15:14:03.2540902 UTC-05:00] [5208:7148] [FcVpnSched  88   debug] default msg 26
[2026-04-07 15:14:03.2573639 UTC-05:00] [5208:7148] [FcVpnSched  88   debug] default msg 26
[2026-04-07 15:14:03.2605426 UTC-05:00] [5208:7148] [FcVpnSched  88   debug] default msg 26
[2026-04-07 15:14:03.2641498 UTC-05:00] [5208:7148] [FcVpnSched  88   debug] default msg 26
[2026-04-07 15:14:03.2730840 UTC-05:00] [5208:7148] [FcVpnSched  88   debug] default msg 26
[2026-04-07 15:14:03.2781704 UTC-05:00] [5208:7148] [FcVpnSched  88   debug] default msg 26
[2026-04-07 15:14:03.2838345 UTC-05:00] [5208:7148] [FcVpnSched  88   debug] default msg 26
[2026-04-07 15:14:03.2877176 UTC-05:00] [5208:7148] [FcVpnSched  88   debug] default msg 26
[2026-04-07 15:14:03.2937410 UTC-05:00] [5208:7148] [FcVpnSched  88   debug] default msg 26
[2026-04-07 15:14:03.3022046 UTC-05:00] [5208:7148] [FcVpnSched  88   debug] default msg 26
[2026-04-07 15:14:03.3056865 UTC-05:00] [5208:7148] [FcVpnSched  88   debug] default msg 26
[2026-04-07 15:14:03.3093133 UTC-05:00] [5208:7148] [FcVpnSched  88   debug] default msg 26
[2026-04-07 15:14:03.3148839 UTC-05:00] [5208:7148] [FcVpnSched  88   debug] default msg 26
[2026-04-07 15:14:03.3188313 UTC-05:00] [5208:7148] [FcVpnSched  88   debug] default msg 26
[2026-04-07 15:14:03.3226177 UTC-05:00] [5208:7148] [FcVpnSched  88   debug] default msg 26
[2026-04-07 15:14:03.3313970 UTC-05:00] [5208:7148] [FcVpnSched  88   debug] default msg 26
[2026-04-07 15:14:03.3361107 UTC-05:00] [5208:7148] [FcVpnSched  88   debug] default msg 26
[2026-04-07 15:14:03.3429384 UTC-05:00] [5208:7148] [FcVpnSched  88   debug] default msg 26
[2026-04-07 15:14:03.3524247 UTC-05:00] [5208:7148] [FcVpnSched  88   debug] default msg 26
[2026-04-07 15:14:03.3556938 UTC-05:00] [5208:7148] [FcVpnSched  88   debug] default msg 26
[2026-04-07 15:14:03.3596825 UTC-05:00] [5208:7148] [FcVpnSched  88   debug] default msg 26
[2026-04-07 15:14:03.3686816 UTC-05:00] [5208:7148] [FcVpnSched  88   debug] default msg 26
[2026-04-07 15:14:03.3724684 UTC-05:00] [5208:7148] [FcVpnSched  88   debug] default msg 26
[2026-04-07 15:14:03.3990910 UTC-05:00] [5208:7148] [FcVpnSched  88   debug] default msg 26
[2026-04-07 15:14:03.4048924 UTC-05:00] [5208:7148] [FcVpnSched  88   debug] default msg 26
[2026-04-07 15:14:03.4105378 UTC-05:00] [5208:7148] [FcVpnSched  88   debug] default msg 26
[2026-04-07 15:14:03.4140988 UTC-05:00] [5208:7148] [FcVpnSched  88   debug] default msg 26
[2026-04-07 15:14:03.4168598 UTC-05:00] [5208:7148] [FcVpnSched  88   debug] default msg 26
[2026-04-07 15:14:03.4202029 UTC-05:00] [5208:7148] [FcVpnSched  88   debug] default msg 26
[2026-04-07 15:14:03.4242903 UTC-05:00] [5208:7148] [FcVpnSched  88   debug] default msg 26
[2026-04-07 15:14:03.4280001 UTC-05:00] [5208:7148] [FcVpnSched  88   debug] default msg 26
[2026-04-07 15:14:03.4316164 UTC-05:00] [5208:7148] [FcVpnSched  88   debug] default msg 26
[2026-04-07 15:14:03.4348089 UTC-05:00] [5208:7148] [FcVpnSched  88   debug] default msg 26
[2026-04-07 15:14:03.4384102 UTC-05:00] [5208:7148] [FcVpnSched  88   debug] default msg 26
[2026-04-07 15:14:03.4418854 UTC-05:00] [5208:7148] [FcVpnSched  88   debug] default msg 26
[2026-04-07 15:14:03.4447992 UTC-05:00] [5208:7148] [FcVpnSched  88   debug] default msg 26
[2026-04-07 15:14:03.4479995 UTC-05:00] [5208:7148] [FcVpnSched  88   debug] default msg 26
[2026-04-07 15:15:58.6944989 UTC-05:00] [5208:7148] [FcVpnSched  88   debug] default msg 537
[2026-04-07 15:16:06.3919945 UTC-05:00] [5208:7148] [FcVpnSched  88   debug] default msg 537
[2026-04-07 15:16:06.6976337 UTC-05:00] [5208:7148] [FcVpnSched  88   debug] default msg 26
[2026-04-07 15:16:07.1767991 UTC-05:00] [5208:7148] [FcVpnSched  88   debug] default msg 537
[2026-04-07 15:16:07.1832342 UTC-05:00] [5208:7148] [FcVpnSched  88   debug] default msg 537
[2026-04-07 15:16:07.1978030 UTC-05:00] [5208:7148] [FcVpnSched  88   debug] default msg 537
[2026-04-07 15:16:07.2495669 UTC-05:00] [5208:7148] [FcVpnSched  88   debug] default msg 537
[2026-04-07 15:16:07.7654463 UTC-05:00] [5208:7148] [FcVpnSched  88   debug] default msg 537
[2026-04-07 15:16:07.8012039 UTC-05:00] [5208:7148] [FcVpnSched  88   debug] default msg 537
[2026-04-07 15:16:11.7313000 UTC-05:00] [5208:7148] [FcVpnSched  88   debug] default msg 537
[2026-04-07 15:16:11.8616195 UTC-05:00] [5208:7148] [FcVpnSched  88   debug] default msg 537
[2026-04-07 15:16:11.8665332 UTC-05:00] [5208:7148] [FcVpnSched  88   debug] default msg 537
[2026-04-07 15:16:11.8866934 UTC-05:00] [5208:7148] [FcVpnSched  88   debug] default msg 537
[2026-04-07 15:16:12.4740742 UTC-05:00] [5208:7148] [FcVpnSched  88   debug] default msg 26
[2026-04-07 15:16:12.5540789 UTC-05:00] [5208:7148] [FcVpnSched  88   debug] default msg 26
[2026-04-07 15:16:38.3513234 UTC-05:00] [5208:7148] [FcVpnSched  88   debug] default msg 26
[2026-04-07 15:16:38.4109924 UTC-05:00] [5208:7148] [FcVpnSched  88   debug] default msg 26
[2026-04-07 15:16:38.5512430 UTC-05:00] [5208:7148] [FcVpnSched  88   debug] default msg 26
[2026-04-07 15:16:38.5636286 UTC-05:00] [5208:7148] [FcVpnSched  88   debug] default msg 26
[2026-04-07 15:16:38.5708117 UTC-05:00] [5208:7148] [FcVpnSched  88   debug] default msg 26
[2026-04-07 15:16:38.5824876 UTC-05:00] [5208:7148] [FcVpnSched  88   debug] default msg 26
[2026-04-07 15:16:38.6451795 UTC-05:00] [5208:7148] [FcVpnSched  88   debug] default msg 26
[2026-04-07 15:16:38.6856562 UTC-05:00] [5208:7148] [FcVpnSched  88   debug] default msg 26
[2026-04-07 15:16:38.6937651 UTC-05:00] [5208:7148] [FcVpnSched  88   debug] default msg 26
[2026-04-07 15:16:38.7021212 UTC-05:00] [5208:7148] [FcVpnSched  88   debug] default msg 26
[2026-04-07 15:16:38.7098344 UTC-05:00] [5208:7148] [FcVpnSched  88   debug] default msg 26
[2026-04-07 15:16:38.7372709 UTC-05:00] [5208:7148] [FcVpnSched  88   debug] default msg 26
[2026-04-07 15:16:38.7427373 UTC-05:00] [5208:7148] [FcVpnSched  88   debug] default msg 26
[2026-04-07 15:16:38.7555619 UTC-05:00] [5208:7148] [FcVpnSched  88   debug] default msg 26
[2026-04-07 15:16:38.7871812 UTC-05:00] [5208:7148] [FcVpnSched  88   debug] default msg 26
[2026-04-07 15:16:38.7988301 UTC-05:00] [5208:7148] [FcVpnSched  88   debug] default msg 26
[2026-04-07 15:16:38.8075517 UTC-05:00] [5208:7148] [FcVpnSched  88   debug] default msg 26
[2026-04-07 15:16:38.8683016 UTC-05:00] [5208:7148] [FcVpnSched  88   debug] default msg 26
[2026-04-07 15:16:38.8939404 UTC-05:00] [5208:7148] [FcVpnSched  88   debug] default msg 26
[2026-04-07 15:16:39.0039331 UTC-05:00] [5208:7148] [FcVpnSched  88   debug] default msg 26
[2026-04-07 15:16:39.0136304 UTC-05:00] [5208:7148] [FcVpnSched  88   debug] default msg 26
[2026-04-07 15:16:39.0217689 UTC-05:00] [5208:7148] [FcVpnSched  88   debug] default msg 26
[2026-04-07 15:16:39.0486248 UTC-05:00] [5208:7148] [FcVpnSched  88   debug] default msg 26
[2026-04-07 15:16:39.0636485 UTC-05:00] [5208:7148] [FcVpnSched  88   debug] default msg 26
[2026-04-07 15:16:39.0745108 UTC-05:00] [5208:7148] [FcVpnSched  88   debug] default msg 26
[2026-04-07 15:16:39.1209888 UTC-05:00] [5208:7148] [FcVpnSched  88   debug] default msg 26
[2026-04-07 15:16:39.1320538 UTC-05:00] [5208:7148] [FcVpnSched  88   debug] default msg 26
[2026-04-07 15:16:39.1532766 UTC-05:00] [5208:7148] [FcVpnSched  88   debug] default msg 26
[2026-04-07 15:16:39.2138578 UTC-05:00] [5208:7148] [FcVpnSched  88   debug] default msg 26
[2026-04-07 15:16:39.2256163 UTC-05:00] [5208:7148] [FcVpnSched  88   debug] default msg 26
[2026-04-07 15:16:39.2455099 UTC-05:00] [5208:7148] [FcVpnSched  88   debug] default msg 26
[2026-04-07 15:16:39.2622976 UTC-05:00] [5208:7148] [FcVpnSched  88   debug] default msg 26
[2026-04-07 15:16:47.7396942 UTC-05:00] [5208:7148] [FcVpnSched  88   debug] default msg 537
[2026-04-07 15:16:49.8483899 UTC-05:00] [5208:7148] [FcVpnSched  88   debug] default msg 26
[2026-04-07 15:16:49.9061475 UTC-05:00] [5208:7148] [FcVpnSched  88   debug] default msg 26
[2026-04-07 15:16:52.3339840 UTC-05:00] [5208:7148] [FcVpnSched  88   debug] default msg 537
[2026-04-07 15:37:02.3077035 UTC-05:00] [5208:7148] [FcVpnSched  88   debug] default msg 30
[2026-04-07 15:37:02.4119257 UTC-05:00] [5208:7148] [FcVpnSched  88   debug] default msg 26
[2026-04-07 15:37:02.4150333 UTC-05:00] [5208:7148] [FcVpnSched  88   debug] default msg 26
[2026-04-07 15:37:02.4176309 UTC-05:00] [5208:7148] [FcVpnSched  88   debug] default msg 26
[2026-04-07 15:37:02.4202062 UTC-05:00] [5208:7148] [FcVpnSched  88   debug] default msg 26
[2026-04-07 15:37:02.4230125 UTC-05:00] [5208:7148] [FcVpnSched  88   debug] default msg 26
[2026-04-07 15:37:02.4256307 UTC-05:00] [5208:7148] [FcVpnSched  88   debug] default msg 26
[2026-04-07 15:37:02.4281590 UTC-05:00] [5208:7148] [FcVpnSched  88   debug] default msg 26
[2026-04-07 15:37:02.4306386 UTC-05:00] [5208:7148] [FcVpnSched  88   debug] default msg 26
[2026-04-07 15:37:02.4331942 UTC-05:00] [5208:7148] [FcVpnSched  88   debug] default msg 26
[2026-04-07 15:37:02.4357297 UTC-05:00] [5208:7148] [FcVpnSched  88   debug] default msg 26
[2026-04-07 15:37:02.4382735 UTC-05:00] [5208:7148] [FcVpnSched  88   debug] default msg 26
[2026-04-07 15:37:02.4407665 UTC-05:00] [5208:7148] [FcVpnSched  88   debug] default msg 26
[2026-04-07 15:37:02.4431976 UTC-05:00] [5208:7148] [FcVpnSched  88   debug] default msg 26
[2026-04-07 15:37:02.4456403 UTC-05:00] [5208:7148] [FcVpnSched  88   debug] default msg 26
[2026-04-07 15:37:02.4480882 UTC-05:00] [5208:7148] [FcVpnSched  88   debug] default msg 26
[2026-04-07 15:37:02.4504793 UTC-05:00] [5208:7148] [FcVpnSched  88   debug] default msg 26
[2026-04-07 15:37:02.4533409 UTC-05:00] [5208:7148] [FcVpnSched  88   debug] default msg 26
[2026-04-07 15:37:02.4565000 UTC-05:00] [5208:7148] [FcVpnSched  88   debug] default msg 26
[2026-04-07 15:37:02.4591244 UTC-05:00] [5208:7148] [FcVpnSched  88   debug] default msg 26
[2026-04-07 15:37:02.4616514 UTC-05:00] [5208:7148] [FcVpnSched  88   debug] default msg 26
[2026-04-07 15:37:02.4641660 UTC-05:00] [5208:7148] [FcVpnSched  88   debug] default msg 26
[2026-04-07 15:37:02.4665935 UTC-05:00] [5208:7148] [FcVpnSched  88   debug] default msg 26
[2026-04-07 15:37:02.4691706 UTC-05:00] [5208:7148] [FcVpnSched  88   debug] default msg 26
[2026-04-07 15:37:02.4716023 UTC-05:00] [5208:7148] [FcVpnSched  88   debug] default msg 26
[2026-04-07 15:37:02.4742039 UTC-05:00] [5208:7148] [FcVpnSched  88   debug] default msg 26
[2026-04-07 15:37:02.4766481 UTC-05:00] [5208:7148] [FcVpnSched  88   debug] default msg 26
[2026-04-07 15:37:02.4791515 UTC-05:00] [5208:7148] [FcVpnSched  88   debug] default msg 26
[2026-04-07 15:37:02.4816141 UTC-05:00] [5208:7148] [FcVpnSched  88   debug] default msg 26
[2026-04-07 15:37:02.4841652 UTC-05:00] [5208:7148] [FcVpnSched  88   debug] default msg 26
[2026-04-07 15:37:02.4868694 UTC-05:00] [5208:7148] [FcVpnSched  88   debug] default msg 26
[2026-04-07 15:37:02.4893074 UTC-05:00] [5208:7148] [FcVpnSched  88   debug] default msg 26
[2026-04-07 15:37:02.4917667 UTC-05:00] [5208:7148] [FcVpnSched  88   debug] default msg 26
[2026-04-07 15:37:02.4942131 UTC-05:00] [5208:7148] [FcVpnSched  88   debug] default msg 26
[2026-04-07 15:37:02.4965696 UTC-05:00] [5208:7148] [FcVpnSched  88   debug] default msg 26
[2026-04-07 15:37:02.4993134 UTC-05:00] [5208:7148] [FcVpnSched  88   debug] default msg 26
[2026-04-07 15:37:02.5018999 UTC-05:00] [5208:7148] [FcVpnSched  88   debug] default msg 26
[2026-04-07 15:37:02.5043455 UTC-05:00] [5208:7148] [FcVpnSched  88   debug] default msg 26
[2026-04-07 15:37:02.5067464 UTC-05:00] [5208:7148] [FcVpnSched  88   debug] default msg 26
[2026-04-07 15:37:02.5091706 UTC-05:00] [5208:7148] [FcVpnSched  88   debug] default msg 26
[2026-04-07 15:37:02.5115726 UTC-05:00] [5208:7148] [FcVpnSched  88   debug] default msg 26
[2026-04-07 15:37:02.5143751 UTC-05:00] [5208:7148] [FcVpnSched  88   debug] default msg 26
[2026-04-07 15:37:02.5179825 UTC-05:00] [5208:7148] [FcVpnSched  88   debug] default msg 26
[2026-04-07 15:37:02.5217077 UTC-05:00] [5208:7148] [FcVpnSched  88   debug] default msg 26
[2026-04-07 15:37:02.5264617 UTC-05:00] [5208:7148] [FcVpnSched  88   debug] default msg 26
[2026-04-07 15:37:02.5299365 UTC-05:00] [5208:7148] [FcVpnSched  88   debug] default msg 26
[2026-04-07 15:37:02.5339849 UTC-05:00] [5208:7148] [FcVpnSched  88   debug] default msg 26
[2026-04-07 15:37:02.5379923 UTC-05:00] [5208:7148] [FcVpnSched  88   debug] default msg 26
[2026-04-07 15:37:02.5414785 UTC-05:00] [5208:7148] [FcVpnSched  88   debug] default msg 26
[2026-04-07 15:37:02.5452438 UTC-05:00] [5208:7148] [FcVpnSched  88   debug] default msg 26
[2026-04-07 15:37:02.5486381 UTC-05:00] [5208:7148] [FcVpnSched  88   debug] default msg 26
[2026-04-07 15:37:02.5521236 UTC-05:00] [5208:7148] [FcVpnSched  88   debug] default msg 26
[2026-04-07 15:37:02.5550740 UTC-05:00] [5208:7148] [FcVpnSched  88   debug] default msg 26
[2026-04-07 15:37:02.5582308 UTC-05:00] [5208:7148] [FcVpnSched  88   debug] default msg 26
[2026-04-07 15:37:02.5615847 UTC-05:00] [5208:7148] [FcVpnSched  88   debug] default msg 26
[2026-04-07 15:37:02.5653838 UTC-05:00] [5208:7148] [FcVpnSched  88   debug] default msg 26
[2026-04-07 15:37:02.5685575 UTC-05:00] [5208:7148] [FcVpnSched  88   debug] default msg 26
[2026-04-07 15:37:02.7191572 UTC-05:00] [5208:7148] [FcVpnSched  88   debug] default msg 26
[2026-04-07 15:37:02.7229226 UTC-05:00] [5208:7148] [FcVpnSched  88   debug] default msg 26
[2026-04-07 15:37:02.7255781 UTC-05:00] [5208:7148] [FcVpnSched  88   debug] default msg 26
[2026-04-07 15:37:02.7281528 UTC-05:00] [5208:7148] [FcVpnSched  88   debug] default msg 26
[2026-04-07 15:37:02.7307191 UTC-05:00] [5208:7148] [FcVpnSched  88   debug] default msg 26
[2026-04-07 15:37:02.7332415 UTC-05:00] [5208:7148] [FcVpnSched  88   debug] default msg 26
[2026-04-07 15:37:02.7359734 UTC-05:00] [5208:7148] [FcVpnSched  88   debug] default msg 26
[2026-04-07 15:37:02.7388005 UTC-05:00] [5208:7148] [FcVpnSched  88   debug] default msg 26
[2026-04-07 15:37:02.7414472 UTC-05:00] [5208:7148] [FcVpnSched  88   debug] default msg 26
[2026-04-07 15:37:02.7440045 UTC-05:00] [5208:7148] [FcVpnSched  88   debug] default msg 26
[2026-04-07 15:37:02.7465694 UTC-05:00] [5208:7148] [FcVpnSched  88   debug] default msg 26
[2026-04-07 15:37:02.7490820 UTC-05:00] [5208:7148] [FcVpnSched  88   debug] default msg 26
[2026-04-07 15:37:02.7519914 UTC-05:00] [5208:7148] [FcVpnSched  88   debug] default msg 26
[2026-04-07 15:37:02.7547662 UTC-05:00] [5208:7148] [FcVpnSched  88   debug] default msg 26
[2026-04-07 15:37:02.7573126 UTC-05:00] [5208:7148] [FcVpnSched  88   debug] default msg 26
[2026-04-07 15:37:02.7598187 UTC-05:00] [5208:7148] [FcVpnSched  88   debug] default msg 26
[2026-04-07 15:37:02.7623660 UTC-05:00] [5208:7148] [FcVpnSched  88   debug] default msg 26
[2026-04-07 15:37:02.7649168 UTC-05:00] [5208:7148] [FcVpnSched  88   debug] default msg 26
[2026-04-07 15:37:02.7682827 UTC-05:00] [5208:7148] [FcVpnSched  88   debug] default msg 26
[2026-04-07 15:37:02.7717823 UTC-05:00] [5208:7148] [FcVpnSched  88   debug] default msg 26
[2026-04-07 15:37:02.7745511 UTC-05:00] [5208:7148] [FcVpnSched  88   debug] default msg 26
[2026-04-07 15:37:02.7771698 UTC-05:00] [5208:7148] [FcVpnSched  88   debug] default msg 26
[2026-04-07 15:37:02.7798473 UTC-05:00] [5208:7148] [FcVpnSched  88   debug] default msg 26
[2026-04-07 15:37:02.7827828 UTC-05:00] [5208:7148] [FcVpnSched  88   debug] default msg 26
[2026-04-07 15:37:02.7860973 UTC-05:00] [5208:7148] [FcVpnSched  88   debug] default msg 26
[2026-04-07 15:37:02.7888570 UTC-05:00] [5208:7148] [FcVpnSched  88   debug] default msg 26
[2026-04-07 15:37:02.7914355 UTC-05:00] [5208:7148] [FcVpnSched  88   debug] default msg 26
[2026-04-07 15:37:02.7938355 UTC-05:00] [5208:7148] [FcVpnSched  88   debug] default msg 26
[2026-04-07 15:37:02.7961618 UTC-05:00] [5208:7148] [FcVpnSched  88   debug] default msg 26
[2026-04-07 15:37:02.7987299 UTC-05:00] [5208:7148] [FcVpnSched  88   debug] default msg 26
[2026-04-07 15:37:02.8012224 UTC-05:00] [5208:7148] [FcVpnSched  88   debug] default msg 26
[2026-04-07 15:37:02.8036015 UTC-05:00] [5208:7148] [FcVpnSched  88   debug] default msg 26
[2026-04-07 16:10:45.2990950 UTC-05:00] [5208:7148] [FcVpnSched  88   debug] default msg 26
[2026-04-07 16:10:45.5932438 UTC-05:00] [5208:7148] [FcVpnSched  88   debug] default msg 26
[2026-04-07 16:10:45.8416870 UTC-05:00] [5208:7148] [FcVpnSched  88   debug] default msg 26
[2026-04-07 16:10:46.1754051 UTC-05:00] [5208:7148] [FcVpnSched  88   debug] default msg 26
[2026-04-07 16:10:46.3916978 UTC-05:00] [5208:7148] [FcVpnSched  88   debug] default msg 26
[2026-04-07 16:10:46.8252289 UTC-05:00] [5208:7148] [FcVpnSched  88   debug] default msg 26
[2026-04-07 16:10:47.2472409 UTC-05:00] [5208:7148] [FcVpnSched  88   debug] default msg 26
[2026-04-07 16:10:47.6025656 UTC-05:00] [5208:7148] [FcVpnSched  88   debug] default msg 26
[2026-04-07 16:10:50.8626704 UTC-05:00] [5208:7148] [FcVpnSched  88   debug] default msg 537
[2026-04-07 16:10:58.4411845 UTC-05:00] [5208:7148] [FcVpnSched  88   debug] default msg 537
[2026-04-07 16:10:58.5661175 UTC-05:00] [5208:7148] [FcVpnSched  88   debug] default msg 537
[2026-04-07 16:10:58.5683434 UTC-05:00] [5208:7148] [FcVpnSched  88   debug] default msg 537
[2026-04-07 16:10:58.5712517 UTC-05:00] [5208:7148] [FcVpnSched  88   debug] default msg 537
[2026-04-07 16:10:58.7259648 UTC-05:00] [5208:7148] [FcVpnSched  88   debug] default msg 537
[2026-04-07 16:10:58.7292176 UTC-05:00] [5208:7148] [FcVpnSched  88   debug] default msg 537
[2026-04-07 16:10:58.7327737 UTC-05:00] [5208:7148] [FcVpnSched  88   debug] default msg 537
[2026-04-07 16:10:58.7364508 UTC-05:00] [5208:7148] [FcVpnSched  88   debug] default msg 537
[2026-04-07 16:11:01.1227089 UTC-05:00] [5208:7148] [FcVpnSched  88   debug] default msg 26
[2026-04-07 16:11:01.1520998 UTC-05:00] [5208:7148] [FcVpnSched  88   debug] default msg 537
[2026-04-07 16:11:01.1574856 UTC-05:00] [5208:7148] [FcVpnSched  88   debug] default msg 537
[2026-04-07 16:11:01.1792281 UTC-05:00] [5208:7148] [FcVpnSched  88   debug] default msg 537
[2026-04-07 16:11:01.1904167 UTC-05:00] [5208:7148] [FcVpnSched  88   debug] default msg 537
[2026-04-07 16:11:01.2203367 UTC-05:00] [5208:7148] [FcVpnSched  88   debug] default msg 537
[2026-04-07 16:11:01.2359265 UTC-05:00] [5208:7148] [FcVpnSched  88   debug] default msg 537
[2026-04-07 16:11:01.2450881 UTC-05:00] [5208:7148] [FcVpnSched  88   debug] default msg 537
[2026-04-07 16:11:01.2502312 UTC-05:00] [5208:7148] [FcVpnSched  88   debug] default msg 537
[2026-04-07 16:11:02.1425035 UTC-05:00] [5208:7148] [FcVpnSched  88   debug] default msg 26
[2026-04-07 16:59:50.0715875 UTC-05:00] [5208:7148] [FcVpnSched  88   debug] default msg 26
[2026-04-07 16:59:50.3911805 UTC-05:00] [5208:7148] [FcVpnSched  88   debug] default msg 26
[2026-04-07 17:18:45.8656286 UTC-05:00] [5208:7148] [FcVpnSched  88   debug] default msg 26
[2026-04-07 17:18:46.2782589 UTC-05:00] [5208:7148] [FcVpnSched  88   debug] default msg 26
[2026-04-07 17:18:46.8413393 UTC-05:00] [5208:7148] [FcVpnSched  88   debug] default msg 26
[2026-04-07 17:18:47.2434023 UTC-05:00] [5208:7148] [FcVpnSched  88   debug] default msg 26
[2026-04-07 17:18:47.7832595 UTC-05:00] [5208:7148] [FcVpnSched  88   debug] default msg 26
[2026-04-07 17:18:48.3438046 UTC-05:00] [5208:7148] [FcVpnSched  88   debug] default msg 26
[2026-04-07 17:18:49.0340622 UTC-05:00] [5208:7148] [FcVpnSched  88   debug] default msg 26
[2026-04-07 17:18:49.4868468 UTC-05:00] [5208:7148] [FcVpnSched  88   debug] default msg 26
[2026-04-07 18:26:45.6042394 UTC-05:00] [5208:7148] [FcVpnSched  88   debug] default msg 26
[2026-04-07 18:26:45.8521693 UTC-05:00] [5208:7148] [FcVpnSched  88   debug] default msg 26
[2026-04-07 18:26:46.1212054 UTC-05:00] [5208:7148] [FcVpnSched  88   debug] default msg 26
[2026-04-07 18:26:46.4576172 UTC-05:00] [5208:7148] [FcVpnSched  88   debug] default msg 26
[2026-04-07 18:26:46.6845939 UTC-05:00] [5208:7148] [FcVpnSched  88   debug] default msg 26
[2026-04-07 18:26:47.1156655 UTC-05:00] [5208:7148] [FcVpnSched  88   debug] default msg 26
[2026-04-07 18:26:47.5191712 UTC-05:00] [5208:7148] [FcVpnSched  88   debug] default msg 26
[2026-04-07 18:26:47.8443060 UTC-05:00] [5208:7148] [FcVpnSched  88   debug] default msg 26
[2026-04-07 18:51:51.4051902 UTC-05:00] [5208:7148] [FcVpnSched  88   debug] default msg 26
[2026-04-07 18:51:51.7056664 UTC-05:00] [5208:7148] [FcVpnSched  88   debug] default msg 26
[2026-04-07 19:27:01.9937677 UTC-05:00] [5208:7148] [FcVpnSched  88   debug] default msg 30
[2026-04-07 19:27:02.1009789 UTC-05:00] [5208:7148] [FcVpnSched  88   debug] default msg 26
[2026-04-07 19:27:02.1038931 UTC-05:00] [5208:7148] [FcVpnSched  88   debug] default msg 26
[2026-04-07 19:27:02.1062319 UTC-05:00] [5208:7148] [FcVpnSched  88   debug] default msg 26
[2026-04-07 19:27:02.1085345 UTC-05:00] [5208:7148] [FcVpnSched  88   debug] default msg 26
[2026-04-07 19:27:02.1109249 UTC-05:00] [5208:7148] [FcVpnSched  88   debug] default msg 26
[2026-04-07 19:27:02.1131972 UTC-05:00] [5208:7148] [FcVpnSched  88   debug] default msg 26
[2026-04-07 19:27:02.1157624 UTC-05:00] [5208:7148] [FcVpnSched  88   debug] default msg 26
[2026-04-07 19:27:02.1185736 UTC-05:00] [5208:7148] [FcVpnSched  88   debug] default msg 26
[2026-04-07 19:27:02.1218809 UTC-05:00] [5208:7148] [FcVpnSched  88   debug] default msg 26
[2026-04-07 19:27:02.1243768 UTC-05:00] [5208:7148] [FcVpnSched  88   debug] default msg 26
[2026-04-07 19:27:02.1267918 UTC-05:00] [5208:7148] [FcVpnSched  88   debug] default msg 26
[2026-04-07 19:27:02.1292165 UTC-05:00] [5208:7148] [FcVpnSched  88   debug] default msg 26
[2026-04-07 19:27:02.1316635 UTC-05:00] [5208:7148] [FcVpnSched  88   debug] default msg 26
[2026-04-07 19:27:02.1341628 UTC-05:00] [5208:7148] [FcVpnSched  88   debug] default msg 26
[2026-04-07 19:27:02.1362580 UTC-05:00] [5208:7148] [FcVpnSched  88   debug] default msg 26
[2026-04-07 19:27:02.1383295 UTC-05:00] [5208:7148] [FcVpnSched  88   debug] default msg 26
[2026-04-07 19:27:02.1404201 UTC-05:00] [5208:7148] [FcVpnSched  88   debug] default msg 26
[2026-04-07 19:27:02.1424974 UTC-05:00] [5208:7148] [FcVpnSched  88   debug] default msg 26
[2026-04-07 19:27:02.1445723 UTC-05:00] [5208:7148] [FcVpnSched  88   debug] default msg 26
[2026-04-07 19:27:02.1465818 UTC-05:00] [5208:7148] [FcVpnSched  88   debug] default msg 26
[2026-04-07 19:27:02.1487994 UTC-05:00] [5208:7148] [FcVpnSched  88   debug] default msg 26
[2026-04-07 19:27:02.1509196 UTC-05:00] [5208:7148] [FcVpnSched  88   debug] default msg 26
[2026-04-07 19:27:02.1529811 UTC-05:00] [5208:7148] [FcVpnSched  88   debug] default msg 26
[2026-04-07 19:27:02.1550877 UTC-05:00] [5208:7148] [FcVpnSched  88   debug] default msg 26
[2026-04-07 19:27:02.1571472 UTC-05:00] [5208:7148] [FcVpnSched  88   debug] default msg 26
[2026-04-07 19:27:02.1592062 UTC-05:00] [5208:7148] [FcVpnSched  88   debug] default msg 26
[2026-04-07 19:27:02.1613030 UTC-05:00] [5208:7148] [FcVpnSched  88   debug] default msg 26
[2026-04-07 19:27:02.1633670 UTC-05:00] [5208:7148] [FcVpnSched  88   debug] default msg 26
[2026-04-07 19:27:02.1661632 UTC-05:00] [5208:7148] [FcVpnSched  88   debug] default msg 26
[2026-04-07 19:27:02.1690724 UTC-05:00] [5208:7148] [FcVpnSched  88   debug] default msg 26
[2026-04-07 19:27:02.1718491 UTC-05:00] [5208:7148] [FcVpnSched  88   debug] default msg 26
[2026-04-07 19:27:02.1747313 UTC-05:00] [5208:7148] [FcVpnSched  88   debug] default msg 26
[2026-04-07 19:27:02.1775911 UTC-05:00] [5208:7148] [FcVpnSched  88   debug] default msg 26
[2026-04-07 19:27:02.1806638 UTC-05:00] [5208:7148] [FcVpnSched  88   debug] default msg 26
[2026-04-07 19:27:02.1837188 UTC-05:00] [5208:7148] [FcVpnSched  88   debug] default msg 26
[2026-04-07 19:27:02.1870732 UTC-05:00] [5208:7148] [FcVpnSched  88   debug] default msg 26
[2026-04-07 19:27:02.1908511 UTC-05:00] [5208:7148] [FcVpnSched  88   debug] default msg 26
[2026-04-07 19:27:02.1945172 UTC-05:00] [5208:7148] [FcVpnSched  88   debug] default msg 26
[2026-04-07 19:27:02.1982834 UTC-05:00] [5208:7148] [FcVpnSched  88   debug] default msg 26
[2026-04-07 19:27:02.2021252 UTC-05:00] [5208:7148] [FcVpnSched  88   debug] default msg 26
[2026-04-07 19:27:02.2051521 UTC-05:00] [5208:7148] [FcVpnSched  88   debug] default msg 26
[2026-04-07 19:27:02.2081061 UTC-05:00] [5208:7148] [FcVpnSched  88   debug] default msg 26
[2026-04-07 19:27:02.2115105 UTC-05:00] [5208:7148] [FcVpnSched  88   debug] default msg 26
[2026-04-07 19:27:02.2143115 UTC-05:00] [5208:7148] [FcVpnSched  88   debug] default msg 26
[2026-04-07 19:27:02.2174693 UTC-05:00] [5208:7148] [FcVpnSched  88   debug] default msg 26
[2026-04-07 19:27:02.2208755 UTC-05:00] [5208:7148] [FcVpnSched  88   debug] default msg 26
[2026-04-07 19:27:02.2248110 UTC-05:00] [5208:7148] [FcVpnSched  88   debug] default msg 26
[2026-04-07 19:27:02.2285668 UTC-05:00] [5208:7148] [FcVpnSched  88   debug] default msg 26
[2026-04-07 19:27:02.2312864 UTC-05:00] [5208:7148] [FcVpnSched  88   debug] default msg 26
[2026-04-07 19:27:02.2337876 UTC-05:00] [5208:7148] [FcVpnSched  88   debug] default msg 26
[2026-04-07 19:27:02.2362695 UTC-05:00] [5208:7148] [FcVpnSched  88   debug] default msg 26
[2026-04-07 19:27:02.2387228 UTC-05:00] [5208:7148] [FcVpnSched  88   debug] default msg 26
[2026-04-07 19:27:02.2416766 UTC-05:00] [5208:7148] [FcVpnSched  88   debug] default msg 26
[2026-04-07 19:27:02.2450195 UTC-05:00] [5208:7148] [FcVpnSched  88   debug] default msg 26
[2026-04-07 19:27:02.2479253 UTC-05:00] [5208:7148] [FcVpnSched  88   debug] default msg 26
[2026-04-07 19:27:02.2513609 UTC-05:00] [5208:7148] [FcVpnSched  88   debug] default msg 26
[2026-04-07 19:27:02.4102100 UTC-05:00] [5208:7148] [FcVpnSched  88   debug] default msg 26
[2026-04-07 19:27:02.4129304 UTC-05:00] [5208:7148] [FcVpnSched  88   debug] default msg 26
[2026-04-07 19:27:02.4153458 UTC-05:00] [5208:7148] [FcVpnSched  88   debug] default msg 26
[2026-04-07 19:27:02.4179839 UTC-05:00] [5208:7148] [FcVpnSched  88   debug] default msg 26
[2026-04-07 19:27:02.4203109 UTC-05:00] [5208:7148] [FcVpnSched  88   debug] default msg 26
[2026-04-07 19:27:02.4225499 UTC-05:00] [5208:7148] [FcVpnSched  88   debug] default msg 26
[2026-04-07 19:27:02.4250599 UTC-05:00] [5208:7148] [FcVpnSched  88   debug] default msg 26
[2026-04-07 19:27:02.4278111 UTC-05:00] [5208:7148] [FcVpnSched  88   debug] default msg 26
[2026-04-07 19:27:02.4299949 UTC-05:00] [5208:7148] [FcVpnSched  88   debug] default msg 26
[2026-04-07 19:27:02.4327869 UTC-05:00] [5208:7148] [FcVpnSched  88   debug] default msg 26
[2026-04-07 19:27:02.4360865 UTC-05:00] [5208:7148] [FcVpnSched  88   debug] default msg 26
[2026-04-07 19:27:02.4383763 UTC-05:00] [5208:7148] [FcVpnSched  88   debug] default msg 26
[2026-04-07 19:27:02.4406092 UTC-05:00] [5208:7148] [FcVpnSched  88   debug] default msg 26
[2026-04-07 19:27:02.4427964 UTC-05:00] [5208:7148] [FcVpnSched  88   debug] default msg 26
[2026-04-07 19:27:02.4449279 UTC-05:00] [5208:7148] [FcVpnSched  88   debug] default msg 26
[2026-04-07 19:27:02.4475254 UTC-05:00] [5208:7148] [FcVpnSched  88   debug] default msg 26
[2026-04-07 19:27:02.4502236 UTC-05:00] [5208:7148] [FcVpnSched  88   debug] default msg 26
[2026-04-07 19:27:02.4524202 UTC-05:00] [5208:7148] [FcVpnSched  88   debug] default msg 26
[2026-04-07 19:27:02.4545502 UTC-05:00] [5208:7148] [FcVpnSched  88   debug] default msg 26
[2026-04-07 19:27:02.4567474 UTC-05:00] [5208:7148] [FcVpnSched  88   debug] default msg 26
[2026-04-07 19:27:02.4588902 UTC-05:00] [5208:7148] [FcVpnSched  88   debug] default msg 26
[2026-04-07 19:27:02.4609675 UTC-05:00] [5208:7148] [FcVpnSched  88   debug] default msg 26
[2026-04-07 19:27:02.4632517 UTC-05:00] [5208:7148] [FcVpnSched  88   debug] default msg 26
[2026-04-07 19:27:02.4654046 UTC-05:00] [5208:7148] [FcVpnSched  88   debug] default msg 26
[2026-04-07 19:27:02.4675516 UTC-05:00] [5208:7148] [FcVpnSched  88   debug] default msg 26
[2026-04-07 19:27:02.4696777 UTC-05:00] [5208:7148] [FcVpnSched  88   debug] default msg 26
[2026-04-07 19:27:02.4718146 UTC-05:00] [5208:7148] [FcVpnSched  88   debug] default msg 26
[2026-04-07 19:27:02.4740690 UTC-05:00] [5208:7148] [FcVpnSched  88   debug] default msg 26
[2026-04-07 19:27:02.4761626 UTC-05:00] [5208:7148] [FcVpnSched  88   debug] default msg 26
[2026-04-07 19:27:02.4782467 UTC-05:00] [5208:7148] [FcVpnSched  88   debug] default msg 26
[2026-04-07 19:27:02.4807187 UTC-05:00] [5208:7148] [FcVpnSched  88   debug] default msg 26
[2026-04-07 19:27:02.4833736 UTC-05:00] [5208:7148] [FcVpnSched  88   debug] default msg 26
[2026-04-07 19:34:44.8235997 UTC-05:00] [5208:7148] [FcVpnSched  88   debug] default msg 26
[2026-04-07 19:34:45.0630468 UTC-05:00] [5208:7148] [FcVpnSched  88   debug] default msg 26
[2026-04-07 19:34:45.2859423 UTC-05:00] [5208:7148] [FcVpnSched  88   debug] default msg 26
[2026-04-07 19:34:45.6076808 UTC-05:00] [5208:7148] [FcVpnSched  88   debug] default msg 26
[2026-04-07 19:34:45.8494597 UTC-05:00] [5208:7148] [FcVpnSched  88   debug] default msg 26
[2026-04-07 19:34:46.2780950 UTC-05:00] [5208:7148] [FcVpnSched  88   debug] default msg 26
[2026-04-07 19:34:46.6813260 UTC-05:00] [5208:7148] [FcVpnSched  88   debug] default msg 26
[2026-04-07 19:34:46.9942946 UTC-05:00] [5208:7148] [FcVpnSched  88   debug] default msg 26
[2026-04-07 20:42:44.9778580 UTC-05:00] [5208:7148] [FcVpnSched  88   debug] default msg 26
[2026-04-07 20:42:45.2330884 UTC-05:00] [5208:7148] [FcVpnSched  88   debug] default msg 26
[2026-04-07 20:42:45.4730673 UTC-05:00] [5208:7148] [FcVpnSched  88   debug] default msg 26
[2026-04-07 20:42:45.7984024 UTC-05:00] [5208:7148] [FcVpnSched  88   debug] default msg 26
[2026-04-07 20:42:46.0136354 UTC-05:00] [5208:7148] [FcVpnSched  88   debug] default msg 26
[2026-04-07 20:42:46.4545207 UTC-05:00] [5208:7148] [FcVpnSched  88   debug] default msg 26
[2026-04-07 20:42:46.8799839 UTC-05:00] [5208:7148] [FcVpnSched  88   debug] default msg 26
[2026-04-07 20:42:47.1950691 UTC-05:00] [5208:7148] [FcVpnSched  88   debug] default msg 26
[2026-04-07 20:43:50.4825165 UTC-05:00] [5208:7148] [FcVpnSched  88   debug] default msg 26
[2026-04-07 20:43:50.7800786 UTC-05:00] [5208:7148] [FcVpnSched  88   debug] default msg 26
[2026-04-07 21:50:45.2417533 UTC-05:00] [5208:7148] [FcVpnSched  88   debug] default msg 26
[2026-04-07 21:50:45.4893313 UTC-05:00] [5208:7148] [FcVpnSched  88   debug] default msg 26
[2026-04-07 21:50:45.7281231 UTC-05:00] [5208:7148] [FcVpnSched  88   debug] default msg 26
[2026-04-07 21:50:46.0630104 UTC-05:00] [5208:7148] [FcVpnSched  88   debug] default msg 26
[2026-04-07 21:50:46.2780928 UTC-05:00] [5208:7148] [FcVpnSched  88   debug] default msg 26
[2026-04-07 21:50:46.7229872 UTC-05:00] [5208:7148] [FcVpnSched  88   debug] default msg 26
[2026-04-07 21:50:47.1612360 UTC-05:00] [5208:7148] [FcVpnSched  88   debug] default msg 26
[2026-04-07 21:50:47.4740398 UTC-05:00] [5208:7148] [FcVpnSched  88   debug] default msg 26
[2026-04-07 22:35:51.7465998 UTC-05:00] [5208:7148] [FcVpnSched  88   debug] default msg 26
[2026-04-07 22:35:52.0519097 UTC-05:00] [5208:7148] [FcVpnSched  88   debug] default msg 26
[2026-04-07 22:58:45.3164254 UTC-05:00] [5208:7148] [FcVpnSched  88   debug] default msg 26
[2026-04-07 22:58:45.5617878 UTC-05:00] [5208:7148] [FcVpnSched  88   debug] default msg 26
[2026-04-07 22:58:45.8132061 UTC-05:00] [5208:7148] [FcVpnSched  88   debug] default msg 26
[2026-04-07 22:58:46.1449690 UTC-05:00] [5208:7148] [FcVpnSched  88   debug] default msg 26
[2026-04-07 22:58:46.3605586 UTC-05:00] [5208:7148] [FcVpnSched  88   debug] default msg 26
[2026-04-07 22:58:46.8041947 UTC-05:00] [5208:7148] [FcVpnSched  88   debug] default msg 26
[2026-04-07 22:58:47.2126913 UTC-05:00] [5208:7148] [FcVpnSched  88   debug] default msg 26
[2026-04-07 22:58:47.5349852 UTC-05:00] [5208:7148] [FcVpnSched  88   debug] default msg 26
[2026-04-07 23:14:01.5689760 UTC-05:00] [5208:7148] [FcVpnSched  88   debug] default msg 30
[2026-04-07 23:14:01.6656958 UTC-05:00] [5208:7148] [FcVpnSched  88   debug] default msg 26
[2026-04-07 23:14:01.6682084 UTC-05:00] [5208:7148] [FcVpnSched  88   debug] default msg 26
[2026-04-07 23:14:01.6703863 UTC-05:00] [5208:7148] [FcVpnSched  88   debug] default msg 26
[2026-04-07 23:14:01.6725743 UTC-05:00] [5208:7148] [FcVpnSched  88   debug] default msg 26
[2026-04-07 23:14:01.6747486 UTC-05:00] [5208:7148] [FcVpnSched  88   debug] default msg 26
[2026-04-07 23:14:01.6769965 UTC-05:00] [5208:7148] [FcVpnSched  88   debug] default msg 26
[2026-04-07 23:14:01.6796332 UTC-05:00] [5208:7148] [FcVpnSched  88   debug] default msg 26
[2026-04-07 23:14:01.6818799 UTC-05:00] [5208:7148] [FcVpnSched  88   debug] default msg 26
[2026-04-07 23:14:01.6838696 UTC-05:00] [5208:7148] [FcVpnSched  88   debug] default msg 26
[2026-04-07 23:14:01.6857676 UTC-05:00] [5208:7148] [FcVpnSched  88   debug] default msg 26
[2026-04-07 23:14:01.6876703 UTC-05:00] [5208:7148] [FcVpnSched  88   debug] default msg 26
[2026-04-07 23:14:01.6895554 UTC-05:00] [5208:7148] [FcVpnSched  88   debug] default msg 26
[2026-04-07 23:14:01.6917002 UTC-05:00] [5208:7148] [FcVpnSched  88   debug] default msg 26
[2026-04-07 23:14:01.6936940 UTC-05:00] [5208:7148] [FcVpnSched  88   debug] default msg 26
[2026-04-07 23:14:01.6956338 UTC-05:00] [5208:7148] [FcVpnSched  88   debug] default msg 26
[2026-04-07 23:14:01.6975533 UTC-05:00] [5208:7148] [FcVpnSched  88   debug] default msg 26
[2026-04-07 23:14:01.6995786 UTC-05:00] [5208:7148] [FcVpnSched  88   debug] default msg 26
[2026-04-07 23:14:01.7015862 UTC-05:00] [5208:7148] [FcVpnSched  88   debug] default msg 26
[2026-04-07 23:14:01.7036635 UTC-05:00] [5208:7148] [FcVpnSched  88   debug] default msg 26
[2026-04-07 23:14:01.7057169 UTC-05:00] [5208:7148] [FcVpnSched  88   debug] default msg 26
[2026-04-07 23:14:01.7081989 UTC-05:00] [5208:7148] [FcVpnSched  88   debug] default msg 26
[2026-04-07 23:14:01.7110412 UTC-05:00] [5208:7148] [FcVpnSched  88   debug] default msg 26
[2026-04-07 23:14:01.7132876 UTC-05:00] [5208:7148] [FcVpnSched  88   debug] default msg 26
[2026-04-07 23:14:01.7154624 UTC-05:00] [5208:7148] [FcVpnSched  88   debug] default msg 26
[2026-04-07 23:14:01.7175155 UTC-05:00] [5208:7148] [FcVpnSched  88   debug] default msg 26
[2026-04-07 23:14:01.7194840 UTC-05:00] [5208:7148] [FcVpnSched  88   debug] default msg 26
[2026-04-07 23:14:01.7213992 UTC-05:00] [5208:7148] [FcVpnSched  88   debug] default msg 26
[2026-04-07 23:14:01.7237294 UTC-05:00] [5208:7148] [FcVpnSched  88   debug] default msg 26
[2026-04-07 23:14:01.7257368 UTC-05:00] [5208:7148] [FcVpnSched  88   debug] default msg 26
[2026-04-07 23:14:01.7278060 UTC-05:00] [5208:7148] [FcVpnSched  88   debug] default msg 26
[2026-04-07 23:14:01.7297995 UTC-05:00] [5208:7148] [FcVpnSched  88   debug] default msg 26
[2026-04-07 23:14:01.7318447 UTC-05:00] [5208:7148] [FcVpnSched  88   debug] default msg 26
[2026-04-07 23:14:01.7338487 UTC-05:00] [5208:7148] [FcVpnSched  88   debug] default msg 26
[2026-04-07 23:14:01.7358635 UTC-05:00] [5208:7148] [FcVpnSched  88   debug] default msg 26
[2026-04-07 23:14:01.7378857 UTC-05:00] [5208:7148] [FcVpnSched  88   debug] default msg 26
[2026-04-07 23:14:01.7405261 UTC-05:00] [5208:7148] [FcVpnSched  88   debug] default msg 26
[2026-04-07 23:14:01.7434823 UTC-05:00] [5208:7148] [FcVpnSched  88   debug] default msg 26
[2026-04-07 23:14:01.7458400 UTC-05:00] [5208:7148] [FcVpnSched  88   debug] default msg 26
[2026-04-07 23:14:01.7481472 UTC-05:00] [5208:7148] [FcVpnSched  88   debug] default msg 26
[2026-04-07 23:14:01.7510013 UTC-05:00] [5208:7148] [FcVpnSched  88   debug] default msg 26
[2026-04-07 23:14:01.7531023 UTC-05:00] [5208:7148] [FcVpnSched  88   debug] default msg 26
[2026-04-07 23:14:01.7551675 UTC-05:00] [5208:7148] [FcVpnSched  88   debug] default msg 26
[2026-04-07 23:14:01.7571490 UTC-05:00] [5208:7148] [FcVpnSched  88   debug] default msg 26
[2026-04-07 23:14:01.7592037 UTC-05:00] [5208:7148] [FcVpnSched  88   debug] default msg 26
[2026-04-07 23:14:01.7612134 UTC-05:00] [5208:7148] [FcVpnSched  88   debug] default msg 26
[2026-04-07 23:14:01.7633134 UTC-05:00] [5208:7148] [FcVpnSched  88   debug] default msg 26
[2026-04-07 23:14:01.7659651 UTC-05:00] [5208:7148] [FcVpnSched  88   debug] default msg 26
[2026-04-07 23:14:01.7681960 UTC-05:00] [5208:7148] [FcVpnSched  88   debug] default msg 26
[2026-04-07 23:14:01.7703200 UTC-05:00] [5208:7148] [FcVpnSched  88   debug] default msg 26
[2026-04-07 23:14:01.7724834 UTC-05:00] [5208:7148] [FcVpnSched  88   debug] default msg 26
[2026-04-07 23:14:01.7745391 UTC-05:00] [5208:7148] [FcVpnSched  88   debug] default msg 26
[2026-04-07 23:14:01.7765659 UTC-05:00] [5208:7148] [FcVpnSched  88   debug] default msg 26
[2026-04-07 23:14:01.7785956 UTC-05:00] [5208:7148] [FcVpnSched  88   debug] default msg 26
[2026-04-07 23:14:01.7806124 UTC-05:00] [5208:7148] [FcVpnSched  88   debug] default msg 26
[2026-04-07 23:14:01.7826641 UTC-05:00] [5208:7148] [FcVpnSched  88   debug] default msg 26
[2026-04-07 23:14:01.7846820 UTC-05:00] [5208:7148] [FcVpnSched  88   debug] default msg 26
[2026-04-07 23:14:01.9661681 UTC-05:00] [5208:7148] [FcVpnSched  88   debug] default msg 26
[2026-04-07 23:14:01.9690693 UTC-05:00] [5208:7148] [FcVpnSched  88   debug] default msg 26
[2026-04-07 23:14:01.9715291 UTC-05:00] [5208:7148] [FcVpnSched  88   debug] default msg 26
[2026-04-07 23:14:01.9738768 UTC-05:00] [5208:7148] [FcVpnSched  88   debug] default msg 26
[2026-04-07 23:14:01.9766112 UTC-05:00] [5208:7148] [FcVpnSched  88   debug] default msg 26
[2026-04-07 23:14:01.9794653 UTC-05:00] [5208:7148] [FcVpnSched  88   debug] default msg 26
[2026-04-07 23:14:01.9822901 UTC-05:00] [5208:7148] [FcVpnSched  88   debug] default msg 26
[2026-04-07 23:14:01.9849579 UTC-05:00] [5208:7148] [FcVpnSched  88   debug] default msg 26
[2026-04-07 23:14:01.9875027 UTC-05:00] [5208:7148] [FcVpnSched  88   debug] default msg 26
[2026-04-07 23:14:01.9907091 UTC-05:00] [5208:7148] [FcVpnSched  88   debug] default msg 26
[2026-04-07 23:14:01.9939005 UTC-05:00] [5208:7148] [FcVpnSched  88   debug] default msg 26
[2026-04-07 23:14:01.9965879 UTC-05:00] [5208:7148] [FcVpnSched  88   debug] default msg 26
[2026-04-07 23:14:01.9989606 UTC-05:00] [5208:7148] [FcVpnSched  88   debug] default msg 26
[2026-04-07 23:14:02.0014782 UTC-05:00] [5208:7148] [FcVpnSched  88   debug] default msg 26
[2026-04-07 23:14:02.0040123 UTC-05:00] [5208:7148] [FcVpnSched  88   debug] default msg 26
[2026-04-07 23:14:02.0066508 UTC-05:00] [5208:7148] [FcVpnSched  88   debug] default msg 26
[2026-04-07 23:14:02.0091253 UTC-05:00] [5208:7148] [FcVpnSched  88   debug] default msg 26
[2026-04-07 23:14:02.0115520 UTC-05:00] [5208:7148] [FcVpnSched  88   debug] default msg 26
[2026-04-07 23:14:02.0142417 UTC-05:00] [5208:7148] [FcVpnSched  88   debug] default msg 26
[2026-04-07 23:14:02.0167682 UTC-05:00] [5208:7148] [FcVpnSched  88   debug] default msg 26
[2026-04-07 23:14:02.0191178 UTC-05:00] [5208:7148] [FcVpnSched  88   debug] default msg 26
[2026-04-07 23:14:02.0218668 UTC-05:00] [5208:7148] [FcVpnSched  88   debug] default msg 26
[2026-04-07 23:14:02.0256571 UTC-05:00] [5208:7148] [FcVpnSched  88   debug] default msg 26
[2026-04-07 23:14:02.0285198 UTC-05:00] [5208:7148] [FcVpnSched  88   debug] default msg 26
[2026-04-07 23:14:02.0311494 UTC-05:00] [5208:7148] [FcVpnSched  88   debug] default msg 26
[2026-04-07 23:14:02.0335371 UTC-05:00] [5208:7148] [FcVpnSched  88   debug] default msg 26
[2026-04-07 23:14:02.0368420 UTC-05:00] [5208:7148] [FcVpnSched  88   debug] default msg 26
[2026-04-07 23:14:02.0399019 UTC-05:00] [5208:7148] [FcVpnSched  88   debug] default msg 26
[2026-04-07 23:14:02.0428713 UTC-05:00] [5208:7148] [FcVpnSched  88   debug] default msg 26
[2026-04-07 23:14:02.0453693 UTC-05:00] [5208:7148] [FcVpnSched  88   debug] default msg 26
[2026-04-07 23:14:02.0477935 UTC-05:00] [5208:7148] [FcVpnSched  88   debug] default msg 26
[2026-04-07 23:14:02.0500111 UTC-05:00] [5208:7148] [FcVpnSched  88   debug] default msg 26
[2026-04-07 23:17:02.0187013 UTC-05:00] [5208:7148] [FcVpnSched  88   debug] default msg 30
[2026-04-07 23:17:02.1207600 UTC-05:00] [5208:7148] [FcVpnSched  88   debug] default msg 26
[2026-04-07 23:17:02.1241166 UTC-05:00] [5208:7148] [FcVpnSched  88   debug] default msg 26
[2026-04-07 23:17:02.1264185 UTC-05:00] [5208:7148] [FcVpnSched  88   debug] default msg 26
[2026-04-07 23:17:02.1286148 UTC-05:00] [5208:7148] [FcVpnSched  88   debug] default msg 26
[2026-04-07 23:17:02.1308365 UTC-05:00] [5208:7148] [FcVpnSched  88   debug] default msg 26
[2026-04-07 23:17:02.1330298 UTC-05:00] [5208:7148] [FcVpnSched  88   debug] default msg 26
[2026-04-07 23:17:02.1351320 UTC-05:00] [5208:7148] [FcVpnSched  88   debug] default msg 26
[2026-04-07 23:17:02.1375201 UTC-05:00] [5208:7148] [FcVpnSched  88   debug] default msg 26
[2026-04-07 23:17:02.1397977 UTC-05:00] [5208:7148] [FcVpnSched  88   debug] default msg 26
[2026-04-07 23:17:02.1417953 UTC-05:00] [5208:7148] [FcVpnSched  88   debug] default msg 26
[2026-04-07 23:17:02.1438001 UTC-05:00] [5208:7148] [FcVpnSched  88   debug] default msg 26
[2026-04-07 23:17:02.1457827 UTC-05:00] [5208:7148] [FcVpnSched  88   debug] default msg 26
[2026-04-07 23:17:02.1477267 UTC-05:00] [5208:7148] [FcVpnSched  88   debug] default msg 26
[2026-04-07 23:17:02.1497319 UTC-05:00] [5208:7148] [FcVpnSched  88   debug] default msg 26
[2026-04-07 23:17:02.1519902 UTC-05:00] [5208:7148] [FcVpnSched  88   debug] default msg 26
[2026-04-07 23:17:02.1545868 UTC-05:00] [5208:7148] [FcVpnSched  88   debug] default msg 26
[2026-04-07 23:17:02.1568303 UTC-05:00] [5208:7148] [FcVpnSched  88   debug] default msg 26
[2026-04-07 23:17:02.1590356 UTC-05:00] [5208:7148] [FcVpnSched  88   debug] default msg 26
[2026-04-07 23:17:02.1612424 UTC-05:00] [5208:7148] [FcVpnSched  88   debug] default msg 26
[2026-04-07 23:17:02.1634299 UTC-05:00] [5208:7148] [FcVpnSched  88   debug] default msg 26
[2026-04-07 23:17:02.1656118 UTC-05:00] [5208:7148] [FcVpnSched  88   debug] default msg 26
[2026-04-07 23:17:02.1678367 UTC-05:00] [5208:7148] [FcVpnSched  88   debug] default msg 26
[2026-04-07 23:17:02.1701351 UTC-05:00] [5208:7148] [FcVpnSched  88   debug] default msg 26
[2026-04-07 23:17:02.1723042 UTC-05:00] [5208:7148] [FcVpnSched  88   debug] default msg 26
[2026-04-07 23:17:02.1745251 UTC-05:00] [5208:7148] [FcVpnSched  88   debug] default msg 26
[2026-04-07 23:17:02.1767030 UTC-05:00] [5208:7148] [FcVpnSched  88   debug] default msg 26
[2026-04-07 23:17:02.1788536 UTC-05:00] [5208:7148] [FcVpnSched  88   debug] default msg 26
[2026-04-07 23:17:02.1810676 UTC-05:00] [5208:7148] [FcVpnSched  88   debug] default msg 26
[2026-04-07 23:17:02.1832670 UTC-05:00] [5208:7148] [FcVpnSched  88   debug] default msg 26
[2026-04-07 23:17:02.1857388 UTC-05:00] [5208:7148] [FcVpnSched  88   debug] default msg 26
[2026-04-07 23:17:02.1881119 UTC-05:00] [5208:7148] [FcVpnSched  88   debug] default msg 26
[2026-04-07 23:17:02.1906882 UTC-05:00] [5208:7148] [FcVpnSched  88   debug] default msg 26
[2026-04-07 23:17:02.1930596 UTC-05:00] [5208:7148] [FcVpnSched  88   debug] default msg 26
[2026-04-07 23:17:02.1953118 UTC-05:00] [5208:7148] [FcVpnSched  88   debug] default msg 26
[2026-04-07 23:17:02.1975075 UTC-05:00] [5208:7148] [FcVpnSched  88   debug] default msg 26
[2026-04-07 23:17:02.1999934 UTC-05:00] [5208:7148] [FcVpnSched  88   debug] default msg 26
[2026-04-07 23:17:02.2023721 UTC-05:00] [5208:7148] [FcVpnSched  88   debug] default msg 26
[2026-04-07 23:17:02.2046856 UTC-05:00] [5208:7148] [FcVpnSched  88   debug] default msg 26
[2026-04-07 23:17:02.2069146 UTC-05:00] [5208:7148] [FcVpnSched  88   debug] default msg 26
[2026-04-07 23:17:02.2091651 UTC-05:00] [5208:7148] [FcVpnSched  88   debug] default msg 26
[2026-04-07 23:17:02.2114597 UTC-05:00] [5208:7148] [FcVpnSched  88   debug] default msg 26
[2026-04-07 23:17:02.2137966 UTC-05:00] [5208:7148] [FcVpnSched  88   debug] default msg 26
[2026-04-07 23:17:02.2161940 UTC-05:00] [5208:7148] [FcVpnSched  88   debug] default msg 26
[2026-04-07 23:17:02.2185145 UTC-05:00] [5208:7148] [FcVpnSched  88   debug] default msg 26
[2026-04-07 23:17:02.2208176 UTC-05:00] [5208:7148] [FcVpnSched  88   debug] default msg 26
[2026-04-07 23:17:02.2231787 UTC-05:00] [5208:7148] [FcVpnSched  88   debug] default msg 26
[2026-04-07 23:17:02.2254071 UTC-05:00] [5208:7148] [FcVpnSched  88   debug] default msg 26
[2026-04-07 23:17:02.2276817 UTC-05:00] [5208:7148] [FcVpnSched  88   debug] default msg 26
[2026-04-07 23:17:02.2300261 UTC-05:00] [5208:7148] [FcVpnSched  88   debug] default msg 26
[2026-04-07 23:17:02.2322599 UTC-05:00] [5208:7148] [FcVpnSched  88   debug] default msg 26
[2026-04-07 23:17:02.2344587 UTC-05:00] [5208:7148] [FcVpnSched  88   debug] default msg 26
[2026-04-07 23:17:02.2367796 UTC-05:00] [5208:7148] [FcVpnSched  88   debug] default msg 26
[2026-04-07 23:17:02.2388196 UTC-05:00] [5208:7148] [FcVpnSched  88   debug] default msg 26
[2026-04-07 23:17:02.2408342 UTC-05:00] [5208:7148] [FcVpnSched  88   debug] default msg 26
[2026-04-07 23:17:02.2428088 UTC-05:00] [5208:7148] [FcVpnSched  88   debug] default msg 26
[2026-04-07 23:17:02.2448319 UTC-05:00] [5208:7148] [FcVpnSched  88   debug] default msg 26
[2026-04-07 23:17:02.3784738 UTC-05:00] [5208:7148] [FcVpnSched  88   debug] default msg 26
[2026-04-07 23:17:02.3813356 UTC-05:00] [5208:7148] [FcVpnSched  88   debug] default msg 26
[2026-04-07 23:17:02.3836136 UTC-05:00] [5208:7148] [FcVpnSched  88   debug] default msg 26
[2026-04-07 23:17:02.3858810 UTC-05:00] [5208:7148] [FcVpnSched  88   debug] default msg 26
[2026-04-07 23:17:02.3881581 UTC-05:00] [5208:7148] [FcVpnSched  88   debug] default msg 26
[2026-04-07 23:17:02.3907973 UTC-05:00] [5208:7148] [FcVpnSched  88   debug] default msg 26
[2026-04-07 23:17:02.3931738 UTC-05:00] [5208:7148] [FcVpnSched  88   debug] default msg 26
[2026-04-07 23:17:02.3954453 UTC-05:00] [5208:7148] [FcVpnSched  88   debug] default msg 26
[2026-04-07 23:17:02.3977374 UTC-05:00] [5208:7148] [FcVpnSched  88   debug] default msg 26
[2026-04-07 23:17:02.4000761 UTC-05:00] [5208:7148] [FcVpnSched  88   debug] default msg 26
[2026-04-07 23:17:02.4023166 UTC-05:00] [5208:7148] [FcVpnSched  88   debug] default msg 26
[2026-04-07 23:17:02.4046158 UTC-05:00] [5208:7148] [FcVpnSched  88   debug] default msg 26
[2026-04-07 23:17:02.4069889 UTC-05:00] [5208:7148] [FcVpnSched  88   debug] default msg 26
[2026-04-07 23:17:02.4092794 UTC-05:00] [5208:7148] [FcVpnSched  88   debug] default msg 26
[2026-04-07 23:17:02.4115034 UTC-05:00] [5208:7148] [FcVpnSched  88   debug] default msg 26
[2026-04-07 23:17:02.4137559 UTC-05:00] [5208:7148] [FcVpnSched  88   debug] default msg 26
[2026-04-07 23:17:02.4160598 UTC-05:00] [5208:7148] [FcVpnSched  88   debug] default msg 26
[2026-04-07 23:17:02.4182906 UTC-05:00] [5208:7148] [FcVpnSched  88   debug] default msg 26
[2026-04-07 23:17:02.4209390 UTC-05:00] [5208:7148] [FcVpnSched  88   debug] default msg 26
[2026-04-07 23:17:02.4233868 UTC-05:00] [5208:7148] [FcVpnSched  88   debug] default msg 26
[2026-04-07 23:17:02.4257165 UTC-05:00] [5208:7148] [FcVpnSched  88   debug] default msg 26
[2026-04-07 23:17:02.4279874 UTC-05:00] [5208:7148] [FcVpnSched  88   debug] default msg 26
[2026-04-07 23:17:02.4302511 UTC-05:00] [5208:7148] [FcVpnSched  88   debug] default msg 26
[2026-04-07 23:17:02.4325621 UTC-05:00] [5208:7148] [FcVpnSched  88   debug] default msg 26
[2026-04-07 23:17:02.4349113 UTC-05:00] [5208:7148] [FcVpnSched  88   debug] default msg 26
[2026-04-07 23:17:02.4377952 UTC-05:00] [5208:7148] [FcVpnSched  88   debug] default msg 26
[2026-04-07 23:17:02.4402352 UTC-05:00] [5208:7148] [FcVpnSched  88   debug] default msg 26
[2026-04-07 23:17:02.4424940 UTC-05:00] [5208:7148] [FcVpnSched  88   debug] default msg 26
[2026-04-07 23:17:02.4447494 UTC-05:00] [5208:7148] [FcVpnSched  88   debug] default msg 26
[2026-04-07 23:17:02.4469771 UTC-05:00] [5208:7148] [FcVpnSched  88   debug] default msg 26
[2026-04-07 23:17:02.4491823 UTC-05:00] [5208:7148] [FcVpnSched  88   debug] default msg 26
[2026-04-07 23:17:02.4515965 UTC-05:00] [5208:7148] [FcVpnSched  88   debug] default msg 26
[2026-04-08 00:06:44.9154671 UTC-05:00] [5208:7148] [FcVpnSched  88   debug] default msg 26
[2026-04-08 00:06:45.1531573 UTC-05:00] [5208:7148] [FcVpnSched  88   debug] default msg 26
[2026-04-08 00:06:45.4084229 UTC-05:00] [5208:7148] [FcVpnSched  88   debug] default msg 26
[2026-04-08 00:06:45.7157696 UTC-05:00] [5208:7148] [FcVpnSched  88   debug] default msg 26
[2026-04-08 00:06:45.9410248 UTC-05:00] [5208:7148] [FcVpnSched  88   debug] default msg 26
[2026-04-08 00:06:46.3783192 UTC-05:00] [5208:7148] [FcVpnSched  88   debug] default msg 26
[2026-04-08 00:06:46.7728150 UTC-05:00] [5208:7148] [FcVpnSched  88   debug] default msg 26
[2026-04-08 00:06:47.0769423 UTC-05:00] [5208:7148] [FcVpnSched  88   debug] default msg 26
[2026-04-08 00:27:50.7585576 UTC-05:00] [5208:7148] [FcVpnSched  88   debug] default msg 26
[2026-04-08 00:27:51.0645696 UTC-05:00] [5208:7148] [FcVpnSched  88   debug] default msg 26
[2026-04-08 01:14:45.2020350 UTC-05:00] [5208:7148] [FcVpnSched  88   debug] default msg 26
[2026-04-08 01:14:45.4600244 UTC-05:00] [5208:7148] [FcVpnSched  88   debug] default msg 26
[2026-04-08 01:14:45.7090119 UTC-05:00] [5208:7148] [FcVpnSched  88   debug] default msg 26
[2026-04-08 01:14:46.0461591 UTC-05:00] [5208:7148] [FcVpnSched  88   debug] default msg 26
[2026-04-08 01:14:46.2592091 UTC-05:00] [5208:7148] [FcVpnSched  88   debug] default msg 26
[2026-04-08 01:14:46.7043446 UTC-05:00] [5208:7148] [FcVpnSched  88   debug] default msg 26
[2026-04-08 01:14:47.1159828 UTC-05:00] [5208:7148] [FcVpnSched  88   debug] default msg 26
[2026-04-08 01:14:47.4596726 UTC-05:00] [5208:7148] [FcVpnSched  88   debug] default msg 26
[2026-04-08 02:19:51.0098772 UTC-05:00] [5208:7148] [FcVpnSched  88   debug] default msg 26
[2026-04-08 02:19:51.3239990 UTC-05:00] [5208:7148] [FcVpnSched  88   debug] default msg 26
[2026-04-08 02:22:45.0293510 UTC-05:00] [5208:7148] [FcVpnSched  88   debug] default msg 26
[2026-04-08 02:22:45.2405147 UTC-05:00] [5208:7148] [FcVpnSched  88   debug] default msg 26
[2026-04-08 02:22:45.4976917 UTC-05:00] [5208:7148] [FcVpnSched  88   debug] default msg 26
[2026-04-08 02:22:45.8066337 UTC-05:00] [5208:7148] [FcVpnSched  88   debug] default msg 26
[2026-04-08 02:22:46.0238020 UTC-05:00] [5208:7148] [FcVpnSched  88   debug] default msg 26
[2026-04-08 02:22:46.4536485 UTC-05:00] [5208:7148] [FcVpnSched  88   debug] default msg 26
[2026-04-08 02:22:46.8515839 UTC-05:00] [5208:7148] [FcVpnSched  88   debug] default msg 26
[2026-04-08 02:22:47.1730297 UTC-05:00] [5208:7148] [FcVpnSched  88   debug] default msg 26
[2026-04-08 03:07:01.6998060 UTC-05:00] [5208:7148] [FcVpnSched  88   debug] default msg 30
[2026-04-08 03:07:01.7983483 UTC-05:00] [5208:7148] [FcVpnSched  88   debug] default msg 26
[2026-04-08 03:07:01.8011605 UTC-05:00] [5208:7148] [FcVpnSched  88   debug] default msg 26
[2026-04-08 03:07:01.8037530 UTC-05:00] [5208:7148] [FcVpnSched  88   debug] default msg 26
[2026-04-08 03:07:01.8060853 UTC-05:00] [5208:7148] [FcVpnSched  88   debug] default msg 26
[2026-04-08 03:07:01.8083854 UTC-05:00] [5208:7148] [FcVpnSched  88   debug] default msg 26
[2026-04-08 03:07:01.8106586 UTC-05:00] [5208:7148] [FcVpnSched  88   debug] default msg 26
[2026-04-08 03:07:01.8129175 UTC-05:00] [5208:7148] [FcVpnSched  88   debug] default msg 26
[2026-04-08 03:07:01.8151538 UTC-05:00] [5208:7148] [FcVpnSched  88   debug] default msg 26
[2026-04-08 03:07:01.8176816 UTC-05:00] [5208:7148] [FcVpnSched  88   debug] default msg 26
[2026-04-08 03:07:01.8200056 UTC-05:00] [5208:7148] [FcVpnSched  88   debug] default msg 26
[2026-04-08 03:07:01.8222636 UTC-05:00] [5208:7148] [FcVpnSched  88   debug] default msg 26
[2026-04-08 03:07:01.8247069 UTC-05:00] [5208:7148] [FcVpnSched  88   debug] default msg 26
[2026-04-08 03:07:01.8270957 UTC-05:00] [5208:7148] [FcVpnSched  88   debug] default msg 26
[2026-04-08 03:07:01.8293830 UTC-05:00] [5208:7148] [FcVpnSched  88   debug] default msg 26
[2026-04-08 03:07:01.8319570 UTC-05:00] [5208:7148] [FcVpnSched  88   debug] default msg 26
[2026-04-08 03:07:01.8344866 UTC-05:00] [5208:7148] [FcVpnSched  88   debug] default msg 26
[2026-04-08 03:07:01.8373645 UTC-05:00] [5208:7148] [FcVpnSched  88   debug] default msg 26
[2026-04-08 03:07:01.8396943 UTC-05:00] [5208:7148] [FcVpnSched  88   debug] default msg 26
[2026-04-08 03:07:01.8421296 UTC-05:00] [5208:7148] [FcVpnSched  88   debug] default msg 26
[2026-04-08 03:07:01.8445486 UTC-05:00] [5208:7148] [FcVpnSched  88   debug] default msg 26
[2026-04-08 03:07:01.8471088 UTC-05:00] [5208:7148] [FcVpnSched  88   debug] default msg 26
[2026-04-08 03:07:01.8493920 UTC-05:00] [5208:7148] [FcVpnSched  88   debug] default msg 26
[2026-04-08 03:07:01.8516046 UTC-05:00] [5208:7148] [FcVpnSched  88   debug] default msg 26
[2026-04-08 03:07:01.8538070 UTC-05:00] [5208:7148] [FcVpnSched  88   debug] default msg 26
[2026-04-08 03:07:01.8561436 UTC-05:00] [5208:7148] [FcVpnSched  88   debug] default msg 26
[2026-04-08 03:07:01.8583756 UTC-05:00] [5208:7148] [FcVpnSched  88   debug] default msg 26
[2026-04-08 03:07:01.8606785 UTC-05:00] [5208:7148] [FcVpnSched  88   debug] default msg 26
[2026-04-08 03:07:01.8629972 UTC-05:00] [5208:7148] [FcVpnSched  88   debug] default msg 26
[2026-04-08 03:07:01.8654155 UTC-05:00] [5208:7148] [FcVpnSched  88   debug] default msg 26
[2026-04-08 03:07:01.8676684 UTC-05:00] [5208:7148] [FcVpnSched  88   debug] default msg 26
[2026-04-08 03:07:01.8698151 UTC-05:00] [5208:7148] [FcVpnSched  88   debug] default msg 26
[2026-04-08 03:07:01.8719462 UTC-05:00] [5208:7148] [FcVpnSched  88   debug] default msg 26
[2026-04-08 03:07:01.8741532 UTC-05:00] [5208:7148] [FcVpnSched  88   debug] default msg 26
[2026-04-08 03:07:01.8765012 UTC-05:00] [5208:7148] [FcVpnSched  88   debug] default msg 26
[2026-04-08 03:07:01.8791301 UTC-05:00] [5208:7148] [FcVpnSched  88   debug] default msg 26
[2026-04-08 03:07:01.8816862 UTC-05:00] [5208:7148] [FcVpnSched  88   debug] default msg 26
[2026-04-08 03:07:01.8841194 UTC-05:00] [5208:7148] [FcVpnSched  88   debug] default msg 26
[2026-04-08 03:07:01.8865348 UTC-05:00] [5208:7148] [FcVpnSched  88   debug] default msg 26
[2026-04-08 03:07:01.8888303 UTC-05:00] [5208:7148] [FcVpnSched  88   debug] default msg 26
[2026-04-08 03:07:01.8912504 UTC-05:00] [5208:7148] [FcVpnSched  88   debug] default msg 26
[2026-04-08 03:07:01.8938625 UTC-05:00] [5208:7148] [FcVpnSched  88   debug] default msg 26
[2026-04-08 03:07:01.8963406 UTC-05:00] [5208:7148] [FcVpnSched  88   debug] default msg 26
[2026-04-08 03:07:01.8996241 UTC-05:00] [5208:7148] [FcVpnSched  88   debug] default msg 26
[2026-04-08 03:07:01.9023571 UTC-05:00] [5208:7148] [FcVpnSched  88   debug] default msg 26
[2026-04-08 03:07:01.9049437 UTC-05:00] [5208:7148] [FcVpnSched  88   debug] default msg 26
[2026-04-08 03:07:01.9074638 UTC-05:00] [5208:7148] [FcVpnSched  88   debug] default msg 26
[2026-04-08 03:07:01.9101410 UTC-05:00] [5208:7148] [FcVpnSched  88   debug] default msg 26
[2026-04-08 03:07:01.9127242 UTC-05:00] [5208:7148] [FcVpnSched  88   debug] default msg 26
[2026-04-08 03:07:01.9151907 UTC-05:00] [5208:7148] [FcVpnSched  88   debug] default msg 26
[2026-04-08 03:07:01.9178436 UTC-05:00] [5208:7148] [FcVpnSched  88   debug] default msg 26
[2026-04-08 03:07:01.9203593 UTC-05:00] [5208:7148] [FcVpnSched  88   debug] default msg 26
[2026-04-08 03:07:01.9228476 UTC-05:00] [5208:7148] [FcVpnSched  88   debug] default msg 26
[2026-04-08 03:07:01.9254484 UTC-05:00] [5208:7148] [FcVpnSched  88   debug] default msg 26
[2026-04-08 03:07:01.9280301 UTC-05:00] [5208:7148] [FcVpnSched  88   debug] default msg 26
[2026-04-08 03:07:01.9304583 UTC-05:00] [5208:7148] [FcVpnSched  88   debug] default msg 26
[2026-04-08 03:07:01.9330769 UTC-05:00] [5208:7148] [FcVpnSched  88   debug] default msg 26
[2026-04-08 03:07:02.0764084 UTC-05:00] [5208:7148] [FcVpnSched  88   debug] default msg 26
[2026-04-08 03:07:02.0810408 UTC-05:00] [5208:7148] [FcVpnSched  88   debug] default msg 26
[2026-04-08 03:07:02.0836827 UTC-05:00] [5208:7148] [FcVpnSched  88   debug] default msg 26
[2026-04-08 03:07:02.0872737 UTC-05:00] [5208:7148] [FcVpnSched  88   debug] default msg 26
[2026-04-08 03:07:02.0908454 UTC-05:00] [5208:7148] [FcVpnSched  88   debug] default msg 26
[2026-04-08 03:07:02.0936281 UTC-05:00] [5208:7148] [FcVpnSched  88   debug] default msg 26
[2026-04-08 03:07:02.0962861 UTC-05:00] [5208:7148] [FcVpnSched  88   debug] default msg 26
[2026-04-08 03:07:02.0988987 UTC-05:00] [5208:7148] [FcVpnSched  88   debug] default msg 26
[2026-04-08 03:07:02.1031102 UTC-05:00] [5208:7148] [FcVpnSched  88   debug] default msg 26
[2026-04-08 03:07:02.1062904 UTC-05:00] [5208:7148] [FcVpnSched  88   debug] default msg 26
[2026-04-08 03:07:02.1090241 UTC-05:00] [5208:7148] [FcVpnSched  88   debug] default msg 26
[2026-04-08 03:07:02.1117235 UTC-05:00] [5208:7148] [FcVpnSched  88   debug] default msg 26
[2026-04-08 03:07:02.1143978 UTC-05:00] [5208:7148] [FcVpnSched  88   debug] default msg 26
[2026-04-08 03:07:02.1174966 UTC-05:00] [5208:7148] [FcVpnSched  88   debug] default msg 26
[2026-04-08 03:07:02.1207565 UTC-05:00] [5208:7148] [FcVpnSched  88   debug] default msg 26
[2026-04-08 03:07:02.1234803 UTC-05:00] [5208:7148] [FcVpnSched  88   debug] default msg 26
[2026-04-08 03:07:02.1261951 UTC-05:00] [5208:7148] [FcVpnSched  88   debug] default msg 26
[2026-04-08 03:07:02.1288984 UTC-05:00] [5208:7148] [FcVpnSched  88   debug] default msg 26
[2026-04-08 03:07:02.1316804 UTC-05:00] [5208:7148] [FcVpnSched  88   debug] default msg 26
[2026-04-08 03:07:02.1355993 UTC-05:00] [5208:7148] [FcVpnSched  88   debug] default msg 26
[2026-04-08 03:07:02.1384673 UTC-05:00] [5208:7148] [FcVpnSched  88   debug] default msg 26
[2026-04-08 03:07:02.1411438 UTC-05:00] [5208:7148] [FcVpnSched  88   debug] default msg 26
[2026-04-08 03:07:02.1437577 UTC-05:00] [5208:7148] [FcVpnSched  88   debug] default msg 26
[2026-04-08 03:07:02.1463682 UTC-05:00] [5208:7148] [FcVpnSched  88   debug] default msg 26
[2026-04-08 03:07:02.1494951 UTC-05:00] [5208:7148] [FcVpnSched  88   debug] default msg 26
[2026-04-08 03:07:02.1529577 UTC-05:00] [5208:7148] [FcVpnSched  88   debug] default msg 26
[2026-04-08 03:07:02.1557339 UTC-05:00] [5208:7148] [FcVpnSched  88   debug] default msg 26
[2026-04-08 03:07:02.1583827 UTC-05:00] [5208:7148] [FcVpnSched  88   debug] default msg 26
[2026-04-08 03:07:02.1610190 UTC-05:00] [5208:7148] [FcVpnSched  88   debug] default msg 26
[2026-04-08 03:07:02.1637852 UTC-05:00] [5208:7148] [FcVpnSched  88   debug] default msg 26
[2026-04-08 03:07:02.1665715 UTC-05:00] [5208:7148] [FcVpnSched  88   debug] default msg 26
[2026-04-08 03:07:02.1689318 UTC-05:00] [5208:7148] [FcVpnSched  88   debug] default msg 26
[2026-04-08 03:30:45.6604137 UTC-05:00] [5208:7148] [FcVpnSched  88   debug] default msg 26
[2026-04-08 03:30:45.9139063 UTC-05:00] [5208:7148] [FcVpnSched  88   debug] default msg 26
[2026-04-08 03:30:46.1695493 UTC-05:00] [5208:7148] [FcVpnSched  88   debug] default msg 26
[2026-04-08 03:30:46.4774659 UTC-05:00] [5208:7148] [FcVpnSched  88   debug] default msg 26
[2026-04-08 03:30:46.7039190 UTC-05:00] [5208:7148] [FcVpnSched  88   debug] default msg 26
[2026-04-08 03:30:47.1383710 UTC-05:00] [5208:7148] [FcVpnSched  88   debug] default msg 26
[2026-04-08 03:30:47.5591032 UTC-05:00] [5208:7148] [FcVpnSched  88   debug] default msg 26
[2026-04-08 03:30:47.8716182 UTC-05:00] [5208:7148] [FcVpnSched  88   debug] default msg 26
[2026-04-08 04:11:51.6367086 UTC-05:00] [5208:7148] [FcVpnSched  88   debug] default msg 26
[2026-04-08 04:11:51.9658699 UTC-05:00] [5208:7148] [FcVpnSched  88   debug] default msg 26
[2026-04-08 04:38:45.7770579 UTC-05:00] [5208:7148] [FcVpnSched  88   debug] default msg 26
[2026-04-08 04:38:46.0186250 UTC-05:00] [5208:7148] [FcVpnSched  88   debug] default msg 26
[2026-04-08 04:38:46.2681306 UTC-05:00] [5208:7148] [FcVpnSched  88   debug] default msg 26
[2026-04-08 04:38:46.5850651 UTC-05:00] [5208:7148] [FcVpnSched  88   debug] default msg 26
[2026-04-08 04:38:46.8330319 UTC-05:00] [5208:7148] [FcVpnSched  88   debug] default msg 26
[2026-04-08 04:38:47.2714998 UTC-05:00] [5208:7148] [FcVpnSched  88   debug] default msg 26
[2026-04-08 04:38:47.6782124 UTC-05:00] [5208:7148] [FcVpnSched  88   debug] default msg 26
[2026-04-08 04:38:48.0050567 UTC-05:00] [5208:7148] [FcVpnSched  88   debug] default msg 26
[2026-04-08 05:46:45.0065086 UTC-05:00] [5208:7148] [FcVpnSched  88   debug] default msg 26
[2026-04-08 05:46:45.2535303 UTC-05:00] [5208:7148] [FcVpnSched  88   debug] default msg 26
[2026-04-08 05:46:45.5012536 UTC-05:00] [5208:7148] [FcVpnSched  88   debug] default msg 26
[2026-04-08 05:46:45.7774429 UTC-05:00] [5208:7148] [FcVpnSched  88   debug] default msg 26
[2026-04-08 05:46:45.9870624 UTC-05:00] [5208:7148] [FcVpnSched  88   debug] default msg 26
[2026-04-08 05:46:46.4582188 UTC-05:00] [5208:7148] [FcVpnSched  88   debug] default msg 26
[2026-04-08 05:46:46.9359462 UTC-05:00] [5208:7148] [FcVpnSched  88   debug] default msg 26
[2026-04-08 05:46:47.2608314 UTC-05:00] [5208:7148] [FcVpnSched  88   debug] default msg 26
[2026-04-08 06:03:50.7521400 UTC-05:00] [5208:7148] [FcVpnSched  88   debug] default msg 26
[2026-04-08 06:03:51.0699014 UTC-05:00] [5208:7148] [FcVpnSched  88   debug] default msg 26
[2026-04-08 06:54:45.2324835 UTC-05:00] [5208:7148] [FcVpnSched  88   debug] default msg 26
[2026-04-08 06:54:45.4658111 UTC-05:00] [5208:7148] [FcVpnSched  88   debug] default msg 26
[2026-04-08 06:54:45.7285073 UTC-05:00] [5208:7148] [FcVpnSched  88   debug] default msg 26
[2026-04-08 06:54:46.0351075 UTC-05:00] [5208:7148] [FcVpnSched  88   debug] default msg 26
[2026-04-08 06:54:46.2699176 UTC-05:00] [5208:7148] [FcVpnSched  88   debug] default msg 26
[2026-04-08 06:54:46.7157630 UTC-05:00] [5208:7148] [FcVpnSched  88   debug] default msg 26
[2026-04-08 06:54:47.1237067 UTC-05:00] [5208:7148] [FcVpnSched  88   debug] default msg 26
[2026-04-08 06:54:47.4272044 UTC-05:00] [5208:7148] [FcVpnSched  88   debug] default msg 26
[2026-04-08 06:57:02.2205514 UTC-05:00] [5208:7148] [FcVpnSched  88   debug] default msg 30
[2026-04-08 06:57:02.3190092 UTC-05:00] [5208:7148] [FcVpnSched  88   debug] default msg 26
[2026-04-08 06:57:02.3219170 UTC-05:00] [5208:7148] [FcVpnSched  88   debug] default msg 26
[2026-04-08 06:57:02.3243685 UTC-05:00] [5208:7148] [FcVpnSched  88   debug] default msg 26
[2026-04-08 06:57:02.3267572 UTC-05:00] [5208:7148] [FcVpnSched  88   debug] default msg 26
[2026-04-08 06:57:02.3291669 UTC-05:00] [5208:7148] [FcVpnSched  88   debug] default msg 26
[2026-04-08 06:57:02.3315028 UTC-05:00] [5208:7148] [FcVpnSched  88   debug] default msg 26
[2026-04-08 06:57:02.3338507 UTC-05:00] [5208:7148] [FcVpnSched  88   debug] default msg 26
[2026-04-08 06:57:02.3367464 UTC-05:00] [5208:7148] [FcVpnSched  88   debug] default msg 26
[2026-04-08 06:57:02.3400999 UTC-05:00] [5208:7148] [FcVpnSched  88   debug] default msg 26
[2026-04-08 06:57:02.3426452 UTC-05:00] [5208:7148] [FcVpnSched  88   debug] default msg 26
[2026-04-08 06:57:02.3451242 UTC-05:00] [5208:7148] [FcVpnSched  88   debug] default msg 26
[2026-04-08 06:57:02.3475725 UTC-05:00] [5208:7148] [FcVpnSched  88   debug] default msg 26
[2026-04-08 06:57:02.3500535 UTC-05:00] [5208:7148] [FcVpnSched  88   debug] default msg 26
[2026-04-08 06:57:02.3526584 UTC-05:00] [5208:7148] [FcVpnSched  88   debug] default msg 26
[2026-04-08 06:57:02.3553833 UTC-05:00] [5208:7148] [FcVpnSched  88   debug] default msg 26
[2026-04-08 06:57:02.3577687 UTC-05:00] [5208:7148] [FcVpnSched  88   debug] default msg 26
[2026-04-08 06:57:02.3601026 UTC-05:00] [5208:7148] [FcVpnSched  88   debug] default msg 26
[2026-04-08 06:57:02.3623502 UTC-05:00] [5208:7148] [FcVpnSched  88   debug] default msg 26
[2026-04-08 06:57:02.3645992 UTC-05:00] [5208:7148] [FcVpnSched  88   debug] default msg 26
[2026-04-08 06:57:02.3669569 UTC-05:00] [5208:7148] [FcVpnSched  88   debug] default msg 26
[2026-04-08 06:57:02.3692634 UTC-05:00] [5208:7148] [FcVpnSched  88   debug] default msg 26
[2026-04-08 06:57:02.3715175 UTC-05:00] [5208:7148] [FcVpnSched  88   debug] default msg 26
[2026-04-08 06:57:02.3734821 UTC-05:00] [5208:7148] [FcVpnSched  88   debug] default msg 26
[2026-04-08 06:57:02.3754624 UTC-05:00] [5208:7148] [FcVpnSched  88   debug] default msg 26
[2026-04-08 06:57:02.3776943 UTC-05:00] [5208:7148] [FcVpnSched  88   debug] default msg 26
[2026-04-08 06:57:02.3797594 UTC-05:00] [5208:7148] [FcVpnSched  88   debug] default msg 26
[2026-04-08 06:57:02.3817252 UTC-05:00] [5208:7148] [FcVpnSched  88   debug] default msg 26
[2026-04-08 06:57:02.3839508 UTC-05:00] [5208:7148] [FcVpnSched  88   debug] default msg 26
[2026-04-08 06:57:02.3861081 UTC-05:00] [5208:7148] [FcVpnSched  88   debug] default msg 26
[2026-04-08 06:57:02.3881148 UTC-05:00] [5208:7148] [FcVpnSched  88   debug] default msg 26
[2026-04-08 06:57:02.3901179 UTC-05:00] [5208:7148] [FcVpnSched  88   debug] default msg 26
[2026-04-08 06:57:02.3921223 UTC-05:00] [5208:7148] [FcVpnSched  88   debug] default msg 26
[2026-04-08 06:57:02.3941067 UTC-05:00] [5208:7148] [FcVpnSched  88   debug] default msg 26
[2026-04-08 06:57:02.3961166 UTC-05:00] [5208:7148] [FcVpnSched  88   debug] default msg 26
[2026-04-08 06:57:02.3980386 UTC-05:00] [5208:7148] [FcVpnSched  88   debug] default msg 26
[2026-04-08 06:57:02.4006184 UTC-05:00] [5208:7148] [FcVpnSched  88   debug] default msg 26
[2026-04-08 06:57:02.4031471 UTC-05:00] [5208:7148] [FcVpnSched  88   debug] default msg 26
[2026-04-08 06:57:02.4054620 UTC-05:00] [5208:7148] [FcVpnSched  88   debug] default msg 26
[2026-04-08 06:57:02.4077261 UTC-05:00] [5208:7148] [FcVpnSched  88   debug] default msg 26
[2026-04-08 06:57:02.4099801 UTC-05:00] [5208:7148] [FcVpnSched  88   debug] default msg 26
[2026-04-08 06:57:02.4122010 UTC-05:00] [5208:7148] [FcVpnSched  88   debug] default msg 26
[2026-04-08 06:57:02.4145728 UTC-05:00] [5208:7148] [FcVpnSched  88   debug] default msg 26
[2026-04-08 06:57:02.4169809 UTC-05:00] [5208:7148] [FcVpnSched  88   debug] default msg 26
[2026-04-08 06:57:02.4192685 UTC-05:00] [5208:7148] [FcVpnSched  88   debug] default msg 26
[2026-04-08 06:57:02.4214245 UTC-05:00] [5208:7148] [FcVpnSched  88   debug] default msg 26
[2026-04-08 06:57:02.4235784 UTC-05:00] [5208:7148] [FcVpnSched  88   debug] default msg 26
[2026-04-08 06:57:02.4256434 UTC-05:00] [5208:7148] [FcVpnSched  88   debug] default msg 26
[2026-04-08 06:57:02.4276230 UTC-05:00] [5208:7148] [FcVpnSched  88   debug] default msg 26
[2026-04-08 06:57:02.4295402 UTC-05:00] [5208:7148] [FcVpnSched  88   debug] default msg 26
[2026-04-08 06:57:02.4315819 UTC-05:00] [5208:7148] [FcVpnSched  88   debug] default msg 26
[2026-04-08 06:57:02.4335444 UTC-05:00] [5208:7148] [FcVpnSched  88   debug] default msg 26
[2026-04-08 06:57:02.4355131 UTC-05:00] [5208:7148] [FcVpnSched  88   debug] default msg 26
[2026-04-08 06:57:02.4374850 UTC-05:00] [5208:7148] [FcVpnSched  88   debug] default msg 26
[2026-04-08 06:57:02.4394976 UTC-05:00] [5208:7148] [FcVpnSched  88   debug] default msg 26
[2026-04-08 06:57:02.4414775 UTC-05:00] [5208:7148] [FcVpnSched  88   debug] default msg 26
[2026-04-08 06:57:02.4434477 UTC-05:00] [5208:7148] [FcVpnSched  88   debug] default msg 26
[2026-04-08 06:57:02.5832242 UTC-05:00] [5208:7148] [FcVpnSched  88   debug] default msg 26
[2026-04-08 06:57:02.5862526 UTC-05:00] [5208:7148] [FcVpnSched  88   debug] default msg 26
[2026-04-08 06:57:02.5886206 UTC-05:00] [5208:7148] [FcVpnSched  88   debug] default msg 26
[2026-04-08 06:57:02.5913724 UTC-05:00] [5208:7148] [FcVpnSched  88   debug] default msg 26
[2026-04-08 06:57:02.5943676 UTC-05:00] [5208:7148] [FcVpnSched  88   debug] default msg 26
[2026-04-08 06:57:02.5968045 UTC-05:00] [5208:7148] [FcVpnSched  88   debug] default msg 26
[2026-04-08 06:57:02.5992009 UTC-05:00] [5208:7148] [FcVpnSched  88   debug] default msg 26
[2026-04-08 06:57:02.6015267 UTC-05:00] [5208:7148] [FcVpnSched  88   debug] default msg 26
[2026-04-08 06:57:02.6038427 UTC-05:00] [5208:7148] [FcVpnSched  88   debug] default msg 26
[2026-04-08 06:57:02.6062707 UTC-05:00] [5208:7148] [FcVpnSched  88   debug] default msg 26
[2026-04-08 06:57:02.6086925 UTC-05:00] [5208:7148] [FcVpnSched  88   debug] default msg 26
[2026-04-08 06:57:02.6108262 UTC-05:00] [5208:7148] [FcVpnSched  88   debug] default msg 26
[2026-04-08 06:57:02.6129683 UTC-05:00] [5208:7148] [FcVpnSched  88   debug] default msg 26
[2026-04-08 06:57:02.6152313 UTC-05:00] [5208:7148] [FcVpnSched  88   debug] default msg 26
[2026-04-08 06:57:02.6175103 UTC-05:00] [5208:7148] [FcVpnSched  88   debug] default msg 26
[2026-04-08 06:57:02.6197310 UTC-05:00] [5208:7148] [FcVpnSched  88   debug] default msg 26
[2026-04-08 06:57:02.6220853 UTC-05:00] [5208:7148] [FcVpnSched  88   debug] default msg 26
[2026-04-08 06:57:02.6243950 UTC-05:00] [5208:7148] [FcVpnSched  88   debug] default msg 26
[2026-04-08 06:57:02.6267091 UTC-05:00] [5208:7148] [FcVpnSched  88   debug] default msg 26
[2026-04-08 06:57:02.6289637 UTC-05:00] [5208:7148] [FcVpnSched  88   debug] default msg 26
[2026-04-08 06:57:02.6312264 UTC-05:00] [5208:7148] [FcVpnSched  88   debug] default msg 26
[2026-04-08 06:57:02.6335093 UTC-05:00] [5208:7148] [FcVpnSched  88   debug] default msg 26
[2026-04-08 06:57:02.6357146 UTC-05:00] [5208:7148] [FcVpnSched  88   debug] default msg 26
[2026-04-08 06:57:02.6391027 UTC-05:00] [5208:7148] [FcVpnSched  88   debug] default msg 26
[2026-04-08 06:57:02.6417320 UTC-05:00] [5208:7148] [FcVpnSched  88   debug] default msg 26
[2026-04-08 06:57:02.6440858 UTC-05:00] [5208:7148] [FcVpnSched  88   debug] default msg 26
[2026-04-08 06:57:02.6464215 UTC-05:00] [5208:7148] [FcVpnSched  88   debug] default msg 26
[2026-04-08 06:57:02.6487110 UTC-05:00] [5208:7148] [FcVpnSched  88   debug] default msg 26
[2026-04-08 06:57:02.6510529 UTC-05:00] [5208:7148] [FcVpnSched  88   debug] default msg 26
[2026-04-08 06:57:02.6535294 UTC-05:00] [5208:7148] [FcVpnSched  88   debug] default msg 26
[2026-04-08 06:57:02.6563644 UTC-05:00] [5208:7148] [FcVpnSched  88   debug] default msg 26
[2026-04-08 06:57:02.6587220 UTC-05:00] [5208:7148] [FcVpnSched  88   debug] default msg 26
[2026-04-08 07:14:01.6954081 UTC-05:00] [5208:7148] [FcVpnSched  88   debug] default msg 30
[2026-04-08 07:14:01.7868689 UTC-05:00] [5208:7148] [FcVpnSched  88   debug] default msg 26
[2026-04-08 07:14:01.7896398 UTC-05:00] [5208:7148] [FcVpnSched  88   debug] default msg 26
[2026-04-08 07:14:01.7918956 UTC-05:00] [5208:7148] [FcVpnSched  88   debug] default msg 26
[2026-04-08 07:14:01.7941516 UTC-05:00] [5208:7148] [FcVpnSched  88   debug] default msg 26
[2026-04-08 07:14:01.7964640 UTC-05:00] [5208:7148] [FcVpnSched  88   debug] default msg 26
[2026-04-08 07:14:01.7987003 UTC-05:00] [5208:7148] [FcVpnSched  88   debug] default msg 26
[2026-04-08 07:14:01.8008696 UTC-05:00] [5208:7148] [FcVpnSched  88   debug] default msg 26
[2026-04-08 07:14:01.8031865 UTC-05:00] [5208:7148] [FcVpnSched  88   debug] default msg 26
[2026-04-08 07:14:01.8054568 UTC-05:00] [5208:7148] [FcVpnSched  88   debug] default msg 26
[2026-04-08 07:14:01.8077055 UTC-05:00] [5208:7148] [FcVpnSched  88   debug] default msg 26
[2026-04-08 07:14:01.8099039 UTC-05:00] [5208:7148] [FcVpnSched  88   debug] default msg 26
[2026-04-08 07:14:01.8120918 UTC-05:00] [5208:7148] [FcVpnSched  88   debug] default msg 26
[2026-04-08 07:14:01.8143096 UTC-05:00] [5208:7148] [FcVpnSched  88   debug] default msg 26
[2026-04-08 07:14:01.8165240 UTC-05:00] [5208:7148] [FcVpnSched  88   debug] default msg 26
[2026-04-08 07:14:01.8187978 UTC-05:00] [5208:7148] [FcVpnSched  88   debug] default msg 26
[2026-04-08 07:14:01.8215588 UTC-05:00] [5208:7148] [FcVpnSched  88   debug] default msg 26
[2026-04-08 07:14:01.8238340 UTC-05:00] [5208:7148] [FcVpnSched  88   debug] default msg 26
[2026-04-08 07:14:01.8259997 UTC-05:00] [5208:7148] [FcVpnSched  88   debug] default msg 26
[2026-04-08 07:14:01.8281298 UTC-05:00] [5208:7148] [FcVpnSched  88   debug] default msg 26
[2026-04-08 07:14:01.8302416 UTC-05:00] [5208:7148] [FcVpnSched  88   debug] default msg 26
[2026-04-08 07:14:01.8323710 UTC-05:00] [5208:7148] [FcVpnSched  88   debug] default msg 26
[2026-04-08 07:14:01.8345798 UTC-05:00] [5208:7148] [FcVpnSched  88   debug] default msg 26
[2026-04-08 07:14:01.8372043 UTC-05:00] [5208:7148] [FcVpnSched  88   debug] default msg 26
[2026-04-08 07:14:01.8393974 UTC-05:00] [5208:7148] [FcVpnSched  88   debug] default msg 26
[2026-04-08 07:14:01.8415927 UTC-05:00] [5208:7148] [FcVpnSched  88   debug] default msg 26
[2026-04-08 07:14:01.8436960 UTC-05:00] [5208:7148] [FcVpnSched  88   debug] default msg 26
[2026-04-08 07:14:01.8456439 UTC-05:00] [5208:7148] [FcVpnSched  88   debug] default msg 26
[2026-04-08 07:14:01.8476208 UTC-05:00] [5208:7148] [FcVpnSched  88   debug] default msg 26
[2026-04-08 07:14:01.8497003 UTC-05:00] [5208:7148] [FcVpnSched  88   debug] default msg 26
[2026-04-08 07:14:01.8517406 UTC-05:00] [5208:7148] [FcVpnSched  88   debug] default msg 26
[2026-04-08 07:14:01.8537318 UTC-05:00] [5208:7148] [FcVpnSched  88   debug] default msg 26
[2026-04-08 07:14:01.8556769 UTC-05:00] [5208:7148] [FcVpnSched  88   debug] default msg 26
[2026-04-08 07:14:01.8576740 UTC-05:00] [5208:7148] [FcVpnSched  88   debug] default msg 26
[2026-04-08 07:14:01.8596296 UTC-05:00] [5208:7148] [FcVpnSched  88   debug] default msg 26
[2026-04-08 07:14:01.8615866 UTC-05:00] [5208:7148] [FcVpnSched  88   debug] default msg 26
[2026-04-08 07:14:01.8635527 UTC-05:00] [5208:7148] [FcVpnSched  88   debug] default msg 26
[2026-04-08 07:14:01.8656418 UTC-05:00] [5208:7148] [FcVpnSched  88   debug] default msg 26
[2026-04-08 07:14:01.8678187 UTC-05:00] [5208:7148] [FcVpnSched  88   debug] default msg 26
[2026-04-08 07:14:01.8700644 UTC-05:00] [5208:7148] [FcVpnSched  88   debug] default msg 26
[2026-04-08 07:14:01.8721308 UTC-05:00] [5208:7148] [FcVpnSched  88   debug] default msg 26
[2026-04-08 07:14:01.8741316 UTC-05:00] [5208:7148] [FcVpnSched  88   debug] default msg 26
[2026-04-08 07:14:01.8761227 UTC-05:00] [5208:7148] [FcVpnSched  88   debug] default msg 26
[2026-04-08 07:14:01.8781189 UTC-05:00] [5208:7148] [FcVpnSched  88   debug] default msg 26
[2026-04-08 07:14:01.8800416 UTC-05:00] [5208:7148] [FcVpnSched  88   debug] default msg 26
[2026-04-08 07:14:01.8821645 UTC-05:00] [5208:7148] [FcVpnSched  88   debug] default msg 26
[2026-04-08 07:14:01.8847102 UTC-05:00] [5208:7148] [FcVpnSched  88   debug] default msg 26
[2026-04-08 07:14:01.8871264 UTC-05:00] [5208:7148] [FcVpnSched  88   debug] default msg 26
[2026-04-08 07:14:01.8893777 UTC-05:00] [5208:7148] [FcVpnSched  88   debug] default msg 26
[2026-04-08 07:14:01.8916965 UTC-05:00] [5208:7148] [FcVpnSched  88   debug] default msg 26
[2026-04-08 07:14:01.8940128 UTC-05:00] [5208:7148] [FcVpnSched  88   debug] default msg 26
[2026-04-08 07:14:01.8962696 UTC-05:00] [5208:7148] [FcVpnSched  88   debug] default msg 26
[2026-04-08 07:14:01.8990208 UTC-05:00] [5208:7148] [FcVpnSched  88   debug] default msg 26
[2026-04-08 07:14:01.9014935 UTC-05:00] [5208:7148] [FcVpnSched  88   debug] default msg 26
[2026-04-08 07:14:01.9038616 UTC-05:00] [5208:7148] [FcVpnSched  88   debug] default msg 26
[2026-04-08 07:14:01.9060662 UTC-05:00] [5208:7148] [FcVpnSched  88   debug] default msg 26
[2026-04-08 07:14:01.9082479 UTC-05:00] [5208:7148] [FcVpnSched  88   debug] default msg 26
[2026-04-08 07:14:02.0447070 UTC-05:00] [5208:7148] [FcVpnSched  88   debug] default msg 26
[2026-04-08 07:14:02.0480295 UTC-05:00] [5208:7148] [FcVpnSched  88   debug] default msg 26
[2026-04-08 07:14:02.0504429 UTC-05:00] [5208:7148] [FcVpnSched  88   debug] default msg 26
[2026-04-08 07:14:02.0528203 UTC-05:00] [5208:7148] [FcVpnSched  88   debug] default msg 26
[2026-04-08 07:14:02.0552281 UTC-05:00] [5208:7148] [FcVpnSched  88   debug] default msg 26
[2026-04-08 07:14:02.0577991 UTC-05:00] [5208:7148] [FcVpnSched  88   debug] default msg 26
[2026-04-08 07:14:02.0602706 UTC-05:00] [5208:7148] [FcVpnSched  88   debug] default msg 26
[2026-04-08 07:14:02.0626789 UTC-05:00] [5208:7148] [FcVpnSched  88   debug] default msg 26
[2026-04-08 07:14:02.0650142 UTC-05:00] [5208:7148] [FcVpnSched  88   debug] default msg 26
[2026-04-08 07:14:02.0673197 UTC-05:00] [5208:7148] [FcVpnSched  88   debug] default msg 26
[2026-04-08 07:14:02.0697115 UTC-05:00] [5208:7148] [FcVpnSched  88   debug] default msg 26
[2026-04-08 07:14:02.0722313 UTC-05:00] [5208:7148] [FcVpnSched  88   debug] default msg 26
[2026-04-08 07:14:02.0751800 UTC-05:00] [5208:7148] [FcVpnSched  88   debug] default msg 26
[2026-04-08 07:14:02.0776685 UTC-05:00] [5208:7148] [FcVpnSched  88   debug] default msg 26
[2026-04-08 07:14:02.0800411 UTC-05:00] [5208:7148] [FcVpnSched  88   debug] default msg 26
[2026-04-08 07:14:02.0823031 UTC-05:00] [5208:7148] [FcVpnSched  88   debug] default msg 26
[2026-04-08 07:14:02.0845776 UTC-05:00] [5208:7148] [FcVpnSched  88   debug] default msg 26
[2026-04-08 07:14:02.0868599 UTC-05:00] [5208:7148] [FcVpnSched  88   debug] default msg 26
[2026-04-08 07:14:02.0893012 UTC-05:00] [5208:7148] [FcVpnSched  88   debug] default msg 26
[2026-04-08 07:14:02.0916203 UTC-05:00] [5208:7148] [FcVpnSched  88   debug] default msg 26
[2026-04-08 07:14:02.0939813 UTC-05:00] [5208:7148] [FcVpnSched  88   debug] default msg 26
[2026-04-08 07:14:02.0961644 UTC-05:00] [5208:7148] [FcVpnSched  88   debug] default msg 26
[2026-04-08 07:14:02.0983991 UTC-05:00] [5208:7148] [FcVpnSched  88   debug] default msg 26
[2026-04-08 07:14:02.1006333 UTC-05:00] [5208:7148] [FcVpnSched  88   debug] default msg 26
[2026-04-08 07:14:02.1028639 UTC-05:00] [5208:7148] [FcVpnSched  88   debug] default msg 26
[2026-04-08 07:14:02.1054023 UTC-05:00] [5208:7148] [FcVpnSched  88   debug] default msg 26
[2026-04-08 07:14:02.1076618 UTC-05:00] [5208:7148] [FcVpnSched  88   debug] default msg 26
[2026-04-08 07:14:02.1099681 UTC-05:00] [5208:7148] [FcVpnSched  88   debug] default msg 26
[2026-04-08 07:14:02.1122292 UTC-05:00] [5208:7148] [FcVpnSched  88   debug] default msg 26
[2026-04-08 07:14:02.1145114 UTC-05:00] [5208:7148] [FcVpnSched  88   debug] default msg 26
[2026-04-08 07:14:02.1167599 UTC-05:00] [5208:7148] [FcVpnSched  88   debug] default msg 26
[2026-04-08 07:14:02.1190595 UTC-05:00] [5208:7148] [FcVpnSched  88   debug] default msg 26
[2026-04-08 07:55:51.5291290 UTC-05:00] [5208:7148] [FcVpnSched  88   debug] default msg 26
[2026-04-08 07:55:51.8222072 UTC-05:00] [5208:7148] [FcVpnSched  88   debug] default msg 26
[2026-04-08 08:02:45.3148948 UTC-05:00] [5208:7148] [FcVpnSched  88   debug] default msg 26
[2026-04-08 08:02:45.5250469 UTC-05:00] [5208:7148] [FcVpnSched  88   debug] default msg 26
[2026-04-08 08:02:45.7957375 UTC-05:00] [5208:7148] [FcVpnSched  88   debug] default msg 26
[2026-04-08 08:02:47.8221487 UTC-05:00] [5208:7148] [FcVpnSched  88   debug] default msg 26
[2026-04-08 08:02:48.0371272 UTC-05:00] [5208:7148] [FcVpnSched  88   debug] default msg 26
[2026-04-08 08:02:48.4637375 UTC-05:00] [5208:7148] [FcVpnSched  88   debug] default msg 26
[2026-04-08 08:02:48.8756944 UTC-05:00] [5208:7148] [FcVpnSched  88   debug] default msg 26
[2026-04-08 08:02:49.1889374 UTC-05:00] [5208:7148] [FcVpnSched  88   debug] default msg 26
[2026-04-08 09:10:45.1046833 UTC-05:00] [5208:7148] [FcVpnSched  88   debug] default msg 26
[2026-04-08 09:10:45.3494997 UTC-05:00] [5208:7148] [FcVpnSched  88   debug] default msg 26
[2026-04-08 09:10:45.5985643 UTC-05:00] [5208:7148] [FcVpnSched  88   debug] default msg 26
[2026-04-08 09:10:45.9322957 UTC-05:00] [5208:7148] [FcVpnSched  88   debug] default msg 26
[2026-04-08 09:10:46.1780229 UTC-05:00] [5208:7148] [FcVpnSched  88   debug] default msg 26
[2026-04-08 09:10:46.6298907 UTC-05:00] [5208:7148] [FcVpnSched  88   debug] default msg 26
[2026-04-08 09:10:47.0386011 UTC-05:00] [5208:7148] [FcVpnSched  88   debug] default msg 26
[2026-04-08 09:10:47.3574266 UTC-05:00] [5208:7148] [FcVpnSched  88   debug] default msg 26
[2026-04-08 09:47:51.6533089 UTC-05:00] [5208:7148] [FcVpnSched  88   debug] default msg 26
[2026-04-08 09:47:51.9678940 UTC-05:00] [5208:7148] [FcVpnSched  88   debug] default msg 26
[2026-04-08 10:18:45.3832552 UTC-05:00] [5208:7148] [FcVpnSched  88   debug] default msg 26
[2026-04-08 10:18:45.6424062 UTC-05:00] [5208:7148] [FcVpnSched  88   debug] default msg 26
[2026-04-08 10:18:45.8830062 UTC-05:00] [5208:7148] [FcVpnSched  88   debug] default msg 26
[2026-04-08 10:18:46.2320401 UTC-05:00] [5208:7148] [FcVpnSched  88   debug] default msg 26
[2026-04-08 10:18:46.4524790 UTC-05:00] [5208:7148] [FcVpnSched  88   debug] default msg 26
[2026-04-08 10:18:46.8968755 UTC-05:00] [5208:7148] [FcVpnSched  88   debug] default msg 26
[2026-04-08 10:18:47.3129285 UTC-05:00] [5208:7148] [FcVpnSched  88   debug] default msg 26
[2026-04-08 10:18:47.6303777 UTC-05:00] [5208:7148] [FcVpnSched  88   debug] default msg 26
[2026-04-08 10:47:02.2640913 UTC-05:00] [5208:7148] [FcVpnSched  88   debug] default msg 30
[2026-04-08 10:47:02.3954196 UTC-05:00] [5208:7148] [FcVpnSched  88   debug] default msg 26
[2026-04-08 10:47:02.3983557 UTC-05:00] [5208:7148] [FcVpnSched  88   debug] default msg 26
[2026-04-08 10:47:02.4008687 UTC-05:00] [5208:7148] [FcVpnSched  88   debug] default msg 26
[2026-04-08 10:47:02.4034437 UTC-05:00] [5208:7148] [FcVpnSched  88   debug] default msg 26
[2026-04-08 10:47:02.4059802 UTC-05:00] [5208:7148] [FcVpnSched  88   debug] default msg 26
[2026-04-08 10:47:02.4084750 UTC-05:00] [5208:7148] [FcVpnSched  88   debug] default msg 26
[2026-04-08 10:47:02.4107984 UTC-05:00] [5208:7148] [FcVpnSched  88   debug] default msg 26
[2026-04-08 10:47:02.4130261 UTC-05:00] [5208:7148] [FcVpnSched  88   debug] default msg 26
[2026-04-08 10:47:02.4155464 UTC-05:00] [5208:7148] [FcVpnSched  88   debug] default msg 26
[2026-04-08 10:47:02.4180190 UTC-05:00] [5208:7148] [FcVpnSched  88   debug] default msg 26
[2026-04-08 10:47:02.4204628 UTC-05:00] [5208:7148] [FcVpnSched  88   debug] default msg 26
[2026-04-08 10:47:02.4230547 UTC-05:00] [5208:7148] [FcVpnSched  88   debug] default msg 26
[2026-04-08 10:47:02.4254107 UTC-05:00] [5208:7148] [FcVpnSched  88   debug] default msg 26
[2026-04-08 10:47:02.4278077 UTC-05:00] [5208:7148] [FcVpnSched  88   debug] default msg 26
[2026-04-08 10:47:02.4301837 UTC-05:00] [5208:7148] [FcVpnSched  88   debug] default msg 26
[2026-04-08 10:47:02.4326101 UTC-05:00] [5208:7148] [FcVpnSched  88   debug] default msg 26
[2026-04-08 10:47:02.4349503 UTC-05:00] [5208:7148] [FcVpnSched  88   debug] default msg 26
[2026-04-08 10:47:02.4374890 UTC-05:00] [5208:7148] [FcVpnSched  88   debug] default msg 26
[2026-04-08 10:47:02.4401985 UTC-05:00] [5208:7148] [FcVpnSched  88   debug] default msg 26
[2026-04-08 10:47:02.4428368 UTC-05:00] [5208:7148] [FcVpnSched  88   debug] default msg 26
[2026-04-08 10:47:02.4453941 UTC-05:00] [5208:7148] [FcVpnSched  88   debug] default msg 26
[2026-04-08 10:47:02.4476613 UTC-05:00] [5208:7148] [FcVpnSched  88   debug] default msg 26
[2026-04-08 10:47:02.4498641 UTC-05:00] [5208:7148] [FcVpnSched  88   debug] default msg 26
[2026-04-08 10:47:02.4520063 UTC-05:00] [5208:7148] [FcVpnSched  88   debug] default msg 26
[2026-04-08 10:47:02.4540309 UTC-05:00] [5208:7148] [FcVpnSched  88   debug] default msg 26
[2026-04-08 10:47:02.4561210 UTC-05:00] [5208:7148] [FcVpnSched  88   debug] default msg 26
[2026-04-08 10:47:02.4582846 UTC-05:00] [5208:7148] [FcVpnSched  88   debug] default msg 26
[2026-04-08 10:47:02.4608661 UTC-05:00] [5208:7148] [FcVpnSched  88   debug] default msg 26
[2026-04-08 10:47:02.4635830 UTC-05:00] [5208:7148] [FcVpnSched  88   debug] default msg 26
[2026-04-08 10:47:02.4661286 UTC-05:00] [5208:7148] [FcVpnSched  88   debug] default msg 26
[2026-04-08 10:47:02.4683953 UTC-05:00] [5208:7148] [FcVpnSched  88   debug] default msg 26
[2026-04-08 10:47:02.4707391 UTC-05:00] [5208:7148] [FcVpnSched  88   debug] default msg 26
[2026-04-08 10:47:02.4730490 UTC-05:00] [5208:7148] [FcVpnSched  88   debug] default msg 26
[2026-04-08 10:47:02.4752329 UTC-05:00] [5208:7148] [FcVpnSched  88   debug] default msg 26
[2026-04-08 10:47:02.4780057 UTC-05:00] [5208:7148] [FcVpnSched  88   debug] default msg 26
[2026-04-08 10:47:02.4806261 UTC-05:00] [5208:7148] [FcVpnSched  88   debug] default msg 26
[2026-04-08 10:47:02.4829866 UTC-05:00] [5208:7148] [FcVpnSched  88   debug] default msg 26
[2026-04-08 10:47:02.4852517 UTC-05:00] [5208:7148] [FcVpnSched  88   debug] default msg 26
[2026-04-08 10:47:02.4875657 UTC-05:00] [5208:7148] [FcVpnSched  88   debug] default msg 26
[2026-04-08 10:47:02.4897925 UTC-05:00] [5208:7148] [FcVpnSched  88   debug] default msg 26
[2026-04-08 10:47:02.4919457 UTC-05:00] [5208:7148] [FcVpnSched  88   debug] default msg 26
[2026-04-08 10:47:02.4943303 UTC-05:00] [5208:7148] [FcVpnSched  88   debug] default msg 26
[2026-04-08 10:47:02.4967503 UTC-05:00] [5208:7148] [FcVpnSched  88   debug] default msg 26
[2026-04-08 10:47:02.4991286 UTC-05:00] [5208:7148] [FcVpnSched  88   debug] default msg 26
[2026-04-08 10:47:02.5015539 UTC-05:00] [5208:7148] [FcVpnSched  88   debug] default msg 26
[2026-04-08 10:47:02.5039486 UTC-05:00] [5208:7148] [FcVpnSched  88   debug] default msg 26
[2026-04-08 10:47:02.5063107 UTC-05:00] [5208:7148] [FcVpnSched  88   debug] default msg 26
[2026-04-08 10:47:02.5089087 UTC-05:00] [5208:7148] [FcVpnSched  88   debug] default msg 26
[2026-04-08 10:47:02.5113959 UTC-05:00] [5208:7148] [FcVpnSched  88   debug] default msg 26
[2026-04-08 10:47:02.5138209 UTC-05:00] [5208:7148] [FcVpnSched  88   debug] default msg 26
[2026-04-08 10:47:02.5162200 UTC-05:00] [5208:7148] [FcVpnSched  88   debug] default msg 26
[2026-04-08 10:47:02.5186374 UTC-05:00] [5208:7148] [FcVpnSched  88   debug] default msg 26
[2026-04-08 10:47:02.5210766 UTC-05:00] [5208:7148] [FcVpnSched  88   debug] default msg 26
[2026-04-08 10:47:02.5235489 UTC-05:00] [5208:7148] [FcVpnSched  88   debug] default msg 26
[2026-04-08 10:47:02.5260936 UTC-05:00] [5208:7148] [FcVpnSched  88   debug] default msg 26
[2026-04-08 10:47:02.5285887 UTC-05:00] [5208:7148] [FcVpnSched  88   debug] default msg 26
[2026-04-08 10:47:02.6749372 UTC-05:00] [5208:7148] [FcVpnSched  88   debug] default msg 26
[2026-04-08 10:47:02.6781464 UTC-05:00] [5208:7148] [FcVpnSched  88   debug] default msg 26
[2026-04-08 10:47:02.6805926 UTC-05:00] [5208:7148] [FcVpnSched  88   debug] default msg 26
[2026-04-08 10:47:02.6831705 UTC-05:00] [5208:7148] [FcVpnSched  88   debug] default msg 26
[2026-04-08 10:47:02.6858213 UTC-05:00] [5208:7148] [FcVpnSched  88   debug] default msg 26
[2026-04-08 10:47:02.6883330 UTC-05:00] [5208:7148] [FcVpnSched  88   debug] default msg 26
[2026-04-08 10:47:02.6908429 UTC-05:00] [5208:7148] [FcVpnSched  88   debug] default msg 26
[2026-04-08 10:47:02.6933859 UTC-05:00] [5208:7148] [FcVpnSched  88   debug] default msg 26
[2026-04-08 10:47:02.6958833 UTC-05:00] [5208:7148] [FcVpnSched  88   debug] default msg 26
[2026-04-08 10:47:02.6986015 UTC-05:00] [5208:7148] [FcVpnSched  88   debug] default msg 26
[2026-04-08 10:47:02.7012290 UTC-05:00] [5208:7148] [FcVpnSched  88   debug] default msg 26
[2026-04-08 10:47:02.7035799 UTC-05:00] [5208:7148] [FcVpnSched  88   debug] default msg 26
[2026-04-08 10:47:02.7059141 UTC-05:00] [5208:7148] [FcVpnSched  88   debug] default msg 26
[2026-04-08 10:47:02.7082421 UTC-05:00] [5208:7148] [FcVpnSched  88   debug] default msg 26
[2026-04-08 10:47:02.7105302 UTC-05:00] [5208:7148] [FcVpnSched  88   debug] default msg 26
[2026-04-08 10:47:02.7127979 UTC-05:00] [5208:7148] [FcVpnSched  88   debug] default msg 26
[2026-04-08 10:47:02.7166161 UTC-05:00] [5208:7148] [FcVpnSched  88   debug] default msg 26
[2026-04-08 10:47:02.7198274 UTC-05:00] [5208:7148] [FcVpnSched  88   debug] default msg 26
[2026-04-08 10:47:02.7222841 UTC-05:00] [5208:7148] [FcVpnSched  88   debug] default msg 26
[2026-04-08 10:47:02.7246250 UTC-05:00] [5208:7148] [FcVpnSched  88   debug] default msg 26
[2026-04-08 10:47:02.7269786 UTC-05:00] [5208:7148] [FcVpnSched  88   debug] default msg 26
[2026-04-08 10:47:02.7294682 UTC-05:00] [5208:7148] [FcVpnSched  88   debug] default msg 26
[2026-04-08 10:47:02.7319322 UTC-05:00] [5208:7148] [FcVpnSched  88   debug] default msg 26
[2026-04-08 10:47:02.7343823 UTC-05:00] [5208:7148] [FcVpnSched  88   debug] default msg 26
[2026-04-08 10:47:02.7367827 UTC-05:00] [5208:7148] [FcVpnSched  88   debug] default msg 26
[2026-04-08 10:47:02.7392466 UTC-05:00] [5208:7148] [FcVpnSched  88   debug] default msg 26
[2026-04-08 10:47:02.7416776 UTC-05:00] [5208:7148] [FcVpnSched  88   debug] default msg 26
[2026-04-08 10:47:02.7440929 UTC-05:00] [5208:7148] [FcVpnSched  88   debug] default msg 26
[2026-04-08 10:47:02.7465155 UTC-05:00] [5208:7148] [FcVpnSched  88   debug] default msg 26
[2026-04-08 10:47:02.7489381 UTC-05:00] [5208:7148] [FcVpnSched  88   debug] default msg 26
[2026-04-08 10:47:02.7514472 UTC-05:00] [5208:7148] [FcVpnSched  88   debug] default msg 26
[2026-04-08 10:47:02.7539107 UTC-05:00] [5208:7148] [FcVpnSched  88   debug] default msg 26
[2026-04-08 11:26:45.2573188 UTC-05:00] [5208:7148] [FcVpnSched  88   debug] default msg 26
[2026-04-08 11:26:45.4919576 UTC-05:00] [5208:7148] [FcVpnSched  88   debug] default msg 26
[2026-04-08 11:26:45.7344523 UTC-05:00] [5208:7148] [FcVpnSched  88   debug] default msg 26
[2026-04-08 11:26:46.0163575 UTC-05:00] [5208:7148] [FcVpnSched  88   debug] default msg 26
[2026-04-08 11:26:46.2329647 UTC-05:00] [5208:7148] [FcVpnSched  88   debug] default msg 26
[2026-04-08 11:26:46.6826310 UTC-05:00] [5208:7148] [FcVpnSched  88   debug] default msg 26
[2026-04-08 11:26:47.0876559 UTC-05:00] [5208:7148] [FcVpnSched  88   debug] default msg 26
[2026-04-08 11:26:47.4033690 UTC-05:00] [5208:7148] [FcVpnSched  88   debug] default msg 26
[2026-04-08 11:39:51.0330431 UTC-05:00] [5208:7148] [FcVpnSched  88   debug] default msg 26
[2026-04-08 11:39:51.3533840 UTC-05:00] [5208:7148] [FcVpnSched  88   debug] default msg 26
[2026-04-08 12:34:45.4147293 UTC-05:00] [5208:7148] [FcVpnSched  88   debug] default msg 26
[2026-04-08 12:34:45.6531506 UTC-05:00] [5208:7148] [FcVpnSched  88   debug] default msg 26
[2026-04-08 12:34:45.9059470 UTC-05:00] [5208:7148] [FcVpnSched  88   debug] default msg 26
[2026-04-08 12:34:46.2153997 UTC-05:00] [5208:7148] [FcVpnSched  88   debug] default msg 26
[2026-04-08 12:34:46.4479900 UTC-05:00] [5208:7148] [FcVpnSched  88   debug] default msg 26
[2026-04-08 12:34:46.8921113 UTC-05:00] [5208:7148] [FcVpnSched  88   debug] default msg 26
[2026-04-08 12:34:47.2938387 UTC-05:00] [5208:7148] [FcVpnSched  88   debug] default msg 26
[2026-04-08 12:34:47.6074046 UTC-05:00] [5208:7148] [FcVpnSched  88   debug] default msg 26
[2026-04-08 13:31:51.4107055 UTC-05:00] [5208:7148] [FcVpnSched  88   debug] default msg 26
[2026-04-08 13:31:51.7404671 UTC-05:00] [5208:7148] [FcVpnSched  88   debug] default msg 26
[2026-04-08 13:42:45.4673688 UTC-05:00] [5208:7148] [FcVpnSched  88   debug] default msg 26
[2026-04-08 13:42:45.7119693 UTC-05:00] [5208:7148] [FcVpnSched  88   debug] default msg 26
[2026-04-08 13:42:45.9694518 UTC-05:00] [5208:7148] [FcVpnSched  88   debug] default msg 26
[2026-04-08 13:42:46.3147005 UTC-05:00] [5208:7148] [FcVpnSched  88   debug] default msg 26
[2026-04-08 13:42:46.5389780 UTC-05:00] [5208:7148] [FcVpnSched  88   debug] default msg 26
[2026-04-08 13:42:46.9944935 UTC-05:00] [5208:7148] [FcVpnSched  88   debug] default msg 26
[2026-04-08 13:42:47.4154101 UTC-05:00] [5208:7148] [FcVpnSched  88   debug] default msg 26
[2026-04-08 13:42:47.7409516 UTC-05:00] [5208:7148] [FcVpnSched  88   debug] default msg 26
[2026-04-08 14:37:01.8167739 UTC-05:00] [5208:7148] [FcVpnSched  88   debug] default msg 30
[2026-04-08 14:37:01.9185460 UTC-05:00] [5208:7148] [FcVpnSched  88   debug] default msg 26
[2026-04-08 14:37:01.9243507 UTC-05:00] [5208:7148] [FcVpnSched  88   debug] default msg 26
[2026-04-08 14:37:01.9272219 UTC-05:00] [5208:7148] [FcVpnSched  88   debug] default msg 26
[2026-04-08 14:37:01.9299990 UTC-05:00] [5208:7148] [FcVpnSched  88   debug] default msg 26
[2026-04-08 14:37:01.9328515 UTC-05:00] [5208:7148] [FcVpnSched  88   debug] default msg 26
[2026-04-08 14:37:01.9354654 UTC-05:00] [5208:7148] [FcVpnSched  88   debug] default msg 26
[2026-04-08 14:37:01.9384913 UTC-05:00] [5208:7148] [FcVpnSched  88   debug] default msg 26
[2026-04-08 14:37:01.9413880 UTC-05:00] [5208:7148] [FcVpnSched  88   debug] default msg 26
[2026-04-08 14:37:01.9440928 UTC-05:00] [5208:7148] [FcVpnSched  88   debug] default msg 26
[2026-04-08 14:37:01.9466618 UTC-05:00] [5208:7148] [FcVpnSched  88   debug] default msg 26
[2026-04-08 14:37:01.9492432 UTC-05:00] [5208:7148] [FcVpnSched  88   debug] default msg 26
[2026-04-08 14:37:01.9517509 UTC-05:00] [5208:7148] [FcVpnSched  88   debug] default msg 26
[2026-04-08 14:37:01.9548965 UTC-05:00] [5208:7148] [FcVpnSched  88   debug] default msg 26
[2026-04-08 14:37:01.9579330 UTC-05:00] [5208:7148] [FcVpnSched  88   debug] default msg 26
[2026-04-08 14:37:01.9606585 UTC-05:00] [5208:7148] [FcVpnSched  88   debug] default msg 26
[2026-04-08 14:37:01.9633378 UTC-05:00] [5208:7148] [FcVpnSched  88   debug] default msg 26
[2026-04-08 14:37:01.9660428 UTC-05:00] [5208:7148] [FcVpnSched  88   debug] default msg 26
[2026-04-08 14:37:01.9687953 UTC-05:00] [5208:7148] [FcVpnSched  88   debug] default msg 26
[2026-04-08 14:37:01.9716402 UTC-05:00] [5208:7148] [FcVpnSched  88   debug] default msg 26
[2026-04-08 14:37:01.9743114 UTC-05:00] [5208:7148] [FcVpnSched  88   debug] default msg 26
[2026-04-08 14:37:01.9769185 UTC-05:00] [5208:7148] [FcVpnSched  88   debug] default msg 26
[2026-04-08 14:37:01.9794901 UTC-05:00] [5208:7148] [FcVpnSched  88   debug] default msg 26
[2026-04-08 14:37:01.9820313 UTC-05:00] [5208:7148] [FcVpnSched  88   debug] default msg 26
[2026-04-08 14:37:01.9845122 UTC-05:00] [5208:7148] [FcVpnSched  88   debug] default msg 26
[2026-04-08 14:37:01.9871949 UTC-05:00] [5208:7148] [FcVpnSched  88   debug] default msg 26
[2026-04-08 14:37:01.9894480 UTC-05:00] [5208:7148] [FcVpnSched  88   debug] default msg 26
[2026-04-08 14:37:01.9916440 UTC-05:00] [5208:7148] [FcVpnSched  88   debug] default msg 26
[2026-04-08 14:37:01.9938592 UTC-05:00] [5208:7148] [FcVpnSched  88   debug] default msg 26
[2026-04-08 14:37:01.9960966 UTC-05:00] [5208:7148] [FcVpnSched  88   debug] default msg 26
[2026-04-08 14:37:01.9982765 UTC-05:00] [5208:7148] [FcVpnSched  88   debug] default msg 26
[2026-04-08 14:37:02.0006557 UTC-05:00] [5208:7148] [FcVpnSched  88   debug] default msg 26
[2026-04-08 14:37:02.0031760 UTC-05:00] [5208:7148] [FcVpnSched  88   debug] default msg 26
[2026-04-08 14:37:02.0055439 UTC-05:00] [5208:7148] [FcVpnSched  88   debug] default msg 26
[2026-04-08 14:37:02.0078148 UTC-05:00] [5208:7148] [FcVpnSched  88   debug] default msg 26
[2026-04-08 14:37:02.0100185 UTC-05:00] [5208:7148] [FcVpnSched  88   debug] default msg 26
[2026-04-08 14:37:02.0122684 UTC-05:00] [5208:7148] [FcVpnSched  88   debug] default msg 26
[2026-04-08 14:37:02.0144927 UTC-05:00] [5208:7148] [FcVpnSched  88   debug] default msg 26
[2026-04-08 14:37:02.0173797 UTC-05:00] [5208:7148] [FcVpnSched  88   debug] default msg 26
[2026-04-08 14:37:02.0203336 UTC-05:00] [5208:7148] [FcVpnSched  88   debug] default msg 26
[2026-04-08 14:37:02.0228007 UTC-05:00] [5208:7148] [FcVpnSched  88   debug] default msg 26
[2026-04-08 14:37:02.0252812 UTC-05:00] [5208:7148] [FcVpnSched  88   debug] default msg 26
[2026-04-08 14:37:02.0278273 UTC-05:00] [5208:7148] [FcVpnSched  88   debug] default msg 26
[2026-04-08 14:37:02.0302364 UTC-05:00] [5208:7148] [FcVpnSched  88   debug] default msg 26
[2026-04-08 14:37:02.0328657 UTC-05:00] [5208:7148] [FcVpnSched  88   debug] default msg 26
[2026-04-08 14:37:02.0352845 UTC-05:00] [5208:7148] [FcVpnSched  88   debug] default msg 26
[2026-04-08 14:37:02.0377142 UTC-05:00] [5208:7148] [FcVpnSched  88   debug] default msg 26
[2026-04-08 14:37:02.0399053 UTC-05:00] [5208:7148] [FcVpnSched  88   debug] default msg 26
[2026-04-08 14:37:02.0420784 UTC-05:00] [5208:7148] [FcVpnSched  88   debug] default msg 26
[2026-04-08 14:37:02.0441964 UTC-05:00] [5208:7148] [FcVpnSched  88   debug] default msg 26
[2026-04-08 14:37:02.0464841 UTC-05:00] [5208:7148] [FcVpnSched  88   debug] default msg 26
[2026-04-08 14:37:02.0487797 UTC-05:00] [5208:7148] [FcVpnSched  88   debug] default msg 26
[2026-04-08 14:37:02.0509705 UTC-05:00] [5208:7148] [FcVpnSched  88   debug] default msg 26
[2026-04-08 14:37:02.0531193 UTC-05:00] [5208:7148] [FcVpnSched  88   debug] default msg 26
[2026-04-08 14:37:02.0552755 UTC-05:00] [5208:7148] [FcVpnSched  88   debug] default msg 26
[2026-04-08 14:37:02.0573841 UTC-05:00] [5208:7148] [FcVpnSched  88   debug] default msg 26
[2026-04-08 14:37:02.0594559 UTC-05:00] [5208:7148] [FcVpnSched  88   debug] default msg 26
[2026-04-08 14:37:02.2071466 UTC-05:00] [5208:7148] [FcVpnSched  88   debug] default msg 26
[2026-04-08 14:37:02.2129877 UTC-05:00] [5208:7148] [FcVpnSched  88   debug] default msg 26
[2026-04-08 14:37:02.2155856 UTC-05:00] [5208:7148] [FcVpnSched  88   debug] default msg 26
[2026-04-08 14:37:02.2181239 UTC-05:00] [5208:7148] [FcVpnSched  88   debug] default msg 26
[2026-04-08 14:37:02.2206009 UTC-05:00] [5208:7148] [FcVpnSched  88   debug] default msg 26
[2026-04-08 14:37:02.2231632 UTC-05:00] [5208:7148] [FcVpnSched  88   debug] default msg 26
[2026-04-08 14:37:02.2255605 UTC-05:00] [5208:7148] [FcVpnSched  88   debug] default msg 26
[2026-04-08 14:37:02.2280713 UTC-05:00] [5208:7148] [FcVpnSched  88   debug] default msg 26
[2026-04-08 14:37:02.2305947 UTC-05:00] [5208:7148] [FcVpnSched  88   debug] default msg 26
[2026-04-08 14:37:02.2331465 UTC-05:00] [5208:7148] [FcVpnSched  88   debug] default msg 26
[2026-04-08 14:37:02.2354693 UTC-05:00] [5208:7148] [FcVpnSched  88   debug] default msg 26
[2026-04-08 14:37:02.2378655 UTC-05:00] [5208:7148] [FcVpnSched  88   debug] default msg 26
[2026-04-08 14:37:02.2402460 UTC-05:00] [5208:7148] [FcVpnSched  88   debug] default msg 26
[2026-04-08 14:37:02.2425671 UTC-05:00] [5208:7148] [FcVpnSched  88   debug] default msg 26
[2026-04-08 14:37:02.2448906 UTC-05:00] [5208:7148] [FcVpnSched  88   debug] default msg 26
[2026-04-08 14:37:02.2471607 UTC-05:00] [5208:7148] [FcVpnSched  88   debug] default msg 26
[2026-04-08 14:37:02.2494789 UTC-05:00] [5208:7148] [FcVpnSched  88   debug] default msg 26
[2026-04-08 14:37:02.2519178 UTC-05:00] [5208:7148] [FcVpnSched  88   debug] default msg 26
[2026-04-08 14:37:02.2544807 UTC-05:00] [5208:7148] [FcVpnSched  88   debug] default msg 26
[2026-04-08 14:37:02.2568661 UTC-05:00] [5208:7148] [FcVpnSched  88   debug] default msg 26
[2026-04-08 14:37:02.2591447 UTC-05:00] [5208:7148] [FcVpnSched  88   debug] default msg 26
[2026-04-08 14:37:02.2617484 UTC-05:00] [5208:7148] [FcVpnSched  88   debug] default msg 26
[2026-04-08 14:37:02.2640971 UTC-05:00] [5208:7148] [FcVpnSched  88   debug] default msg 26
[2026-04-08 14:37:02.2663844 UTC-05:00] [5208:7148] [FcVpnSched  88   debug] default msg 26
[2026-04-08 14:37:02.2689068 UTC-05:00] [5208:7148] [FcVpnSched  88   debug] default msg 26
[2026-04-08 14:37:02.2723166 UTC-05:00] [5208:7148] [FcVpnSched  88   debug] default msg 26
[2026-04-08 14:37:02.2751836 UTC-05:00] [5208:7148] [FcVpnSched  88   debug] default msg 26
[2026-04-08 14:37:02.2778150 UTC-05:00] [5208:7148] [FcVpnSched  88   debug] default msg 26
[2026-04-08 14:37:02.2804167 UTC-05:00] [5208:7148] [FcVpnSched  88   debug] default msg 26
[2026-04-08 14:37:02.2829893 UTC-05:00] [5208:7148] [FcVpnSched  88   debug] default msg 26
[2026-04-08 14:37:02.2855631 UTC-05:00] [5208:7148] [FcVpnSched  88   debug] default msg 26
[2026-04-08 14:37:02.2881402 UTC-05:00] [5208:7148] [FcVpnSched  88   debug] default msg 26
[2026-04-08 14:50:45.6179194 UTC-05:00] [5208:7148] [FcVpnSched  88   debug] default msg 26
[2026-04-08 14:50:45.8574894 UTC-05:00] [5208:7148] [FcVpnSched  88   debug] default msg 26
[2026-04-08 14:50:46.1084945 UTC-05:00] [5208:7148] [FcVpnSched  88   debug] default msg 26
[2026-04-08 14:50:46.4192816 UTC-05:00] [5208:7148] [FcVpnSched  88   debug] default msg 26
[2026-04-08 14:50:46.6458486 UTC-05:00] [5208:7148] [FcVpnSched  88   debug] default msg 26
[2026-04-08 14:50:47.0913294 UTC-05:00] [5208:7148] [FcVpnSched  88   debug] default msg 26
[2026-04-08 14:50:47.5327291 UTC-05:00] [5208:7148] [FcVpnSched  88   debug] default msg 26
[2026-04-08 14:50:47.8591760 UTC-05:00] [5208:7148] [FcVpnSched  88   debug] default msg 26
[2026-04-08 15:14:02.3507379 UTC-05:00] [5208:7148] [FcVpnSched  88   debug] default msg 30
[2026-04-08 15:14:02.4439130 UTC-05:00] [5208:7148] [FcVpnSched  88   debug] default msg 26
[2026-04-08 15:14:02.4468104 UTC-05:00] [5208:7148] [FcVpnSched  88   debug] default msg 26
[2026-04-08 15:14:02.4491332 UTC-05:00] [5208:7148] [FcVpnSched  88   debug] default msg 26
[2026-04-08 15:14:02.4514780 UTC-05:00] [5208:7148] [FcVpnSched  88   debug] default msg 26
[2026-04-08 15:14:02.4538971 UTC-05:00] [5208:7148] [FcVpnSched  88   debug] default msg 26
[2026-04-08 15:14:02.4559051 UTC-05:00] [5208:7148] [FcVpnSched  88   debug] default msg 26
[2026-04-08 15:14:02.4578926 UTC-05:00] [5208:7148] [FcVpnSched  88   debug] default msg 26
[2026-04-08 15:14:02.4598964 UTC-05:00] [5208:7148] [FcVpnSched  88   debug] default msg 26
[2026-04-08 15:14:02.4619553 UTC-05:00] [5208:7148] [FcVpnSched  88   debug] default msg 26
[2026-04-08 15:14:02.4639273 UTC-05:00] [5208:7148] [FcVpnSched  88   debug] default msg 26
[2026-04-08 15:14:02.4660659 UTC-05:00] [5208:7148] [FcVpnSched  88   debug] default msg 26
[2026-04-08 15:14:02.4683931 UTC-05:00] [5208:7148] [FcVpnSched  88   debug] default msg 26
[2026-04-08 15:14:02.4707241 UTC-05:00] [5208:7148] [FcVpnSched  88   debug] default msg 26
[2026-04-08 15:14:02.4729336 UTC-05:00] [5208:7148] [FcVpnSched  88   debug] default msg 26
[2026-04-08 15:14:02.4750746 UTC-05:00] [5208:7148] [FcVpnSched  88   debug] default msg 26
[2026-04-08 15:14:02.4772317 UTC-05:00] [5208:7148] [FcVpnSched  88   debug] default msg 26
[2026-04-08 15:14:02.4793806 UTC-05:00] [5208:7148] [FcVpnSched  88   debug] default msg 26
[2026-04-08 15:14:02.4815216 UTC-05:00] [5208:7148] [FcVpnSched  88   debug] default msg 26
[2026-04-08 15:14:02.4838024 UTC-05:00] [5208:7148] [FcVpnSched  88   debug] default msg 26
[2026-04-08 15:14:02.4859557 UTC-05:00] [5208:7148] [FcVpnSched  88   debug] default msg 26
[2026-04-08 15:14:02.4879910 UTC-05:00] [5208:7148] [FcVpnSched  88   debug] default msg 26
[2026-04-08 15:14:02.4899908 UTC-05:00] [5208:7148] [FcVpnSched  88   debug] default msg 26
[2026-04-08 15:14:02.4919559 UTC-05:00] [5208:7148] [FcVpnSched  88   debug] default msg 26
[2026-04-08 15:14:02.4938996 UTC-05:00] [5208:7148] [FcVpnSched  88   debug] default msg 26
[2026-04-08 15:14:02.4958765 UTC-05:00] [5208:7148] [FcVpnSched  88   debug] default msg 26
[2026-04-08 15:14:02.4980073 UTC-05:00] [5208:7148] [FcVpnSched  88   debug] default msg 26
[2026-04-08 15:14:02.5002904 UTC-05:00] [5208:7148] [FcVpnSched  88   debug] default msg 26
[2026-04-08 15:14:02.5022552 UTC-05:00] [5208:7148] [FcVpnSched  88   debug] default msg 26
[2026-04-08 15:14:02.5042617 UTC-05:00] [5208:7148] [FcVpnSched  88   debug] default msg 26
[2026-04-08 15:14:02.5062222 UTC-05:00] [5208:7148] [FcVpnSched  88   debug] default msg 26
[2026-04-08 15:14:02.5081426 UTC-05:00] [5208:7148] [FcVpnSched  88   debug] default msg 26
[2026-04-08 15:14:02.5100835 UTC-05:00] [5208:7148] [FcVpnSched  88   debug] default msg 26
[2026-04-08 15:14:02.5119592 UTC-05:00] [5208:7148] [FcVpnSched  88   debug] default msg 26
[2026-04-08 15:14:02.5140075 UTC-05:00] [5208:7148] [FcVpnSched  88   debug] default msg 26
[2026-04-08 15:14:02.5160128 UTC-05:00] [5208:7148] [FcVpnSched  88   debug] default msg 26
[2026-04-08 15:14:02.5180603 UTC-05:00] [5208:7148] [FcVpnSched  88   debug] default msg 26
[2026-04-08 15:14:02.5200060 UTC-05:00] [5208:7148] [FcVpnSched  88   debug] default msg 26
[2026-04-08 15:14:02.5219584 UTC-05:00] [5208:7148] [FcVpnSched  88   debug] default msg 26
[2026-04-08 15:14:02.5238547 UTC-05:00] [5208:7148] [FcVpnSched  88   debug] default msg 26
[2026-04-08 15:14:02.5257767 UTC-05:00] [5208:7148] [FcVpnSched  88   debug] default msg 26
[2026-04-08 15:14:02.5276654 UTC-05:00] [5208:7148] [FcVpnSched  88   debug] default msg 26
[2026-04-08 15:14:02.5297526 UTC-05:00] [5208:7148] [FcVpnSched  88   debug] default msg 26
[2026-04-08 15:14:02.5321214 UTC-05:00] [5208:7148] [FcVpnSched  88   debug] default msg 26
[2026-04-08 15:14:02.5343442 UTC-05:00] [5208:7148] [FcVpnSched  88   debug] default msg 26
[2026-04-08 15:14:02.5364622 UTC-05:00] [5208:7148] [FcVpnSched  88   debug] default msg 26
[2026-04-08 15:14:02.5385996 UTC-05:00] [5208:7148] [FcVpnSched  88   debug] default msg 26
[2026-04-08 15:14:02.5407364 UTC-05:00] [5208:7148] [FcVpnSched  88   debug] default msg 26
[2026-04-08 15:14:02.5428627 UTC-05:00] [5208:7148] [FcVpnSched  88   debug] default msg 26
[2026-04-08 15:14:02.5450423 UTC-05:00] [5208:7148] [FcVpnSched  88   debug] default msg 26
[2026-04-08 15:14:02.5474904 UTC-05:00] [5208:7148] [FcVpnSched  88   debug] default msg 26
[2026-04-08 15:14:02.5495348 UTC-05:00] [5208:7148] [FcVpnSched  88   debug] default msg 26
[2026-04-08 15:14:02.5515748 UTC-05:00] [5208:7148] [FcVpnSched  88   debug] default msg 26
[2026-04-08 15:14:02.5535461 UTC-05:00] [5208:7148] [FcVpnSched  88   debug] default msg 26
[2026-04-08 15:14:02.5555633 UTC-05:00] [5208:7148] [FcVpnSched  88   debug] default msg 26
[2026-04-08 15:14:02.5575262 UTC-05:00] [5208:7148] [FcVpnSched  88   debug] default msg 26
[2026-04-08 15:14:02.5594257 UTC-05:00] [5208:7148] [FcVpnSched  88   debug] default msg 26
[2026-04-08 15:14:02.7006445 UTC-05:00] [5208:7148] [FcVpnSched  88   debug] default msg 26
[2026-04-08 15:14:02.7033797 UTC-05:00] [5208:7148] [FcVpnSched  88   debug] default msg 26
[2026-04-08 15:14:02.7058963 UTC-05:00] [5208:7148] [FcVpnSched  88   debug] default msg 26
[2026-04-08 15:14:02.7082538 UTC-05:00] [5208:7148] [FcVpnSched  88   debug] default msg 26
[2026-04-08 15:14:02.7105421 UTC-05:00] [5208:7148] [FcVpnSched  88   debug] default msg 26
[2026-04-08 15:14:02.7126783 UTC-05:00] [5208:7148] [FcVpnSched  88   debug] default msg 26
[2026-04-08 15:14:02.7147261 UTC-05:00] [5208:7148] [FcVpnSched  88   debug] default msg 26
[2026-04-08 15:14:02.7168005 UTC-05:00] [5208:7148] [FcVpnSched  88   debug] default msg 26
[2026-04-08 15:14:02.7189934 UTC-05:00] [5208:7148] [FcVpnSched  88   debug] default msg 26
[2026-04-08 15:14:02.7213659 UTC-05:00] [5208:7148] [FcVpnSched  88   debug] default msg 26
[2026-04-08 15:14:02.7236035 UTC-05:00] [5208:7148] [FcVpnSched  88   debug] default msg 26
[2026-04-08 15:14:02.7258438 UTC-05:00] [5208:7148] [FcVpnSched  88   debug] default msg 26
[2026-04-08 15:14:02.7278879 UTC-05:00] [5208:7148] [FcVpnSched  88   debug] default msg 26
[2026-04-08 15:14:02.7299288 UTC-05:00] [5208:7148] [FcVpnSched  88   debug] default msg 26
[2026-04-08 15:14:02.7319589 UTC-05:00] [5208:7148] [FcVpnSched  88   debug] default msg 26
[2026-04-08 15:14:02.7339914 UTC-05:00] [5208:7148] [FcVpnSched  88   debug] default msg 26
[2026-04-08 15:14:02.7361204 UTC-05:00] [5208:7148] [FcVpnSched  88   debug] default msg 26
[2026-04-08 15:14:02.7381654 UTC-05:00] [5208:7148] [FcVpnSched  88   debug] default msg 26
[2026-04-08 15:14:02.7402124 UTC-05:00] [5208:7148] [FcVpnSched  88   debug] default msg 26
[2026-04-08 15:14:02.7424477 UTC-05:00] [5208:7148] [FcVpnSched  88   debug] default msg 26
[2026-04-08 15:14:02.7445475 UTC-05:00] [5208:7148] [FcVpnSched  88   debug] default msg 26
[2026-04-08 15:14:02.7468230 UTC-05:00] [5208:7148] [FcVpnSched  88   debug] default msg 26
[2026-04-08 15:14:02.7490652 UTC-05:00] [5208:7148] [FcVpnSched  88   debug] default msg 26
[2026-04-08 15:14:02.7513376 UTC-05:00] [5208:7148] [FcVpnSched  88   debug] default msg 26
[2026-04-08 15:14:02.7538663 UTC-05:00] [5208:7148] [FcVpnSched  88   debug] default msg 26
[2026-04-08 15:14:02.7563515 UTC-05:00] [5208:7148] [FcVpnSched  88   debug] default msg 26
[2026-04-08 15:14:02.7587099 UTC-05:00] [5208:7148] [FcVpnSched  88   debug] default msg 26
[2026-04-08 15:14:02.7610008 UTC-05:00] [5208:7148] [FcVpnSched  88   debug] default msg 26
[2026-04-08 15:14:02.7633018 UTC-05:00] [5208:7148] [FcVpnSched  88   debug] default msg 26
[2026-04-08 15:14:02.7655714 UTC-05:00] [5208:7148] [FcVpnSched  88   debug] default msg 26
[2026-04-08 15:14:02.7678421 UTC-05:00] [5208:7148] [FcVpnSched  88   debug] default msg 26
[2026-04-08 15:14:02.7702329 UTC-05:00] [5208:7148] [FcVpnSched  88   debug] default msg 26
[2026-04-08 15:23:51.2302730 UTC-05:00] [5208:7148] [FcVpnSched  88   debug] default msg 26
[2026-04-08 15:23:51.5726758 UTC-05:00] [5208:7148] [FcVpnSched  88   debug] default msg 26
[2026-04-08 15:58:45.2770667 UTC-05:00] [5208:7148] [FcVpnSched  88   debug] default msg 26
[2026-04-08 15:58:45.5271183 UTC-05:00] [5208:7148] [FcVpnSched  88   debug] default msg 26
[2026-04-08 15:58:45.7883775 UTC-05:00] [5208:7148] [FcVpnSched  88   debug] default msg 26
[2026-04-08 15:58:46.1198198 UTC-05:00] [5208:7148] [FcVpnSched  88   debug] default msg 26
[2026-04-08 15:58:46.3457440 UTC-05:00] [5208:7148] [FcVpnSched  88   debug] default msg 26
[2026-04-08 15:58:46.7842101 UTC-05:00] [5208:7148] [FcVpnSched  88   debug] default msg 26
[2026-04-08 15:58:47.2233438 UTC-05:00] [5208:7148] [FcVpnSched  88   debug] default msg 26
[2026-04-08 15:58:47.5632575 UTC-05:00] [5208:7148] [FcVpnSched  88   debug] default msg 26
[2026-04-08 16:44:41.2888837 UTC-05:00] [5208:7148] [FcVpnSched  88   debug] default msg 537
[2026-04-08 16:44:41.2916594 UTC-05:00] [5208:7148] [FcVpnSched  88   debug] default msg 537
[2026-04-08 16:44:46.1509707 UTC-05:00] [5208:7148] [FcVpnSched  88   debug] default msg 537
[2026-04-08 16:44:46.4516051 UTC-05:00] [5208:7148] [FcVpnSched  88   debug] default msg 537
[2026-04-08 16:44:46.4561810 UTC-05:00] [5208:7148] [FcVpnSched  88   debug] default msg 537
[2026-04-08 16:44:46.4927116 UTC-05:00] [5208:7148] [FcVpnSched  88   debug] default msg 537
[2026-04-08 16:44:49.3487994 UTC-05:00] [5208:7148] [FcVpnSched  88   debug] default msg 537
[2026-04-08 16:44:49.9153868 UTC-05:00] [5208:7148] [FcVpnSched  88   debug] default msg 537
[2026-04-08 16:44:49.9247988 UTC-05:00] [5208:7148] [FcVpnSched  88   debug] default msg 537
[2026-04-08 16:44:49.9284816 UTC-05:00] [5208:7148] [FcVpnSched  88   debug] default msg 537
[2026-04-08 16:44:49.9731600 UTC-05:00] [5208:7148] [FcVpnSched  88   debug] default msg 537
[2026-04-08 16:44:49.9786337 UTC-05:00] [5208:7148] [FcVpnSched  88   debug] default msg 537
[2026-04-08 16:44:49.9863943 UTC-05:00] [5208:7148] [FcVpnSched  88   debug] default msg 537
[2026-04-08 16:44:49.9902506 UTC-05:00] [5208:7148] [FcVpnSched  88   debug] default msg 537
[2026-04-08 16:44:50.0362195 UTC-05:00] [5208:7148] [FcVpnSched  88   debug] default msg 537
[2026-04-08 16:44:50.0527714 UTC-05:00] [5208:7148] [FcVpnSched  88   debug] default msg 537
[2026-04-08 16:44:50.0589467 UTC-05:00] [5208:7148] [FcVpnSched  88   debug] default msg 537
[2026-04-08 16:44:50.0869975 UTC-05:00] [5208:7148] [FcVpnSched  88   debug] default msg 537
[2026-04-08 16:44:50.0946871 UTC-05:00] [5208:7148] [FcVpnSched  88   debug] default msg 537
[2026-04-08 16:44:50.1048504 UTC-05:00] [5208:7148] [FcVpnSched  88   debug] default msg 537
[2026-04-08 16:44:50.1194002 UTC-05:00] [5208:7148] [FcVpnSched  88   debug] default msg 537
[2026-04-08 16:44:50.1502773 UTC-05:00] [5208:7148] [FcVpnSched  88   debug] default msg 537
[2026-04-08 16:44:50.1699072 UTC-05:00] [5208:7148] [FcVpnSched  88   debug] default msg 537
[2026-04-08 16:44:50.1838401 UTC-05:00] [5208:7148] [FcVpnSched  88   debug] default msg 537
[2026-04-08 16:44:50.2163355 UTC-05:00] [5208:7148] [FcVpnSched  88   debug] default msg 537
[2026-04-08 16:44:50.2329376 UTC-05:00] [5208:7148] [FcVpnSched  88   debug] default msg 537
[2026-04-08 16:44:50.2619566 UTC-05:00] [5208:7148] [FcVpnSched  88   debug] default msg 537
[2026-04-08 16:44:56.4258816 UTC-05:00] [5208:7148] [FcVpnSched  88   debug] default msg 537
[2026-04-08 16:44:58.3430016 UTC-05:00] [5208:7148] [FcVpnSched  88   debug] default msg 537
[2026-04-08 16:44:58.3542257 UTC-05:00] [5208:7148] [FcVpnSched  88   debug] default msg 537
[2026-04-08 16:44:58.4300798 UTC-05:00] [5208:7148] [FcVpnSched  88   debug] default msg 537
[2026-04-08 16:44:58.4431354 UTC-05:00] [5208:7148] [FcVpnSched  88   debug] default msg 537
[2026-04-08 16:45:01.9687461 UTC-05:00] [5208:7148] [FcVpnSched  88   debug] default msg 537
[2026-04-08 16:45:01.9712170 UTC-05:00] [5208:7148] [FcVpnSched  88   debug] default msg 537
[2026-04-08 16:45:06.2453279 UTC-05:00] [5208:7148] [FcVpnSched  88   debug] default msg 537
[2026-04-08 16:45:06.3872208 UTC-05:00] [5208:7148] [FcVpnSched  88   debug] default msg 537
[2026-04-08 16:45:06.3925605 UTC-05:00] [5208:7148] [FcVpnSched  88   debug] default msg 537
[2026-04-08 16:45:06.4157085 UTC-05:00] [5208:7148] [FcVpnSched  88   debug] default msg 537
[2026-04-08 16:45:06.4237408 UTC-05:00] [5208:7148] [FcVpnSched  88   debug] default msg 537
[2026-04-08 16:45:10.2453822 UTC-05:00] [5208:7148] [FcVpnSched  88   debug] default msg 537
[2026-04-08 16:45:10.2516778 UTC-05:00] [5208:7148] [FcVpnSched  88   debug] default msg 537
[2026-04-08 16:45:10.3309628 UTC-05:00] [5208:7148] [FcVpnSched  88   debug] default msg 537
[2026-04-08 16:45:10.3356920 UTC-05:00] [5208:7148] [FcVpnSched  88   debug] default msg 537
[2026-04-08 16:45:10.3416960 UTC-05:00] [5208:7148] [FcVpnSched  88   debug] default msg 537
[2026-04-08 16:45:10.3462700 UTC-05:00] [5208:7148] [FcVpnSched  88   debug] default msg 537
[2026-04-08 16:45:10.3588676 UTC-05:00] [5208:7148] [FcVpnSched  88   debug] default msg 537
[2026-04-08 16:45:10.3639203 UTC-05:00] [5208:7148] [FcVpnSched  88   debug] default msg 537
[2026-04-08 16:45:10.3681324 UTC-05:00] [5208:7148] [FcVpnSched  88   debug] default msg 537
[2026-04-08 16:45:14.8496850 UTC-05:00] [5208:7148] [FcVpnSched  88   debug] default msg 537
[2026-04-08 16:45:14.8537687 UTC-05:00] [5208:7148] [FcVpnSched  88   debug] default msg 537
[2026-04-08 16:45:14.8579594 UTC-05:00] [5208:7148] [FcVpnSched  88   debug] default msg 537
[2026-04-08 16:45:14.8622003 UTC-05:00] [5208:7148] [FcVpnSched  88   debug] default msg 537
[2026-04-08 16:45:19.3557425 UTC-05:00] [5208:7148] [FcVpnSched  88   debug] default msg 537
[2026-04-08 16:45:19.3588739 UTC-05:00] [5208:7148] [FcVpnSched  88   debug] default msg 537
[2026-04-08 16:45:19.4950871 UTC-05:00] [5208:7148] [FcVpnSched  88   debug] default msg 537
[2026-04-08 16:45:19.4978470 UTC-05:00] [5208:7148] [FcVpnSched  88   debug] default msg 537
[2026-04-08 16:45:19.5012377 UTC-05:00] [5208:7148] [FcVpnSched  88   debug] default msg 537
[2026-04-08 16:45:19.5039818 UTC-05:00] [5208:7148] [FcVpnSched  88   debug] default msg 537
[2026-04-08 16:45:19.5206880 UTC-05:00] [5208:7148] [FcVpnSched  88   debug] default msg 537
[2026-04-08 16:45:19.5254236 UTC-05:00] [5208:7148] [FcVpnSched  88   debug] default msg 537
[2026-04-08 16:45:19.5283903 UTC-05:00] [5208:7148] [FcVpnSched  88   debug] default msg 537
[2026-04-08 16:45:19.5309540 UTC-05:00] [5208:7148] [FcVpnSched  88   debug] default msg 537
[2026-04-08 16:45:19.5341053 UTC-05:00] [5208:7148] [FcVpnSched  88   debug] default msg 537
[2026-04-08 16:45:19.5410228 UTC-05:00] [5208:7148] [FcVpnSched  88   debug] default msg 537
[2026-04-08 16:45:24.8659630 UTC-05:00] [5208:7148] [FcVpnSched  88   debug] default msg 537
[2026-04-08 16:45:24.8767654 UTC-05:00] [5208:7148] [FcVpnSched  88   debug] default msg 537
[2026-04-08 16:45:24.9533952 UTC-05:00] [5208:7148] [FcVpnSched  88   debug] default msg 537
[2026-04-08 16:45:24.9603879 UTC-05:00] [5208:7148] [FcVpnSched  88   debug] default msg 537
[2026-04-08 16:45:29.0127419 UTC-05:00] [5208:7148] [FcVpnSched  88   debug] default msg 537
[2026-04-08 16:45:29.0181017 UTC-05:00] [5208:7148] [FcVpnSched  88   debug] default msg 537
[2026-04-08 16:45:29.0210479 UTC-05:00] [5208:7148] [FcVpnSched  88   debug] default msg 537
[2026-04-08 16:45:29.0277190 UTC-05:00] [5208:7148] [FcVpnSched  88   debug] default msg 537
[2026-04-08 16:45:29.0310859 UTC-05:00] [5208:7148] [FcVpnSched  88   debug] default msg 537
[2026-04-08 16:45:29.1570937 UTC-05:00] [5208:7148] [FcVpnSched  88   debug] default msg 537
[2026-04-08 16:45:29.1715897 UTC-05:00] [5208:7148] [FcVpnSched  88   debug] default msg 537
[2026-04-08 16:45:29.1873254 UTC-05:00] [5208:7148] [FcVpnSched  88   debug] default msg 537
[2026-04-08 16:45:29.2057815 UTC-05:00] [5208:7148] [FcVpnSched  88   debug] default msg 537
[2026-04-08 16:45:29.2211727 UTC-05:00] [5208:7148] [FcVpnSched  88   debug] default msg 537
[2026-04-08 16:45:29.2244090 UTC-05:00] [5208:7148] [FcVpnSched  88   debug] default msg 537
[2026-04-08 16:45:29.2355937 UTC-05:00] [5208:7148] [FcVpnSched  88   debug] default msg 537
[2026-04-08 16:45:39.9336810 UTC-05:00] [5208:7148] [FcVpnSched  88   debug] default msg 537
[2026-04-08 16:45:39.9402472 UTC-05:00] [5208:7148] [FcVpnSched  88   debug] default msg 537
[2026-04-08 16:45:39.9443503 UTC-05:00] [5208:7148] [FcVpnSched  88   debug] default msg 537
[2026-04-08 16:45:39.9476241 UTC-05:00] [5208:7148] [FcVpnSched  88   debug] default msg 537
[2026-04-08 16:45:43.7486694 UTC-05:00] [5208:7148] [FcVpnSched  88   debug] default msg 537
[2026-04-08 16:45:43.8682933 UTC-05:00] [5208:7148] [FcVpnSched  88   debug] default msg 537
[2026-04-08 16:45:43.8878060 UTC-05:00] [5208:7148] [FcVpnSched  88   debug] default msg 537
[2026-04-08 16:45:43.8980559 UTC-05:00] [5208:7148] [FcVpnSched  88   debug] default msg 537
[2026-04-08 16:45:43.9013226 UTC-05:00] [5208:7148] [FcVpnSched  88   debug] default msg 537
[2026-04-08 16:45:43.9044228 UTC-05:00] [5208:7148] [FcVpnSched  88   debug] default msg 537
[2026-04-08 16:45:43.9070872 UTC-05:00] [5208:7148] [FcVpnSched  88   debug] default msg 537
[2026-04-08 16:45:43.9104738 UTC-05:00] [5208:7148] [FcVpnSched  88   debug] default msg 537
[2026-04-08 16:45:50.0970602 UTC-05:00] [5208:7148] [FcVpnSched  88   debug] default msg 537
[2026-04-08 16:45:50.1030965 UTC-05:00] [5208:7148] [FcVpnSched  88   debug] default msg 537
[2026-04-08 16:45:50.1477386 UTC-05:00] [5208:7148] [FcVpnSched  88   debug] default msg 537
[2026-04-08 16:45:50.1602009 UTC-05:00] [5208:7148] [FcVpnSched  88   debug] default msg 537
[2026-04-08 16:45:51.8675230 UTC-05:00] [5208:7148] [FcVpnSched  88   debug] default msg 537
[2026-04-08 16:45:53.3684009 UTC-05:00] [5208:7148] [FcVpnSched  88   debug] default msg 537
[2026-04-08 16:45:53.3707831 UTC-05:00] [5208:7148] [FcVpnSched  88   debug] default msg 537
[2026-04-08 16:45:53.3738421 UTC-05:00] [5208:7148] [FcVpnSched  88   debug] default msg 537
[2026-04-08 16:45:53.3762793 UTC-05:00] [5208:7148] [FcVpnSched  88   debug] default msg 537
[2026-04-08 16:45:53.3784567 UTC-05:00] [5208:7148] [FcVpnSched  88   debug] default msg 537
[2026-04-08 16:45:53.3813239 UTC-05:00] [5208:7148] [FcVpnSched  88   debug] default msg 537
[2026-04-08 16:45:53.3837855 UTC-05:00] [5208:7148] [FcVpnSched  88   debug] default msg 537
[2026-04-08 16:45:53.3861235 UTC-05:00] [5208:7148] [FcVpnSched  88   debug] default msg 537
[2026-04-08 16:45:53.3924138 UTC-05:00] [5208:7148] [FcVpnSched  88   debug] default msg 537
[2026-04-08 16:45:53.3944862 UTC-05:00] [5208:7148] [FcVpnSched  88   debug] default msg 537
[2026-04-08 16:45:59.7387083 UTC-05:00] [5208:7148] [FcVpnSched  88   debug] default msg 537
[2026-04-08 16:45:59.7620558 UTC-05:00] [5208:7148] [FcVpnSched  88   debug] default msg 537
[2026-04-08 16:46:04.2848050 UTC-05:00] [5208:7148] [FcVpnSched  88   debug] default msg 537
[2026-04-08 16:46:04.3720078 UTC-05:00] [5208:7148] [FcVpnSched  88   debug] default msg 537
[2026-04-08 16:46:04.3816477 UTC-05:00] [5208:7148] [FcVpnSched  88   debug] default msg 537
[2026-04-08 16:46:04.3890418 UTC-05:00] [5208:7148] [FcVpnSched  88   debug] default msg 537
[2026-04-08 16:46:04.4026068 UTC-05:00] [5208:7148] [FcVpnSched  88   debug] default msg 537
[2026-04-08 16:46:08.0439526 UTC-05:00] [5208:7148] [FcVpnSched  88   debug] default msg 537
[2026-04-08 16:46:08.0466536 UTC-05:00] [5208:7148] [FcVpnSched  88   debug] default msg 537
[2026-04-08 16:46:08.0496772 UTC-05:00] [5208:7148] [FcVpnSched  88   debug] default msg 537
[2026-04-08 16:46:08.0515322 UTC-05:00] [5208:7148] [FcVpnSched  88   debug] default msg 537
[2026-04-08 16:46:10.3376274 UTC-05:00] [5208:7148] [FcVpnSched  88   debug] default msg 537
[2026-04-08 16:46:10.3541333 UTC-05:00] [5208:7148] [FcVpnSched  88   debug] default msg 537
[2026-04-08 16:46:10.3680521 UTC-05:00] [5208:7148] [FcVpnSched  88   debug] default msg 537
[2026-04-08 16:46:10.3743880 UTC-05:00] [5208:7148] [FcVpnSched  88   debug] default msg 537
[2026-04-08 16:46:10.3819528 UTC-05:00] [5208:7148] [FcVpnSched  88   debug] default msg 537
[2026-04-08 16:46:10.3850530 UTC-05:00] [5208:7148] [FcVpnSched  88   debug] default msg 537
[2026-04-08 16:46:10.4015238 UTC-05:00] [5208:7148] [FcVpnSched  88   debug] default msg 537
[2026-04-08 16:46:10.9899561 UTC-05:00] [5208:7148] [FcVpnSched  88   debug] default msg 537
[2026-04-08 16:46:11.0646997 UTC-05:00] [5208:7148] [FcVpnSched  88   debug] default msg 537
[2026-04-08 16:46:11.3012950 UTC-05:00] [5208:7148] [FcVpnSched  88   debug] default msg 537
[2026-04-08 16:46:11.3079742 UTC-05:00] [5208:7148] [FcVpnSched  88   debug] default msg 537
[2026-04-08 16:46:11.4557169 UTC-05:00] [5208:7148] [FcVpnSched  88   debug] default msg 537
[2026-04-08 16:46:11.4586101 UTC-05:00] [5208:7148] [FcVpnSched  88   debug] default msg 537
[2026-04-08 16:46:11.9254067 UTC-05:00] [5208:7148] [FcVpnSched  88   debug] default msg 537
[2026-04-08 16:46:12.1049729 UTC-05:00] [5208:7148] [FcVpnSched  88   debug] default msg 537
[2026-04-08 16:46:12.1108375 UTC-05:00] [5208:7148] [FcVpnSched  88   debug] default msg 537
[2026-04-08 16:46:12.1193380 UTC-05:00] [5208:7148] [FcVpnSched  88   debug] default msg 537
[2026-04-08 16:46:12.1284988 UTC-05:00] [5208:7148] [FcVpnSched  88   debug] default msg 537
[2026-04-08 16:46:12.3501699 UTC-05:00] [5208:7148] [FcVpnSched  88   debug] default msg 537
[2026-04-08 16:46:13.5373728 UTC-05:00] [5208:7148] [FcVpnSched  88   debug] default msg 537
[2026-04-08 16:46:13.5404832 UTC-05:00] [5208:7148] [FcVpnSched  88   debug] default msg 537
[2026-04-08 16:46:13.5431545 UTC-05:00] [5208:7148] [FcVpnSched  88   debug] default msg 537
[2026-04-08 16:46:13.5462499 UTC-05:00] [5208:7148] [FcVpnSched  88   debug] default msg 537
[2026-04-08 16:46:13.5494478 UTC-05:00] [5208:7148] [FcVpnSched  88   debug] default msg 537
[2026-04-08 16:46:13.5582632 UTC-05:00] [5208:7148] [FcVpnSched  88   debug] default msg 537
[2026-04-08 16:46:13.5627241 UTC-05:00] [5208:7148] [FcVpnSched  88   debug] default msg 537
[2026-04-08 16:46:13.5665499 UTC-05:00] [5208:7148] [FcVpnSched  88   debug] default msg 537
[2026-04-08 16:46:13.5937857 UTC-05:00] [5208:7148] [FcVpnSched  88   debug] default msg 537
[2026-04-08 16:46:13.5978651 UTC-05:00] [5208:7148] [FcVpnSched  88   debug] default msg 537
[2026-04-08 16:46:13.5996110 UTC-05:00] [5208:7148] [FcVpnSched  88   debug] default msg 537
[2026-04-08 16:46:13.6073716 UTC-05:00] [5208:7148] [FcVpnSched  88   debug] default msg 537
[2026-04-08 16:46:13.6103297 UTC-05:00] [5208:7148] [FcVpnSched  88   debug] default msg 537
[2026-04-08 16:46:13.6138075 UTC-05:00] [5208:7148] [FcVpnSched  88   debug] default msg 537
[2026-04-08 16:46:13.6238593 UTC-05:00] [5208:7148] [FcVpnSched  88   debug] default msg 537
[2026-04-08 16:46:13.6277332 UTC-05:00] [5208:7148] [FcVpnSched  88   debug] default msg 537
[2026-04-08 16:46:13.6324533 UTC-05:00] [5208:7148] [FcVpnSched  88   debug] default msg 537
[2026-04-08 16:46:13.6702280 UTC-05:00] [5208:7148] [FcVpnSched  88   debug] default msg 537
[2026-04-08 16:46:13.6747318 UTC-05:00] [5208:7148] [FcVpnSched  88   debug] default msg 537
[2026-04-08 16:46:13.6786628 UTC-05:00] [5208:7148] [FcVpnSched  88   debug] default msg 537
[2026-04-08 16:46:13.6854297 UTC-05:00] [5208:7148] [FcVpnSched  88   debug] default msg 537
[2026-04-08 16:46:13.6900519 UTC-05:00] [5208:7148] [FcVpnSched  88   debug] default msg 537
[2026-04-08 16:46:13.7114354 UTC-05:00] [5208:7148] [FcVpnSched  88   debug] default msg 537
[2026-04-08 16:46:13.7172315 UTC-05:00] [5208:7148] [FcVpnSched  88   debug] default msg 537
[2026-04-08 16:46:13.7218588 UTC-05:00] [5208:7148] [FcVpnSched  88   debug] default msg 537
[2026-04-08 16:46:13.7490903 UTC-05:00] [5208:7148] [FcVpnSched  88   debug] default msg 537
[2026-04-08 16:46:13.7536374 UTC-05:00] [5208:7148] [FcVpnSched  88   debug] default msg 537
[2026-04-08 16:46:13.7607732 UTC-05:00] [5208:7148] [FcVpnSched  88   debug] default msg 537
[2026-04-08 16:46:13.7674529 UTC-05:00] [5208:7148] [FcVpnSched  88   debug] default msg 537
[2026-04-08 16:46:13.7745175 UTC-05:00] [5208:7148] [FcVpnSched  88   debug] default msg 537
[2026-04-08 16:46:13.7833840 UTC-05:00] [5208:7148] [FcVpnSched  88   debug] default msg 537
[2026-04-08 16:46:13.8004603 UTC-05:00] [5208:7148] [FcVpnSched  88   debug] default msg 537
[2026-04-08 16:46:13.8088481 UTC-05:00] [5208:7148] [FcVpnSched  88   debug] default msg 537
[2026-04-08 16:46:13.8233432 UTC-05:00] [5208:7148] [FcVpnSched  88   debug] default msg 537
[2026-04-08 16:46:13.8295953 UTC-05:00] [5208:7148] [FcVpnSched  88   debug] default msg 537
[2026-04-08 16:46:13.8359183 UTC-05:00] [5208:7148] [FcVpnSched  88   debug] default msg 537
[2026-04-08 16:46:13.8471485 UTC-05:00] [5208:7148] [FcVpnSched  88   debug] default msg 537
[2026-04-08 16:46:13.8709139 UTC-05:00] [5208:7148] [FcVpnSched  88   debug] default msg 537
[2026-04-08 16:46:13.8928252 UTC-05:00] [5208:7148] [FcVpnSched  88   debug] default msg 537
[2026-04-08 16:46:13.8968784 UTC-05:00] [5208:7148] [FcVpnSched  88   debug] default msg 537
[2026-04-08 16:46:13.9020449 UTC-05:00] [5208:7148] [FcVpnSched  88   debug] default msg 537
[2026-04-08 16:46:13.9048802 UTC-05:00] [5208:7148] [FcVpnSched  88   debug] default msg 537
[2026-04-08 16:46:13.9086401 UTC-05:00] [5208:7148] [FcVpnSched  88   debug] default msg 537
[2026-04-08 16:46:13.9115912 UTC-05:00] [5208:7148] [FcVpnSched  88   debug] default msg 537
[2026-04-08 16:46:13.9139183 UTC-05:00] [5208:7148] [FcVpnSched  88   debug] default msg 537
[2026-04-08 16:46:16.1504298 UTC-05:00] [5208:7148] [FcVpnSched  88   debug] default msg 537
[2026-04-08 16:46:16.1551937 UTC-05:00] [5208:7148] [FcVpnSched  88   debug] default msg 537
[2026-04-08 16:46:18.2882788 UTC-05:00] [5208:7148] [FcVpnSched  88   debug] default msg 537
[2026-04-08 16:46:18.3013270 UTC-05:00] [5208:7148] [FcVpnSched  88   debug] default msg 537
[2026-04-08 16:46:19.4133540 UTC-05:00] [5208:7148] [FcVpnSched  88   debug] default msg 537
[2026-04-08 16:46:19.6096926 UTC-05:00] [5208:7148] [FcVpnSched  88   debug] default msg 537
[2026-04-08 16:46:19.9614455 UTC-05:00] [5208:7148] [FcVpnSched  88   debug] default msg 537
[2026-04-08 16:46:19.9846535 UTC-05:00] [5208:7148] [FcVpnSched  88   debug] default msg 537
[2026-04-08 16:46:20.0000651 UTC-05:00] [5208:7148] [FcVpnSched  88   debug] default msg 537
[2026-04-08 16:46:20.1062266 UTC-05:00] [5208:7148] [FcVpnSched  88   debug] default msg 537
[2026-04-08 16:46:20.1671717 UTC-05:00] [5208:7148] [FcVpnSched  88   debug] default msg 537
[2026-04-08 16:46:21.0383265 UTC-05:00] [5208:7148] [FcVpnSched  88   debug] default msg 537
[2026-04-08 16:46:21.2614627 UTC-05:00] [5208:7148] [FcVpnSched  88   debug] default msg 537
[2026-04-08 16:46:21.2727750 UTC-05:00] [5208:7148] [FcVpnSched  88   debug] default msg 537
[2026-04-08 16:46:21.2771167 UTC-05:00] [5208:7148] [FcVpnSched  88   debug] default msg 537
[2026-04-08 16:46:23.8061820 UTC-05:00] [5208:7148] [FcVpnSched  88   debug] default msg 537
[2026-04-08 16:46:30.1614460 UTC-05:00] [5208:1928] [FcVpnSched  806   debug] received FabricChanged message
[2026-04-08 16:46:32.3880121 UTC-05:00] [5208:7148] [FcVpnSched  88   debug] default msg 537
[2026-04-08 16:46:32.3941960 UTC-05:00] [5208:7148] [FcVpnSched  88   debug] default msg 537
[2026-04-08 16:46:32.3977066 UTC-05:00] [5208:7148] [FcVpnSched  88   debug] default msg 537
[2026-04-08 16:46:32.5822047 UTC-05:00] [5208:7148] [FcVpnSched  88   debug] default msg 537
[2026-04-08 16:46:36.2434964 UTC-05:00] [5208:7148] [FcVpnSched  88   debug] default msg 537
[2026-04-08 16:46:36.2468811 UTC-05:00] [5208:7148] [FcVpnSched  88   debug] default msg 537
[2026-04-08 16:46:36.2493185 UTC-05:00] [5208:7148] [FcVpnSched  88   debug] default msg 537
[2026-04-08 16:46:36.2517071 UTC-05:00] [5208:7148] [FcVpnSched  88   debug] default msg 537
[2026-04-08 16:46:39.9472574 UTC-05:00] [5208:7148] [FcVpnSched  88   debug] default msg 537
[2026-04-08 16:46:39.9586103 UTC-05:00] [5208:7148] [FcVpnSched  88   debug] default msg 537
[2026-04-08 16:46:41.0447223 UTC-05:00] [5208:7148] [FcVpnSched  88   debug] default msg 537
[2026-04-08 16:46:41.0884190 UTC-05:00] [5208:7148] [FcVpnSched  88   debug] default msg 537
[2026-04-08 16:46:41.0926550 UTC-05:00] [5208:7148] [FcVpnSched  88   debug] default msg 537
[2026-04-08 16:46:41.0978169 UTC-05:00] [5208:7148] [FcVpnSched  88   debug] default msg 537
[2026-04-08 16:46:41.1046557 UTC-05:00] [5208:7148] [FcVpnSched  88   debug] default msg 537
[2026-04-08 16:46:41.1264135 UTC-05:00] [5208:7148] [FcVpnSched  88   debug] default msg 537
[2026-04-08 16:46:41.1618626 UTC-05:00] [5208:7148] [FcVpnSched  88   debug] default msg 537
[2026-04-08 16:46:41.1696262 UTC-05:00] [5208:7148] [FcVpnSched  88   debug] default msg 537
[2026-04-08 16:46:41.1866398 UTC-05:00] [5208:7148] [FcVpnSched  88   debug] default msg 537
[2026-04-08 16:46:43.4359297 UTC-05:00] [5208:7148] [FcVpnSched  88   debug] default msg 537
[2026-04-08 16:46:43.4435601 UTC-05:00] [5208:7148] [FcVpnSched  88   debug] default msg 537
[2026-04-08 16:46:44.0304183 UTC-05:00] [5208:7148] [FcVpnSched  88   debug] default msg 537
[2026-04-08 16:46:44.0340645 UTC-05:00] [5208:7148] [FcVpnSched  88   debug] default msg 537
[2026-04-08 16:46:44.0387214 UTC-05:00] [5208:7148] [FcVpnSched  88   debug] default msg 537
[2026-04-08 16:46:44.0426654 UTC-05:00] [5208:7148] [FcVpnSched  88   debug] default msg 537
[2026-04-08 16:46:44.0594037 UTC-05:00] [5208:7148] [FcVpnSched  88   debug] default msg 537
[2026-04-08 16:46:44.0677420 UTC-05:00] [5208:7148] [FcVpnSched  88   debug] default msg 537
[2026-04-08 16:46:44.1767115 UTC-05:00] [5208:7148] [FcVpnSched  88   debug] default msg 537
[2026-04-08 16:46:44.1849760 UTC-05:00] [5208:7148] [FcVpnSched  88   debug] default msg 537
[2026-04-08 16:46:44.1896402 UTC-05:00] [5208:7148] [FcVpnSched  88   debug] default msg 537
[2026-04-08 16:46:44.2030541 UTC-05:00] [5208:7148] [FcVpnSched  88   debug] default msg 537
[2026-04-08 16:46:47.6794140 UTC-05:00] [5208:7148] [FcVpnSched  88   debug] default msg 537
[2026-04-08 16:46:47.9747278 UTC-05:00] [5208:7148] [FcVpnSched  88   debug] default msg 537
[2026-04-08 16:46:48.0771368 UTC-05:00] [5208:7148] [FcVpnSched  88   debug] default msg 537
[2026-04-08 16:46:52.8273211 UTC-05:00] [5208:7148] [FcVpnSched  88   debug] default msg 537
[2026-04-08 16:46:52.8324883 UTC-05:00] [5208:7148] [FcVpnSched  88   debug] default msg 537
[2026-04-08 16:46:52.9600010 UTC-05:00] [5208:7148] [FcVpnSched  88   debug] default msg 537
[2026-04-08 16:46:52.9764688 UTC-05:00] [5208:7148] [FcVpnSched  88   debug] default msg 537
[2026-04-08 16:46:52.9891253 UTC-05:00] [5208:7148] [FcVpnSched  88   debug] default msg 537
[2026-04-08 16:46:56.3780556 UTC-05:00] [5208:7148] [FcVpnSched  88   debug] default msg 537
[2026-04-08 16:46:56.3824116 UTC-05:00] [5208:7148] [FcVpnSched  88   debug] default msg 537
[2026-04-08 16:46:56.4130532 UTC-05:00] [5208:7148] [FcVpnSched  88   debug] default msg 537
[2026-04-08 16:46:56.7400280 UTC-05:00] [5208:7148] [FcVpnSched  88   debug] default msg 537
[2026-04-08 16:46:56.7459637 UTC-05:00] [5208:7148] [FcVpnSched  88   debug] default msg 537
[2026-04-08 16:46:57.2974023 UTC-05:00] [5208:7148] [FcVpnSched  88   debug] default msg 537
[2026-04-08 16:46:57.3024085 UTC-05:00] [5208:7148] [FcVpnSched  88   debug] default msg 537
[2026-04-08 16:46:57.3075079 UTC-05:00] [5208:7148] [FcVpnSched  88   debug] default msg 537
[2026-04-08 16:46:57.3111052 UTC-05:00] [5208:7148] [FcVpnSched  88   debug] default msg 537
[2026-04-08 16:46:57.3166211 UTC-05:00] [5208:7148] [FcVpnSched  88   debug] default msg 537
[2026-04-08 16:46:57.3328601 UTC-05:00] [5208:7148] [FcVpnSched  88   debug] default msg 537
[2026-04-08 16:46:57.3337303 UTC-05:00] [5208:7148] [FcVpnSched  88   debug] default msg 537
[2026-04-08 16:47:02.6871246 UTC-05:00] [5208:7148] [FcVpnSched  88   debug] default msg 537
[2026-04-08 16:47:02.7061357 UTC-05:00] [5208:7148] [FcVpnSched  88   debug] default msg 537
[2026-04-08 16:47:02.7102814 UTC-05:00] [5208:7148] [FcVpnSched  88   debug] default msg 537
[2026-04-08 16:47:02.7346028 UTC-05:00] [5208:7148] [FcVpnSched  88   debug] default msg 537
[2026-04-08 16:47:02.8311945 UTC-05:00] [5208:7148] [FcVpnSched  88   debug] default msg 537
[2026-04-08 16:47:04.5818551 UTC-05:00] [5208:7148] [FcVpnSched  88   debug] default msg 537
[2026-04-08 16:47:04.5842622 UTC-05:00] [5208:7148] [FcVpnSched  88   debug] default msg 537
[2026-04-08 16:47:05.5236213 UTC-05:00] [5208:7148] [FcVpnSched  88   debug] default msg 537
[2026-04-08 16:47:12.1918116 UTC-05:00] [5208:7148] [FcVpnSched  88   debug] default msg 537
[2026-04-08 16:47:12.1974387 UTC-05:00] [5208:7148] [FcVpnSched  88   debug] default msg 537
[2026-04-08 16:47:12.2006633 UTC-05:00] [5208:7148] [FcVpnSched  88   debug] default msg 537
[2026-04-08 16:47:12.2968253 UTC-05:00] [5208:7148] [FcVpnSched  88   debug] default msg 537
[2026-04-08 16:47:12.3221765 UTC-05:00] [5208:7148] [FcVpnSched  88   debug] default msg 537
[2026-04-08 16:47:15.1929590 UTC-05:00] [5208:7148] [FcVpnSched  88   debug] default msg 537
[2026-04-08 16:47:15.1953200 UTC-05:00] [5208:7148] [FcVpnSched  88   debug] default msg 537
[2026-04-08 16:47:15.1983415 UTC-05:00] [5208:7148] [FcVpnSched  88   debug] default msg 537
[2026-04-08 16:47:15.2008727 UTC-05:00] [5208:7148] [FcVpnSched  88   debug] default msg 537
[2026-04-08 16:47:15.2040960 UTC-05:00] [5208:7148] [FcVpnSched  88   debug] default msg 537
[2026-04-08 16:47:30.7038177 UTC-05:00] [5208:1928] [FcVpnSched  806   debug] received FabricChanged message
[2026-04-08 16:48:09.4839976 UTC-05:00] [5208:7148] [FcVpnSched  88   debug] default msg 537
[2026-04-08 16:48:13.5034682 UTC-05:00] [5208:1928] [FcVpnSched  806   debug] received FabricChanged message
[2026-04-08 16:49:15.7044601 UTC-05:00] [5208:1928] [FcVpnSched  806   debug] received FabricChanged message
[2026-04-08 16:50:11.1797319 UTC-05:00] [5208:7148] [FcVpnSched  88   debug] default msg 537
[2026-04-08 16:50:11.2054498 UTC-05:00] [5208:7148] [FcVpnSched  88   debug] default msg 537
[2026-04-08 16:50:11.2083910 UTC-05:00] [5208:7148] [FcVpnSched  88   debug] default msg 537
[2026-04-08 16:50:11.2120175 UTC-05:00] [5208:7148] [FcVpnSched  88   debug] default msg 537
[2026-04-08 16:50:11.2163221 UTC-05:00] [5208:7148] [FcVpnSched  88   debug] default msg 537
[2026-04-08 16:50:13.6407867 UTC-05:00] [5208:7148] [FcVpnSched  88   debug] default msg 537
[2026-04-08 16:50:13.6429599 UTC-05:00] [5208:7148] [FcVpnSched  88   debug] default msg 537
[2026-04-08 16:50:13.6470989 UTC-05:00] [5208:7148] [FcVpnSched  88   debug] default msg 537
[2026-04-08 16:50:13.6584951 UTC-05:00] [5208:7148] [FcVpnSched  88   debug] default msg 537
[2026-04-08 16:50:13.6631144 UTC-05:00] [5208:7148] [FcVpnSched  88   debug] default msg 537
[2026-04-08 16:50:15.9704432 UTC-05:00] [5208:7148] [FcVpnSched  88   debug] default msg 26
[2026-04-08 16:50:17.6936355 UTC-05:00] [5208:7148] [FcVpnSched  88   debug] default msg 537
[2026-04-08 16:50:17.6970142 UTC-05:00] [5208:7148] [FcVpnSched  88   debug] default msg 537
[2026-04-08 16:50:17.9376696 UTC-05:00] [5208:7148] [FcVpnSched  88   debug] default msg 537
[2026-04-08 16:50:17.9409976 UTC-05:00] [5208:7148] [FcVpnSched  88   debug] default msg 537
[2026-04-08 16:50:18.7276380 UTC-05:00] [5208:7148] [FcVpnSched  88   debug] default msg 537
[2026-04-08 16:50:18.7305806 UTC-05:00] [5208:7148] [FcVpnSched  88   debug] default msg 537
[2026-04-08 16:50:19.1551014 UTC-05:00] [5208:7148] [FcVpnSched  88   debug] default msg 537
[2026-04-08 16:50:19.3010780 UTC-05:00] [5208:7148] [FcVpnSched  88   debug] default msg 537
[2026-04-08 16:50:19.3180207 UTC-05:00] [5208:7148] [FcVpnSched  88   debug] default msg 537
[2026-04-08 16:50:23.5411560 UTC-05:00] [5208:7148] [FcVpnSched  88   debug] default msg 537
[2026-04-08 16:50:23.7241065 UTC-05:00] [5208:7148] [FcVpnSched  88   debug] default msg 537
[2026-04-08 17:06:45.5021217 UTC-05:00] [5208:7148] [FcVpnSched  88   debug] default msg 26
[2026-04-08 17:06:45.7583646 UTC-05:00] [5208:7148] [FcVpnSched  88   debug] default msg 26
[2026-04-08 17:06:45.9808115 UTC-05:00] [5208:7148] [FcVpnSched  88   debug] default msg 26
[2026-04-08 17:06:46.3002572 UTC-05:00] [5208:7148] [FcVpnSched  88   debug] default msg 26
[2026-04-08 17:06:46.5191970 UTC-05:00] [5208:7148] [FcVpnSched  88   debug] default msg 26
[2026-04-08 17:06:46.9740303 UTC-05:00] [5208:7148] [FcVpnSched  88   debug] default msg 26
[2026-04-08 17:06:47.3986647 UTC-05:00] [5208:7148] [FcVpnSched  88   debug] default msg 26
[2026-04-08 17:06:47.7366760 UTC-05:00] [5208:7148] [FcVpnSched  88   debug] default msg 26
[2026-04-08 17:15:51.3786337 UTC-05:00] [5208:7148] [FcVpnSched  88   debug] default msg 26
[2026-04-08 17:15:51.6422112 UTC-05:00] [5208:7148] [FcVpnSched  88   debug] default msg 26
[2026-04-08 18:14:45.7034911 UTC-05:00] [5208:7148] [FcVpnSched  88   debug] default msg 26
[2026-04-08 18:14:45.9607925 UTC-05:00] [5208:7148] [FcVpnSched  88   debug] default msg 26
[2026-04-08 18:14:46.2321799 UTC-05:00] [5208:7148] [FcVpnSched  88   debug] default msg 26
[2026-04-08 18:14:46.5664518 UTC-05:00] [5208:7148] [FcVpnSched  88   debug] default msg 26
[2026-04-08 18:14:46.8624865 UTC-05:00] [5208:7148] [FcVpnSched  88   debug] default msg 26
[2026-04-08 18:14:47.3239556 UTC-05:00] [5208:7148] [FcVpnSched  88   debug] default msg 26
[2026-04-08 18:14:47.7266878 UTC-05:00] [5208:7148] [FcVpnSched  88   debug] default msg 26
[2026-04-08 18:14:48.0606947 UTC-05:00] [5208:7148] [FcVpnSched  88   debug] default msg 26
[2026-04-08 18:27:01.8785149 UTC-05:00] [5208:7148] [FcVpnSched  88   debug] default msg 30
[2026-04-08 18:27:01.9928451 UTC-05:00] [5208:7148] [FcVpnSched  88   debug] default msg 26
[2026-04-08 18:27:01.9958804 UTC-05:00] [5208:7148] [FcVpnSched  88   debug] default msg 26
[2026-04-08 18:27:01.9982830 UTC-05:00] [5208:7148] [FcVpnSched  88   debug] default msg 26
[2026-04-08 18:27:02.0006681 UTC-05:00] [5208:7148] [FcVpnSched  88   debug] default msg 26
[2026-04-08 18:27:02.0030013 UTC-05:00] [5208:7148] [FcVpnSched  88   debug] default msg 26
[2026-04-08 18:27:02.0052994 UTC-05:00] [5208:7148] [FcVpnSched  88   debug] default msg 26
[2026-04-08 18:27:02.0077457 UTC-05:00] [5208:7148] [FcVpnSched  88   debug] default msg 26
[2026-04-08 18:27:02.0102880 UTC-05:00] [5208:7148] [FcVpnSched  88   debug] default msg 26
[2026-04-08 18:27:02.0126112 UTC-05:00] [5208:7148] [FcVpnSched  88   debug] default msg 26
[2026-04-08 18:27:02.0148639 UTC-05:00] [5208:7148] [FcVpnSched  88   debug] default msg 26
[2026-04-08 18:27:02.0171043 UTC-05:00] [5208:7148] [FcVpnSched  88   debug] default msg 26
[2026-04-08 18:27:02.0193817 UTC-05:00] [5208:7148] [FcVpnSched  88   debug] default msg 26
[2026-04-08 18:27:02.0217544 UTC-05:00] [5208:7148] [FcVpnSched  88   debug] default msg 26
[2026-04-08 18:27:02.0249445 UTC-05:00] [5208:7148] [FcVpnSched  88   debug] default msg 26
[2026-04-08 18:27:02.0285104 UTC-05:00] [5208:7148] [FcVpnSched  88   debug] default msg 26
[2026-04-08 18:27:02.0313095 UTC-05:00] [5208:7148] [FcVpnSched  88   debug] default msg 26
[2026-04-08 18:27:02.0339495 UTC-05:00] [5208:7148] [FcVpnSched  88   debug] default msg 26
[2026-04-08 18:27:02.0365731 UTC-05:00] [5208:7148] [FcVpnSched  88   debug] default msg 26
[2026-04-08 18:27:02.0396241 UTC-05:00] [5208:7148] [FcVpnSched  88   debug] default msg 26
[2026-04-08 18:27:02.0425449 UTC-05:00] [5208:7148] [FcVpnSched  88   debug] default msg 26
[2026-04-08 18:27:02.0449690 UTC-05:00] [5208:7148] [FcVpnSched  88   debug] default msg 26
[2026-04-08 18:27:02.0473971 UTC-05:00] [5208:7148] [FcVpnSched  88   debug] default msg 26
[2026-04-08 18:27:02.0497673 UTC-05:00] [5208:7148] [FcVpnSched  88   debug] default msg 26
[2026-04-08 18:27:02.0521688 UTC-05:00] [5208:7148] [FcVpnSched  88   debug] default msg 26
[2026-04-08 18:27:02.0546228 UTC-05:00] [5208:7148] [FcVpnSched  88   debug] default msg 26
[2026-04-08 18:27:02.0570305 UTC-05:00] [5208:7148] [FcVpnSched  88   debug] default msg 26
[2026-04-08 18:27:02.0593881 UTC-05:00] [5208:7148] [FcVpnSched  88   debug] default msg 26
[2026-04-08 18:27:02.0616222 UTC-05:00] [5208:7148] [FcVpnSched  88   debug] default msg 26
[2026-04-08 18:27:02.0638558 UTC-05:00] [5208:7148] [FcVpnSched  88   debug] default msg 26
[2026-04-08 18:27:02.0660623 UTC-05:00] [5208:7148] [FcVpnSched  88   debug] default msg 26
[2026-04-08 18:27:02.0682440 UTC-05:00] [5208:7148] [FcVpnSched  88   debug] default msg 26
[2026-04-08 18:27:02.0708278 UTC-05:00] [5208:7148] [FcVpnSched  88   debug] default msg 26
[2026-04-08 18:27:02.0731809 UTC-05:00] [5208:7148] [FcVpnSched  88   debug] default msg 26
[2026-04-08 18:27:02.0754745 UTC-05:00] [5208:7148] [FcVpnSched  88   debug] default msg 26
[2026-04-08 18:27:02.0777130 UTC-05:00] [5208:7148] [FcVpnSched  88   debug] default msg 26
[2026-04-08 18:27:02.0799021 UTC-05:00] [5208:7148] [FcVpnSched  88   debug] default msg 26
[2026-04-08 18:27:02.0821492 UTC-05:00] [5208:7148] [FcVpnSched  88   debug] default msg 26
[2026-04-08 18:27:02.0842885 UTC-05:00] [5208:7148] [FcVpnSched  88   debug] default msg 26
[2026-04-08 18:27:02.0975936 UTC-05:00] [5208:7148] [FcVpnSched  88   debug] default msg 26
[2026-04-08 18:27:02.1012157 UTC-05:00] [5208:7148] [FcVpnSched  88   debug] default msg 26
[2026-04-08 18:27:02.1040144 UTC-05:00] [5208:7148] [FcVpnSched  88   debug] default msg 26
[2026-04-08 18:27:02.1065854 UTC-05:00] [5208:7148] [FcVpnSched  88   debug] default msg 26
[2026-04-08 18:27:02.1090633 UTC-05:00] [5208:7148] [FcVpnSched  88   debug] default msg 26
[2026-04-08 18:27:02.1115557 UTC-05:00] [5208:7148] [FcVpnSched  88   debug] default msg 26
[2026-04-08 18:27:02.1140804 UTC-05:00] [5208:7148] [FcVpnSched  88   debug] default msg 26
[2026-04-08 18:27:02.1171060 UTC-05:00] [5208:7148] [FcVpnSched  88   debug] default msg 26
[2026-04-08 18:27:02.1198984 UTC-05:00] [5208:7148] [FcVpnSched  88   debug] default msg 26
[2026-04-08 18:27:02.1224779 UTC-05:00] [5208:7148] [FcVpnSched  88   debug] default msg 26
[2026-04-08 18:27:02.1250468 UTC-05:00] [5208:7148] [FcVpnSched  88   debug] default msg 26
[2026-04-08 18:27:02.1275661 UTC-05:00] [5208:7148] [FcVpnSched  88   debug] default msg 26
[2026-04-08 18:27:02.1300122 UTC-05:00] [5208:7148] [FcVpnSched  88   debug] default msg 26
[2026-04-08 18:27:02.1325592 UTC-05:00] [5208:7148] [FcVpnSched  88   debug] default msg 26
[2026-04-08 18:27:02.1353890 UTC-05:00] [5208:7148] [FcVpnSched  88   debug] default msg 26
[2026-04-08 18:27:02.1379226 UTC-05:00] [5208:7148] [FcVpnSched  88   debug] default msg 26
[2026-04-08 18:27:02.1404731 UTC-05:00] [5208:7148] [FcVpnSched  88   debug] default msg 26
[2026-04-08 18:27:02.1429754 UTC-05:00] [5208:7148] [FcVpnSched  88   debug] default msg 26
[2026-04-08 18:27:02.3000928 UTC-05:00] [5208:7148] [FcVpnSched  88   debug] default msg 26
[2026-04-08 18:27:02.3046246 UTC-05:00] [5208:7148] [FcVpnSched  88   debug] default msg 26
[2026-04-08 18:27:02.3077386 UTC-05:00] [5208:7148] [FcVpnSched  88   debug] default msg 26
[2026-04-08 18:27:02.3107026 UTC-05:00] [5208:7148] [FcVpnSched  88   debug] default msg 26
[2026-04-08 18:27:02.3136828 UTC-05:00] [5208:7148] [FcVpnSched  88   debug] default msg 26
[2026-04-08 18:27:02.3166660 UTC-05:00] [5208:7148] [FcVpnSched  88   debug] default msg 26
[2026-04-08 18:27:02.3196155 UTC-05:00] [5208:7148] [FcVpnSched  88   debug] default msg 26
[2026-04-08 18:27:02.3227122 UTC-05:00] [5208:7148] [FcVpnSched  88   debug] default msg 26
[2026-04-08 18:27:02.3256001 UTC-05:00] [5208:7148] [FcVpnSched  88   debug] default msg 26
[2026-04-08 18:27:02.3282889 UTC-05:00] [5208:7148] [FcVpnSched  88   debug] default msg 26
[2026-04-08 18:27:02.3308920 UTC-05:00] [5208:7148] [FcVpnSched  88   debug] default msg 26
[2026-04-08 18:27:02.3334730 UTC-05:00] [5208:7148] [FcVpnSched  88   debug] default msg 26
[2026-04-08 18:27:02.3360642 UTC-05:00] [5208:7148] [FcVpnSched  88   debug] default msg 26
[2026-04-08 18:27:02.3389525 UTC-05:00] [5208:7148] [FcVpnSched  88   debug] default msg 26
[2026-04-08 18:27:02.3422311 UTC-05:00] [5208:7148] [FcVpnSched  88   debug] default msg 26
[2026-04-08 18:27:02.3454092 UTC-05:00] [5208:7148] [FcVpnSched  88   debug] default msg 26
[2026-04-08 18:27:02.3482170 UTC-05:00] [5208:7148] [FcVpnSched  88   debug] default msg 26
[2026-04-08 18:27:02.3510207 UTC-05:00] [5208:7148] [FcVpnSched  88   debug] default msg 26
[2026-04-08 18:27:02.3537584 UTC-05:00] [5208:7148] [FcVpnSched  88   debug] default msg 26
[2026-04-08 18:27:02.3565388 UTC-05:00] [5208:7148] [FcVpnSched  88   debug] default msg 26
[2026-04-08 18:27:02.3593182 UTC-05:00] [5208:7148] [FcVpnSched  88   debug] default msg 26
[2026-04-08 18:27:02.3620464 UTC-05:00] [5208:7148] [FcVpnSched  88   debug] default msg 26
[2026-04-08 18:27:02.3647581 UTC-05:00] [5208:7148] [FcVpnSched  88   debug] default msg 26
[2026-04-08 18:27:02.3674507 UTC-05:00] [5208:7148] [FcVpnSched  88   debug] default msg 26
[2026-04-08 18:27:02.3707219 UTC-05:00] [5208:7148] [FcVpnSched  88   debug] default msg 26
[2026-04-08 18:27:02.3743723 UTC-05:00] [5208:7148] [FcVpnSched  88   debug] default msg 26
[2026-04-08 18:27:02.3778323 UTC-05:00] [5208:7148] [FcVpnSched  88   debug] default msg 26
[2026-04-08 18:27:02.3805787 UTC-05:00] [5208:7148] [FcVpnSched  88   debug] default msg 26
[2026-04-08 18:27:02.3833032 UTC-05:00] [5208:7148] [FcVpnSched  88   debug] default msg 26
[2026-04-08 18:27:02.3859296 UTC-05:00] [5208:7148] [FcVpnSched  88   debug] default msg 26
[2026-04-08 18:27:02.3885374 UTC-05:00] [5208:7148] [FcVpnSched  88   debug] default msg 26
[2026-04-08 18:27:02.3909960 UTC-05:00] [5208:7148] [FcVpnSched  88   debug] default msg 26
[2026-04-08 19:07:51.7752340 UTC-05:00] [5208:7148] [FcVpnSched  88   debug] default msg 26
[2026-04-08 19:07:52.0864704 UTC-05:00] [5208:7148] [FcVpnSched  88   debug] default msg 26
[2026-04-08 19:22:45.5539001 UTC-05:00] [5208:7148] [FcVpnSched  88   debug] default msg 26
[2026-04-08 19:22:45.7876511 UTC-05:00] [5208:7148] [FcVpnSched  88   debug] default msg 26
[2026-04-08 19:22:46.0333972 UTC-05:00] [5208:7148] [FcVpnSched  88   debug] default msg 26
[2026-04-08 19:22:46.3624887 UTC-05:00] [5208:7148] [FcVpnSched  88   debug] default msg 26
[2026-04-08 19:22:46.5850622 UTC-05:00] [5208:7148] [FcVpnSched  88   debug] default msg 26
[2026-04-08 19:22:47.0413259 UTC-05:00] [5208:7148] [FcVpnSched  88   debug] default msg 26
[2026-04-08 19:22:47.4341285 UTC-05:00] [5208:7148] [FcVpnSched  88   debug] default msg 26
[2026-04-08 19:22:47.7443582 UTC-05:00] [5208:7148] [FcVpnSched  88   debug] default msg 26
[2026-04-08 20:30:45.8618162 UTC-05:00] [5208:7148] [FcVpnSched  88   debug] default msg 26
[2026-04-08 20:30:46.1020851 UTC-05:00] [5208:7148] [FcVpnSched  88   debug] default msg 26
[2026-04-08 20:30:46.3539060 UTC-05:00] [5208:7148] [FcVpnSched  88   debug] default msg 26
[2026-04-08 20:30:46.6874217 UTC-05:00] [5208:7148] [FcVpnSched  88   debug] default msg 26
[2026-04-08 20:30:46.9098993 UTC-05:00] [5208:7148] [FcVpnSched  88   debug] default msg 26
[2026-04-08 20:30:47.3542216 UTC-05:00] [5208:7148] [FcVpnSched  88   debug] default msg 26
[2026-04-08 20:30:47.7743127 UTC-05:00] [5208:7148] [FcVpnSched  88   debug] default msg 26
[2026-04-08 20:30:48.0898258 UTC-05:00] [5208:7148] [FcVpnSched  88   debug] default msg 26
[2026-04-08 20:59:50.8786794 UTC-05:00] [5208:7148] [FcVpnSched  88   debug] default msg 26
[2026-04-08 20:59:51.1892417 UTC-05:00] [5208:7148] [FcVpnSched  88   debug] default msg 26
[2026-04-08 21:38:45.0471690 UTC-05:00] [5208:7148] [FcVpnSched  88   debug] default msg 26
[2026-04-08 21:38:45.2750615 UTC-05:00] [5208:7148] [FcVpnSched  88   debug] default msg 26
[2026-04-08 21:38:45.5283396 UTC-05:00] [5208:7148] [FcVpnSched  88   debug] default msg 26
[2026-04-08 21:38:45.8408354 UTC-05:00] [5208:7148] [FcVpnSched  88   debug] default msg 26
[2026-04-08 21:38:46.0588339 UTC-05:00] [5208:7148] [FcVpnSched  88   debug] default msg 26
[2026-04-08 21:38:46.4928066 UTC-05:00] [5208:7148] [FcVpnSched  88   debug] default msg 26
[2026-04-08 21:38:46.9073775 UTC-05:00] [5208:7148] [FcVpnSched  88   debug] default msg 26
[2026-04-08 21:38:47.2179988 UTC-05:00] [5208:7148] [FcVpnSched  88   debug] default msg 26
[2026-04-08 22:17:02.6026996 UTC-05:00] [5208:7148] [FcVpnSched  88   debug] default msg 30
[2026-04-08 22:17:02.7244834 UTC-05:00] [5208:7148] [FcVpnSched  88   debug] default msg 26
[2026-04-08 22:17:02.7275410 UTC-05:00] [5208:7148] [FcVpnSched  88   debug] default msg 26
[2026-04-08 22:17:02.7308746 UTC-05:00] [5208:7148] [FcVpnSched  88   debug] default msg 26
[2026-04-08 22:17:02.7343089 UTC-05:00] [5208:7148] [FcVpnSched  88   debug] default msg 26
[2026-04-08 22:17:02.7372543 UTC-05:00] [5208:7148] [FcVpnSched  88   debug] default msg 26
[2026-04-08 22:17:02.7399425 UTC-05:00] [5208:7148] [FcVpnSched  88   debug] default msg 26
[2026-04-08 22:17:02.7429022 UTC-05:00] [5208:7148] [FcVpnSched  88   debug] default msg 26
[2026-04-08 22:17:02.7460493 UTC-05:00] [5208:7148] [FcVpnSched  88   debug] default msg 26
[2026-04-08 22:17:02.7489947 UTC-05:00] [5208:7148] [FcVpnSched  88   debug] default msg 26
[2026-04-08 22:17:02.7516932 UTC-05:00] [5208:7148] [FcVpnSched  88   debug] default msg 26
[2026-04-08 22:17:02.7545298 UTC-05:00] [5208:7148] [FcVpnSched  88   debug] default msg 26
[2026-04-08 22:17:02.7573297 UTC-05:00] [5208:7148] [FcVpnSched  88   debug] default msg 26
[2026-04-08 22:17:02.7601781 UTC-05:00] [5208:7148] [FcVpnSched  88   debug] default msg 26
[2026-04-08 22:17:02.7632158 UTC-05:00] [5208:7148] [FcVpnSched  88   debug] default msg 26
[2026-04-08 22:17:02.7659782 UTC-05:00] [5208:7148] [FcVpnSched  88   debug] default msg 26
[2026-04-08 22:17:02.7686152 UTC-05:00] [5208:7148] [FcVpnSched  88   debug] default msg 26
[2026-04-08 22:17:02.7711645 UTC-05:00] [5208:7148] [FcVpnSched  88   debug] default msg 26
[2026-04-08 22:17:02.7735710 UTC-05:00] [5208:7148] [FcVpnSched  88   debug] default msg 26
[2026-04-08 22:17:02.7758353 UTC-05:00] [5208:7148] [FcVpnSched  88   debug] default msg 26
[2026-04-08 22:17:02.7786991 UTC-05:00] [5208:7148] [FcVpnSched  88   debug] default msg 26
[2026-04-08 22:17:02.7814768 UTC-05:00] [5208:7148] [FcVpnSched  88   debug] default msg 26
[2026-04-08 22:17:02.7840069 UTC-05:00] [5208:7148] [FcVpnSched  88   debug] default msg 26
[2026-04-08 22:17:02.7863138 UTC-05:00] [5208:7148] [FcVpnSched  88   debug] default msg 26
[2026-04-08 22:17:02.7887107 UTC-05:00] [5208:7148] [FcVpnSched  88   debug] default msg 26
[2026-04-08 22:17:02.7912807 UTC-05:00] [5208:7148] [FcVpnSched  88   debug] default msg 26
[2026-04-08 22:17:02.7938868 UTC-05:00] [5208:7148] [FcVpnSched  88   debug] default msg 26
[2026-04-08 22:17:02.7970311 UTC-05:00] [5208:7148] [FcVpnSched  88   debug] default msg 26
[2026-04-08 22:17:02.7994854 UTC-05:00] [5208:7148] [FcVpnSched  88   debug] default msg 26
[2026-04-08 22:17:02.8021279 UTC-05:00] [5208:7148] [FcVpnSched  88   debug] default msg 26
[2026-04-08 22:17:02.8046391 UTC-05:00] [5208:7148] [FcVpnSched  88   debug] default msg 26
[2026-04-08 22:17:02.8071030 UTC-05:00] [5208:7148] [FcVpnSched  88   debug] default msg 26
[2026-04-08 22:17:02.8098299 UTC-05:00] [5208:7148] [FcVpnSched  88   debug] default msg 26
[2026-04-08 22:17:02.8128829 UTC-05:00] [5208:7148] [FcVpnSched  88   debug] default msg 26
[2026-04-08 22:17:02.8155785 UTC-05:00] [5208:7148] [FcVpnSched  88   debug] default msg 26
[2026-04-08 22:17:02.8181628 UTC-05:00] [5208:7148] [FcVpnSched  88   debug] default msg 26
[2026-04-08 22:17:02.8205613 UTC-05:00] [5208:7148] [FcVpnSched  88   debug] default msg 26
[2026-04-08 22:17:02.8228607 UTC-05:00] [5208:7148] [FcVpnSched  88   debug] default msg 26
[2026-04-08 22:17:02.8261997 UTC-05:00] [5208:7148] [FcVpnSched  88   debug] default msg 26
[2026-04-08 22:17:02.8295742 UTC-05:00] [5208:7148] [FcVpnSched  88   debug] default msg 26
[2026-04-08 22:17:02.8321606 UTC-05:00] [5208:7148] [FcVpnSched  88   debug] default msg 26
[2026-04-08 22:17:02.8344838 UTC-05:00] [5208:7148] [FcVpnSched  88   debug] default msg 26
[2026-04-08 22:17:02.8371001 UTC-05:00] [5208:7148] [FcVpnSched  88   debug] default msg 26
[2026-04-08 22:17:02.8395741 UTC-05:00] [5208:7148] [FcVpnSched  88   debug] default msg 26
[2026-04-08 22:17:02.8426597 UTC-05:00] [5208:7148] [FcVpnSched  88   debug] default msg 26
[2026-04-08 22:17:02.8451256 UTC-05:00] [5208:7148] [FcVpnSched  88   debug] default msg 26
[2026-04-08 22:17:02.8473342 UTC-05:00] [5208:7148] [FcVpnSched  88   debug] default msg 26
[2026-04-08 22:17:02.8494821 UTC-05:00] [5208:7148] [FcVpnSched  88   debug] default msg 26
[2026-04-08 22:17:02.8516034 UTC-05:00] [5208:7148] [FcVpnSched  88   debug] default msg 26
[2026-04-08 22:17:02.8538005 UTC-05:00] [5208:7148] [FcVpnSched  88   debug] default msg 26
[2026-04-08 22:17:02.8559046 UTC-05:00] [5208:7148] [FcVpnSched  88   debug] default msg 26
[2026-04-08 22:17:02.8581635 UTC-05:00] [5208:7148] [FcVpnSched  88   debug] default msg 26
[2026-04-08 22:17:02.8602823 UTC-05:00] [5208:7148] [FcVpnSched  88   debug] default msg 26
[2026-04-08 22:17:02.8623448 UTC-05:00] [5208:7148] [FcVpnSched  88   debug] default msg 26
[2026-04-08 22:17:02.8644291 UTC-05:00] [5208:7148] [FcVpnSched  88   debug] default msg 26
[2026-04-08 22:17:02.8665534 UTC-05:00] [5208:7148] [FcVpnSched  88   debug] default msg 26
[2026-04-08 22:17:02.8687065 UTC-05:00] [5208:7148] [FcVpnSched  88   debug] default msg 26
[2026-04-08 22:17:03.0137954 UTC-05:00] [5208:7148] [FcVpnSched  88   debug] default msg 26
[2026-04-08 22:17:03.0182484 UTC-05:00] [5208:7148] [FcVpnSched  88   debug] default msg 26
[2026-04-08 22:17:03.0218012 UTC-05:00] [5208:7148] [FcVpnSched  88   debug] default msg 26
[2026-04-08 22:17:03.0246315 UTC-05:00] [5208:7148] [FcVpnSched  88   debug] default msg 26
[2026-04-08 22:17:03.0273729 UTC-05:00] [5208:7148] [FcVpnSched  88   debug] default msg 26
[2026-04-08 22:17:03.0305311 UTC-05:00] [5208:7148] [FcVpnSched  88   debug] default msg 26
[2026-04-08 22:17:03.0338477 UTC-05:00] [5208:7148] [FcVpnSched  88   debug] default msg 26
[2026-04-08 22:17:03.0366859 UTC-05:00] [5208:7148] [FcVpnSched  88   debug] default msg 26
[2026-04-08 22:17:03.0394542 UTC-05:00] [5208:7148] [FcVpnSched  88   debug] default msg 26
[2026-04-08 22:17:03.0422251 UTC-05:00] [5208:7148] [FcVpnSched  88   debug] default msg 26
[2026-04-08 22:17:03.0450055 UTC-05:00] [5208:7148] [FcVpnSched  88   debug] default msg 26
[2026-04-08 22:17:03.0478753 UTC-05:00] [5208:7148] [FcVpnSched  88   debug] default msg 26
[2026-04-08 22:17:03.0506313 UTC-05:00] [5208:7148] [FcVpnSched  88   debug] default msg 26
[2026-04-08 22:17:03.0534015 UTC-05:00] [5208:7148] [FcVpnSched  88   debug] default msg 26
[2026-04-08 22:17:03.0560702 UTC-05:00] [5208:7148] [FcVpnSched  88   debug] default msg 26
[2026-04-08 22:17:03.0584822 UTC-05:00] [5208:7148] [FcVpnSched  88   debug] default msg 26
[2026-04-08 22:17:03.0608592 UTC-05:00] [5208:7148] [FcVpnSched  88   debug] default msg 26
[2026-04-08 22:17:03.0635622 UTC-05:00] [5208:7148] [FcVpnSched  88   debug] default msg 26
[2026-04-08 22:17:03.0661703 UTC-05:00] [5208:7148] [FcVpnSched  88   debug] default msg 26
[2026-04-08 22:17:03.0686813 UTC-05:00] [5208:7148] [FcVpnSched  88   debug] default msg 26
[2026-04-08 22:17:03.0711130 UTC-05:00] [5208:7148] [FcVpnSched  88   debug] default msg 26
[2026-04-08 22:17:03.0735393 UTC-05:00] [5208:7148] [FcVpnSched  88   debug] default msg 26
[2026-04-08 22:17:03.0760419 UTC-05:00] [5208:7148] [FcVpnSched  88   debug] default msg 26
[2026-04-08 22:17:03.0797949 UTC-05:00] [5208:7148] [FcVpnSched  88   debug] default msg 26
[2026-04-08 22:17:03.0836088 UTC-05:00] [5208:7148] [FcVpnSched  88   debug] default msg 26
[2026-04-08 22:17:03.0868321 UTC-05:00] [5208:7148] [FcVpnSched  88   debug] default msg 26
[2026-04-08 22:17:03.0897255 UTC-05:00] [5208:7148] [FcVpnSched  88   debug] default msg 26
[2026-04-08 22:17:03.0928328 UTC-05:00] [5208:7148] [FcVpnSched  88   debug] default msg 26
[2026-04-08 22:17:03.0966709 UTC-05:00] [5208:7148] [FcVpnSched  88   debug] default msg 26
[2026-04-08 22:17:03.1001658 UTC-05:00] [5208:7148] [FcVpnSched  88   debug] default msg 26
[2026-04-08 22:17:03.1030540 UTC-05:00] [5208:7148] [FcVpnSched  88   debug] default msg 26
[2026-04-08 22:17:03.1058779 UTC-05:00] [5208:7148] [FcVpnSched  88   debug] default msg 26
[2026-04-08 22:46:45.3398979 UTC-05:00] [5208:7148] [FcVpnSched  88   debug] default msg 26
[2026-04-08 22:46:45.5724952 UTC-05:00] [5208:7148] [FcVpnSched  88   debug] default msg 26
[2026-04-08 22:46:45.8292627 UTC-05:00] [5208:7148] [FcVpnSched  88   debug] default msg 26
[2026-04-08 22:46:46.1560533 UTC-05:00] [5208:7148] [FcVpnSched  88   debug] default msg 26
[2026-04-08 22:46:46.3760568 UTC-05:00] [5208:7148] [FcVpnSched  88   debug] default msg 26
[2026-04-08 22:46:46.8053394 UTC-05:00] [5208:7148] [FcVpnSched  88   debug] default msg 26
[2026-04-08 22:46:47.2076772 UTC-05:00] [5208:7148] [FcVpnSched  88   debug] default msg 26
[2026-04-08 22:46:47.5167757 UTC-05:00] [5208:7148] [FcVpnSched  88   debug] default msg 26
[2026-04-08 22:51:51.3108719 UTC-05:00] [5208:7148] [FcVpnSched  88   debug] default msg 26
[2026-04-08 22:51:51.5842755 UTC-05:00] [5208:7148] [FcVpnSched  88   debug] default msg 26
[2026-04-08 23:14:02.1490621 UTC-05:00] [5208:7148] [FcVpnSched  88   debug] default msg 30
[2026-04-08 23:14:02.2552948 UTC-05:00] [5208:7148] [FcVpnSched  88   debug] default msg 26
[2026-04-08 23:14:02.2582514 UTC-05:00] [5208:7148] [FcVpnSched  88   debug] default msg 26
[2026-04-08 23:14:02.2608810 UTC-05:00] [5208:7148] [FcVpnSched  88   debug] default msg 26
[2026-04-08 23:14:02.2639296 UTC-05:00] [5208:7148] [FcVpnSched  88   debug] default msg 26
[2026-04-08 23:14:02.2665788 UTC-05:00] [5208:7148] [FcVpnSched  88   debug] default msg 26
[2026-04-08 23:14:02.2691273 UTC-05:00] [5208:7148] [FcVpnSched  88   debug] default msg 26
[2026-04-08 23:14:02.2717424 UTC-05:00] [5208:7148] [FcVpnSched  88   debug] default msg 26
[2026-04-08 23:14:02.2868253 UTC-05:00] [5208:7148] [FcVpnSched  88   debug] default msg 26
[2026-04-08 23:14:02.2905169 UTC-05:00] [5208:7148] [FcVpnSched  88   debug] default msg 26
[2026-04-08 23:14:02.2935161 UTC-05:00] [5208:7148] [FcVpnSched  88   debug] default msg 26
[2026-04-08 23:14:02.2965952 UTC-05:00] [5208:7148] [FcVpnSched  88   debug] default msg 26
[2026-04-08 23:14:02.2991132 UTC-05:00] [5208:7148] [FcVpnSched  88   debug] default msg 26
[2026-04-08 23:14:02.3016668 UTC-05:00] [5208:7148] [FcVpnSched  88   debug] default msg 26
[2026-04-08 23:14:02.3041572 UTC-05:00] [5208:7148] [FcVpnSched  88   debug] default msg 26
[2026-04-08 23:14:02.3068889 UTC-05:00] [5208:7148] [FcVpnSched  88   debug] default msg 26
[2026-04-08 23:14:02.3094378 UTC-05:00] [5208:7148] [FcVpnSched  88   debug] default msg 26
[2026-04-08 23:14:02.3121093 UTC-05:00] [5208:7148] [FcVpnSched  88   debug] default msg 26
[2026-04-08 23:14:02.3145894 UTC-05:00] [5208:7148] [FcVpnSched  88   debug] default msg 26
[2026-04-08 23:14:02.3169912 UTC-05:00] [5208:7148] [FcVpnSched  88   debug] default msg 26
[2026-04-08 23:14:02.3192358 UTC-05:00] [5208:7148] [FcVpnSched  88   debug] default msg 26
[2026-04-08 23:14:02.3215225 UTC-05:00] [5208:7148] [FcVpnSched  88   debug] default msg 26
[2026-04-08 23:14:02.3237905 UTC-05:00] [5208:7148] [FcVpnSched  88   debug] default msg 26
[2026-04-08 23:14:02.3260563 UTC-05:00] [5208:7148] [FcVpnSched  88   debug] default msg 26
[2026-04-08 23:14:02.3282708 UTC-05:00] [5208:7148] [FcVpnSched  88   debug] default msg 26
[2026-04-08 23:14:02.3305138 UTC-05:00] [5208:7148] [FcVpnSched  88   debug] default msg 26
[2026-04-08 23:14:02.3326989 UTC-05:00] [5208:7148] [FcVpnSched  88   debug] default msg 26
[2026-04-08 23:14:02.3348625 UTC-05:00] [5208:7148] [FcVpnSched  88   debug] default msg 26
[2026-04-08 23:14:02.3373083 UTC-05:00] [5208:7148] [FcVpnSched  88   debug] default msg 26
[2026-04-08 23:14:02.3402232 UTC-05:00] [5208:7148] [FcVpnSched  88   debug] default msg 26
[2026-04-08 23:14:02.3429138 UTC-05:00] [5208:7148] [FcVpnSched  88   debug] default msg 26
[2026-04-08 23:14:02.3452815 UTC-05:00] [5208:7148] [FcVpnSched  88   debug] default msg 26
[2026-04-08 23:14:02.3475999 UTC-05:00] [5208:7148] [FcVpnSched  88   debug] default msg 26
[2026-04-08 23:14:02.3499715 UTC-05:00] [5208:7148] [FcVpnSched  88   debug] default msg 26
[2026-04-08 23:14:02.3522746 UTC-05:00] [5208:7148] [FcVpnSched  88   debug] default msg 26
[2026-04-08 23:14:02.3546831 UTC-05:00] [5208:7148] [FcVpnSched  88   debug] default msg 26
[2026-04-08 23:14:02.3570000 UTC-05:00] [5208:7148] [FcVpnSched  88   debug] default msg 26
[2026-04-08 23:14:02.3593203 UTC-05:00] [5208:7148] [FcVpnSched  88   debug] default msg 26
[2026-04-08 23:14:02.3616000 UTC-05:00] [5208:7148] [FcVpnSched  88   debug] default msg 26
[2026-04-08 23:14:02.3637602 UTC-05:00] [5208:7148] [FcVpnSched  88   debug] default msg 26
[2026-04-08 23:14:02.3659016 UTC-05:00] [5208:7148] [FcVpnSched  88   debug] default msg 26
[2026-04-08 23:14:02.3681564 UTC-05:00] [5208:7148] [FcVpnSched  88   debug] default msg 26
[2026-04-08 23:14:02.3706057 UTC-05:00] [5208:7148] [FcVpnSched  88   debug] default msg 26
[2026-04-08 23:14:02.3727832 UTC-05:00] [5208:7148] [FcVpnSched  88   debug] default msg 26
[2026-04-08 23:14:02.3749462 UTC-05:00] [5208:7148] [FcVpnSched  88   debug] default msg 26
[2026-04-08 23:14:02.3771763 UTC-05:00] [5208:7148] [FcVpnSched  88   debug] default msg 26
[2026-04-08 23:14:02.3794124 UTC-05:00] [5208:7148] [FcVpnSched  88   debug] default msg 26
[2026-04-08 23:14:02.3815934 UTC-05:00] [5208:7148] [FcVpnSched  88   debug] default msg 26
[2026-04-08 23:14:02.3837987 UTC-05:00] [5208:7148] [FcVpnSched  88   debug] default msg 26
[2026-04-08 23:14:02.3861377 UTC-05:00] [5208:7148] [FcVpnSched  88   debug] default msg 26
[2026-04-08 23:14:02.3884193 UTC-05:00] [5208:7148] [FcVpnSched  88   debug] default msg 26
[2026-04-08 23:14:02.3905760 UTC-05:00] [5208:7148] [FcVpnSched  88   debug] default msg 26
[2026-04-08 23:14:02.3927379 UTC-05:00] [5208:7148] [FcVpnSched  88   debug] default msg 26
[2026-04-08 23:14:02.3949192 UTC-05:00] [5208:7148] [FcVpnSched  88   debug] default msg 26
[2026-04-08 23:14:02.3971178 UTC-05:00] [5208:7148] [FcVpnSched  88   debug] default msg 26
[2026-04-08 23:14:02.3999481 UTC-05:00] [5208:7148] [FcVpnSched  88   debug] default msg 26
[2026-04-08 23:14:02.4027920 UTC-05:00] [5208:7148] [FcVpnSched  88   debug] default msg 26
[2026-04-08 23:14:02.5581413 UTC-05:00] [5208:7148] [FcVpnSched  88   debug] default msg 26
[2026-04-08 23:14:02.5642209 UTC-05:00] [5208:7148] [FcVpnSched  88   debug] default msg 26
[2026-04-08 23:14:02.5671255 UTC-05:00] [5208:7148] [FcVpnSched  88   debug] default msg 26
[2026-04-08 23:14:02.5699845 UTC-05:00] [5208:7148] [FcVpnSched  88   debug] default msg 26
[2026-04-08 23:14:02.5729732 UTC-05:00] [5208:7148] [FcVpnSched  88   debug] default msg 26
[2026-04-08 23:14:02.5760298 UTC-05:00] [5208:7148] [FcVpnSched  88   debug] default msg 26
[2026-04-08 23:14:02.5788931 UTC-05:00] [5208:7148] [FcVpnSched  88   debug] default msg 26
[2026-04-08 23:14:02.5816890 UTC-05:00] [5208:7148] [FcVpnSched  88   debug] default msg 26
[2026-04-08 23:14:02.5844636 UTC-05:00] [5208:7148] [FcVpnSched  88   debug] default msg 26
[2026-04-08 23:14:02.5872447 UTC-05:00] [5208:7148] [FcVpnSched  88   debug] default msg 26
[2026-04-08 23:14:02.5912294 UTC-05:00] [5208:7148] [FcVpnSched  88   debug] default msg 26
[2026-04-08 23:14:02.5949457 UTC-05:00] [5208:7148] [FcVpnSched  88   debug] default msg 26
[2026-04-08 23:14:02.5978816 UTC-05:00] [5208:7148] [FcVpnSched  88   debug] default msg 26
[2026-04-08 23:14:02.6006958 UTC-05:00] [5208:7148] [FcVpnSched  88   debug] default msg 26
[2026-04-08 23:14:02.6036983 UTC-05:00] [5208:7148] [FcVpnSched  88   debug] default msg 26
[2026-04-08 23:14:02.6068486 UTC-05:00] [5208:7148] [FcVpnSched  88   debug] default msg 26
[2026-04-08 23:14:02.6096868 UTC-05:00] [5208:7148] [FcVpnSched  88   debug] default msg 26
[2026-04-08 23:14:02.6124919 UTC-05:00] [5208:7148] [FcVpnSched  88   debug] default msg 26
[2026-04-08 23:14:02.6153671 UTC-05:00] [5208:7148] [FcVpnSched  88   debug] default msg 26
[2026-04-08 23:14:02.6181211 UTC-05:00] [5208:7148] [FcVpnSched  88   debug] default msg 26
[2026-04-08 23:14:02.6211082 UTC-05:00] [5208:7148] [FcVpnSched  88   debug] default msg 26
[2026-04-08 23:14:02.6239941 UTC-05:00] [5208:7148] [FcVpnSched  88   debug] default msg 26
[2026-04-08 23:14:02.6264824 UTC-05:00] [5208:7148] [FcVpnSched  88   debug] default msg 26
[2026-04-08 23:14:02.6289399 UTC-05:00] [5208:7148] [FcVpnSched  88   debug] default msg 26
[2026-04-08 23:14:02.6313774 UTC-05:00] [5208:7148] [FcVpnSched  88   debug] default msg 26
[2026-04-08 23:14:02.6339253 UTC-05:00] [5208:7148] [FcVpnSched  88   debug] default msg 26
[2026-04-08 23:14:02.6373170 UTC-05:00] [5208:7148] [FcVpnSched  88   debug] default msg 26
[2026-04-08 23:14:02.6407737 UTC-05:00] [5208:7148] [FcVpnSched  88   debug] default msg 26
[2026-04-08 23:14:02.6435374 UTC-05:00] [5208:7148] [FcVpnSched  88   debug] default msg 26
[2026-04-08 23:14:02.6462457 UTC-05:00] [5208:7148] [FcVpnSched  88   debug] default msg 26
[2026-04-08 23:14:02.6488989 UTC-05:00] [5208:7148] [FcVpnSched  88   debug] default msg 26
[2026-04-08 23:14:02.6532148 UTC-05:00] [5208:7148] [FcVpnSched  88   debug] default msg 26
[2026-04-08 23:54:45.0822702 UTC-05:00] [5208:7148] [FcVpnSched  88   debug] default msg 26
[2026-04-08 23:54:45.3308002 UTC-05:00] [5208:7148] [FcVpnSched  88   debug] default msg 26
[2026-04-08 23:54:45.5933650 UTC-05:00] [5208:7148] [FcVpnSched  88   debug] default msg 26
[2026-04-08 23:54:45.9131876 UTC-05:00] [5208:7148] [FcVpnSched  88   debug] default msg 26
[2026-04-08 23:54:46.1370553 UTC-05:00] [5208:7148] [FcVpnSched  88   debug] default msg 26
[2026-04-08 23:54:46.5685622 UTC-05:00] [5208:7148] [FcVpnSched  88   debug] default msg 26
[2026-04-08 23:54:46.9686340 UTC-05:00] [5208:7148] [FcVpnSched  88   debug] default msg 26
[2026-04-08 23:54:47.2885552 UTC-05:00] [5208:7148] [FcVpnSched  88   debug] default msg 26
[2026-04-09 00:43:50.9697587 UTC-05:00] [5208:7148] [FcVpnSched  88   debug] default msg 26
[2026-04-09 00:43:51.2950812 UTC-05:00] [5208:7148] [FcVpnSched  88   debug] default msg 26
[2026-04-09 01:02:45.0999432 UTC-05:00] [5208:7148] [FcVpnSched  88   debug] default msg 26
[2026-04-09 01:02:45.3346700 UTC-05:00] [5208:7148] [FcVpnSched  88   debug] default msg 26
[2026-04-09 01:02:45.6347144 UTC-05:00] [5208:7148] [FcVpnSched  88   debug] default msg 26
[2026-04-09 01:02:47.4730615 UTC-05:00] [5208:7148] [FcVpnSched  88   debug] default msg 26
[2026-04-09 01:02:47.6949059 UTC-05:00] [5208:7148] [FcVpnSched  88   debug] default msg 26
[2026-04-09 01:02:48.1372783 UTC-05:00] [5208:7148] [FcVpnSched  88   debug] default msg 26
[2026-04-09 01:02:48.5386594 UTC-05:00] [5208:7148] [FcVpnSched  88   debug] default msg 26
[2026-04-09 01:02:48.8514907 UTC-05:00] [5208:7148] [FcVpnSched  88   debug] default msg 26
[2026-04-09 02:07:01.7959600 UTC-05:00] [5208:7148] [FcVpnSched  88   debug] default msg 30
[2026-04-09 02:07:01.8944411 UTC-05:00] [5208:7148] [FcVpnSched  88   debug] default msg 26
[2026-04-09 02:07:01.9000675 UTC-05:00] [5208:7148] [FcVpnSched  88   debug] default msg 26
[2026-04-09 02:07:01.9029327 UTC-05:00] [5208:7148] [FcVpnSched  88   debug] default msg 26
[2026-04-09 02:07:01.9070621 UTC-05:00] [5208:7148] [FcVpnSched  88   debug] default msg 26
[2026-04-09 02:07:01.9110633 UTC-05:00] [5208:7148] [FcVpnSched  88   debug] default msg 26
[2026-04-09 02:07:01.9142016 UTC-05:00] [5208:7148] [FcVpnSched  88   debug] default msg 26
[2026-04-09 02:07:01.9168788 UTC-05:00] [5208:7148] [FcVpnSched  88   debug] default msg 26
[2026-04-09 02:07:01.9196563 UTC-05:00] [5208:7148] [FcVpnSched  88   debug] default msg 26
[2026-04-09 02:07:01.9227511 UTC-05:00] [5208:7148] [FcVpnSched  88   debug] default msg 26
[2026-04-09 02:07:01.9253109 UTC-05:00] [5208:7148] [FcVpnSched  88   debug] default msg 26
[2026-04-09 02:07:01.9279038 UTC-05:00] [5208:7148] [FcVpnSched  88   debug] default msg 26
[2026-04-09 02:07:01.9303790 UTC-05:00] [5208:7148] [FcVpnSched  88   debug] default msg 26
[2026-04-09 02:07:01.9327939 UTC-05:00] [5208:7148] [FcVpnSched  88   debug] default msg 26
[2026-04-09 02:07:01.9351798 UTC-05:00] [5208:7148] [FcVpnSched  88   debug] default msg 26
[2026-04-09 02:07:01.9378163 UTC-05:00] [5208:7148] [FcVpnSched  88   debug] default msg 26
[2026-04-09 02:07:01.9402631 UTC-05:00] [5208:7148] [FcVpnSched  88   debug] default msg 26
[2026-04-09 02:07:01.9424079 UTC-05:00] [5208:7148] [FcVpnSched  88   debug] default msg 26
[2026-04-09 02:07:01.9445882 UTC-05:00] [5208:7148] [FcVpnSched  88   debug] default msg 26
[2026-04-09 02:07:01.9466977 UTC-05:00] [5208:7148] [FcVpnSched  88   debug] default msg 26
[2026-04-09 02:07:01.9487915 UTC-05:00] [5208:7148] [FcVpnSched  88   debug] default msg 26
[2026-04-09 02:07:01.9508404 UTC-05:00] [5208:7148] [FcVpnSched  88   debug] default msg 26
[2026-04-09 02:07:01.9534249 UTC-05:00] [5208:7148] [FcVpnSched  88   debug] default msg 26
[2026-04-09 02:07:01.9556068 UTC-05:00] [5208:7148] [FcVpnSched  88   debug] default msg 26
[2026-04-09 02:07:01.9577490 UTC-05:00] [5208:7148] [FcVpnSched  88   debug] default msg 26
[2026-04-09 02:07:01.9598950 UTC-05:00] [5208:7148] [FcVpnSched  88   debug] default msg 26
[2026-04-09 02:07:01.9620387 UTC-05:00] [5208:7148] [FcVpnSched  88   debug] default msg 26
[2026-04-09 02:07:01.9641183 UTC-05:00] [5208:7148] [FcVpnSched  88   debug] default msg 26
[2026-04-09 02:07:01.9662294 UTC-05:00] [5208:7148] [FcVpnSched  88   debug] default msg 26
[2026-04-09 02:07:01.9684845 UTC-05:00] [5208:7148] [FcVpnSched  88   debug] default msg 26
[2026-04-09 02:07:01.9714120 UTC-05:00] [5208:7148] [FcVpnSched  88   debug] default msg 26
[2026-04-09 02:07:01.9737650 UTC-05:00] [5208:7148] [FcVpnSched  88   debug] default msg 26
[2026-04-09 02:07:01.9761907 UTC-05:00] [5208:7148] [FcVpnSched  88   debug] default msg 26
[2026-04-09 02:07:01.9785476 UTC-05:00] [5208:7148] [FcVpnSched  88   debug] default msg 26
[2026-04-09 02:07:01.9808519 UTC-05:00] [5208:7148] [FcVpnSched  88   debug] default msg 26
[2026-04-09 02:07:01.9830897 UTC-05:00] [5208:7148] [FcVpnSched  88   debug] default msg 26
[2026-04-09 02:07:01.9854441 UTC-05:00] [5208:7148] [FcVpnSched  88   debug] default msg 26
[2026-04-09 02:07:01.9877141 UTC-05:00] [5208:7148] [FcVpnSched  88   debug] default msg 26
[2026-04-09 02:07:01.9898800 UTC-05:00] [5208:7148] [FcVpnSched  88   debug] default msg 26
[2026-04-09 02:07:01.9921581 UTC-05:00] [5208:7148] [FcVpnSched  88   debug] default msg 26
[2026-04-09 02:07:01.9945165 UTC-05:00] [5208:7148] [FcVpnSched  88   debug] default msg 26
[2026-04-09 02:07:01.9969183 UTC-05:00] [5208:7148] [FcVpnSched  88   debug] default msg 26
[2026-04-09 02:07:01.9991735 UTC-05:00] [5208:7148] [FcVpnSched  88   debug] default msg 26
[2026-04-09 02:07:02.0015273 UTC-05:00] [5208:7148] [FcVpnSched  88   debug] default msg 26
[2026-04-09 02:07:02.0036501 UTC-05:00] [5208:7148] [FcVpnSched  88   debug] default msg 26
[2026-04-09 02:07:02.0057594 UTC-05:00] [5208:7148] [FcVpnSched  88   debug] default msg 26
[2026-04-09 02:07:02.0078400 UTC-05:00] [5208:7148] [FcVpnSched  88   debug] default msg 26
[2026-04-09 02:07:02.0099556 UTC-05:00] [5208:7148] [FcVpnSched  88   debug] default msg 26
[2026-04-09 02:07:02.0122016 UTC-05:00] [5208:7148] [FcVpnSched  88   debug] default msg 26
[2026-04-09 02:07:02.0143261 UTC-05:00] [5208:7148] [FcVpnSched  88   debug] default msg 26
[2026-04-09 02:07:02.0166610 UTC-05:00] [5208:7148] [FcVpnSched  88   debug] default msg 26
[2026-04-09 02:07:02.0187792 UTC-05:00] [5208:7148] [FcVpnSched  88   debug] default msg 26
[2026-04-09 02:07:02.0208680 UTC-05:00] [5208:7148] [FcVpnSched  88   debug] default msg 26
[2026-04-09 02:07:02.0229734 UTC-05:00] [5208:7148] [FcVpnSched  88   debug] default msg 26
[2026-04-09 02:07:02.0250682 UTC-05:00] [5208:7148] [FcVpnSched  88   debug] default msg 26
[2026-04-09 02:07:02.0272977 UTC-05:00] [5208:7148] [FcVpnSched  88   debug] default msg 26
[2026-04-09 02:07:02.0294258 UTC-05:00] [5208:7148] [FcVpnSched  88   debug] default msg 26
[2026-04-09 02:07:02.1750582 UTC-05:00] [5208:7148] [FcVpnSched  88   debug] default msg 26
[2026-04-09 02:07:02.1788576 UTC-05:00] [5208:7148] [FcVpnSched  88   debug] default msg 26
[2026-04-09 02:07:02.1820402 UTC-05:00] [5208:7148] [FcVpnSched  88   debug] default msg 26
[2026-04-09 02:07:02.1851880 UTC-05:00] [5208:7148] [FcVpnSched  88   debug] default msg 26
[2026-04-09 02:07:02.1881848 UTC-05:00] [5208:7148] [FcVpnSched  88   debug] default msg 26
[2026-04-09 02:07:02.1912363 UTC-05:00] [5208:7148] [FcVpnSched  88   debug] default msg 26
[2026-04-09 02:07:02.1942528 UTC-05:00] [5208:7148] [FcVpnSched  88   debug] default msg 26
[2026-04-09 02:07:02.1972189 UTC-05:00] [5208:7148] [FcVpnSched  88   debug] default msg 26
[2026-04-09 02:07:02.2002036 UTC-05:00] [5208:7148] [FcVpnSched  88   debug] default msg 26
[2026-04-09 02:07:02.2033610 UTC-05:00] [5208:7148] [FcVpnSched  88   debug] default msg 26
[2026-04-09 02:07:02.2072493 UTC-05:00] [5208:7148] [FcVpnSched  88   debug] default msg 26
[2026-04-09 02:07:02.2114579 UTC-05:00] [5208:7148] [FcVpnSched  88   debug] default msg 26
[2026-04-09 02:07:02.2154251 UTC-05:00] [5208:7148] [FcVpnSched  88   debug] default msg 26
[2026-04-09 02:07:02.2188640 UTC-05:00] [5208:7148] [FcVpnSched  88   debug] default msg 26
[2026-04-09 02:07:02.2221483 UTC-05:00] [5208:7148] [FcVpnSched  88   debug] default msg 26
[2026-04-09 02:07:02.2252664 UTC-05:00] [5208:7148] [FcVpnSched  88   debug] default msg 26
[2026-04-09 02:07:02.2289047 UTC-05:00] [5208:7148] [FcVpnSched  88   debug] default msg 26
[2026-04-09 02:07:02.2319136 UTC-05:00] [5208:7148] [FcVpnSched  88   debug] default msg 26
[2026-04-09 02:07:02.2348197 UTC-05:00] [5208:7148] [FcVpnSched  88   debug] default msg 26
[2026-04-09 02:07:02.2376758 UTC-05:00] [5208:7148] [FcVpnSched  88   debug] default msg 26
[2026-04-09 02:07:02.2415323 UTC-05:00] [5208:7148] [FcVpnSched  88   debug] default msg 26
[2026-04-09 02:07:02.2450077 UTC-05:00] [5208:7148] [FcVpnSched  88   debug] default msg 26
[2026-04-09 02:07:02.2484820 UTC-05:00] [5208:7148] [FcVpnSched  88   debug] default msg 26
[2026-04-09 02:07:02.2520474 UTC-05:00] [5208:7148] [FcVpnSched  88   debug] default msg 26
[2026-04-09 02:07:02.2564866 UTC-05:00] [5208:7148] [FcVpnSched  88   debug] default msg 26
[2026-04-09 02:07:02.2600642 UTC-05:00] [5208:7148] [FcVpnSched  88   debug] default msg 26
[2026-04-09 02:07:02.2633973 UTC-05:00] [5208:7148] [FcVpnSched  88   debug] default msg 26
[2026-04-09 02:07:02.2665737 UTC-05:00] [5208:7148] [FcVpnSched  88   debug] default msg 26
[2026-04-09 02:07:02.2700632 UTC-05:00] [5208:7148] [FcVpnSched  88   debug] default msg 26
[2026-04-09 02:07:02.2738312 UTC-05:00] [5208:7148] [FcVpnSched  88   debug] default msg 26
[2026-04-09 02:07:02.2772966 UTC-05:00] [5208:7148] [FcVpnSched  88   debug] default msg 26
[2026-04-09 02:07:02.2803569 UTC-05:00] [5208:7148] [FcVpnSched  88   debug] default msg 26
[2026-04-09 02:10:45.5204731 UTC-05:00] [5208:7148] [FcVpnSched  88   debug] default msg 26
[2026-04-09 02:10:45.7564060 UTC-05:00] [5208:7148] [FcVpnSched  88   debug] default msg 26
[2026-04-09 02:10:45.9989499 UTC-05:00] [5208:7148] [FcVpnSched  88   debug] default msg 26
[2026-04-09 02:10:46.2787160 UTC-05:00] [5208:7148] [FcVpnSched  88   debug] default msg 26
[2026-04-09 02:10:46.4872918 UTC-05:00] [5208:7148] [FcVpnSched  88   debug] default msg 26
[2026-04-09 02:10:46.9455169 UTC-05:00] [5208:7148] [FcVpnSched  88   debug] default msg 26
[2026-04-09 02:10:47.3444014 UTC-05:00] [5208:7148] [FcVpnSched  88   debug] default msg 26
[2026-04-09 02:10:47.6589849 UTC-05:00] [5208:7148] [FcVpnSched  88   debug] default msg 26
[2026-04-09 02:35:51.5922471 UTC-05:00] [5208:7148] [FcVpnSched  88   debug] default msg 26
[2026-04-09 02:35:51.8903184 UTC-05:00] [5208:7148] [FcVpnSched  88   debug] default msg 26
[2026-04-09 03:18:45.7697325 UTC-05:00] [5208:7148] [FcVpnSched  88   debug] default msg 26
[2026-04-09 03:18:46.0134000 UTC-05:00] [5208:7148] [FcVpnSched  88   debug] default msg 26
[2026-04-09 03:18:46.2688094 UTC-05:00] [5208:7148] [FcVpnSched  88   debug] default msg 26
[2026-04-09 03:18:46.6103341 UTC-05:00] [5208:7148] [FcVpnSched  88   debug] default msg 26
[2026-04-09 03:18:46.8304336 UTC-05:00] [5208:7148] [FcVpnSched  88   debug] default msg 26
[2026-04-09 03:18:47.2968855 UTC-05:00] [5208:7148] [FcVpnSched  88   debug] default msg 26
[2026-04-09 03:18:47.7046346 UTC-05:00] [5208:7148] [FcVpnSched  88   debug] default msg 26
[2026-04-09 03:18:48.0297377 UTC-05:00] [5208:7148] [FcVpnSched  88   debug] default msg 26
[2026-04-09 04:26:44.9469725 UTC-05:00] [5208:7148] [FcVpnSched  88   debug] default msg 26
[2026-04-09 04:26:45.1917403 UTC-05:00] [5208:7148] [FcVpnSched  88   debug] default msg 26
[2026-04-09 04:26:45.4618753 UTC-05:00] [5208:7148] [FcVpnSched  88   debug] default msg 26
[2026-04-09 04:26:45.7770860 UTC-05:00] [5208:7148] [FcVpnSched  88   debug] default msg 26
[2026-04-09 04:26:46.0091028 UTC-05:00] [5208:7148] [FcVpnSched  88   debug] default msg 26
[2026-04-09 04:26:46.4418777 UTC-05:00] [5208:7148] [FcVpnSched  88   debug] default msg 26
[2026-04-09 04:26:46.8425348 UTC-05:00] [5208:7148] [FcVpnSched  88   debug] default msg 26
[2026-04-09 04:26:47.1484534 UTC-05:00] [5208:7148] [FcVpnSched  88   debug] default msg 26
[2026-04-09 04:27:51.4339779 UTC-05:00] [5208:7148] [FcVpnSched  88   debug] default msg 26
[2026-04-09 04:27:51.7387610 UTC-05:00] [5208:7148] [FcVpnSched  88   debug] default msg 26
[2026-04-09 05:34:45.1786648 UTC-05:00] [5208:7148] [FcVpnSched  88   debug] default msg 26
[2026-04-09 05:34:45.4107722 UTC-05:00] [5208:7148] [FcVpnSched  88   debug] default msg 26
[2026-04-09 05:34:45.6510828 UTC-05:00] [5208:7148] [FcVpnSched  88   debug] default msg 26
[2026-04-09 05:34:45.9575985 UTC-05:00] [5208:7148] [FcVpnSched  88   debug] default msg 26
[2026-04-09 05:34:46.1792867 UTC-05:00] [5208:7148] [FcVpnSched  88   debug] default msg 26
[2026-04-09 05:34:46.6216470 UTC-05:00] [5208:7148] [FcVpnSched  88   debug] default msg 26
[2026-04-09 05:34:47.0314346 UTC-05:00] [5208:7148] [FcVpnSched  88   debug] default msg 26
[2026-04-09 05:34:47.3408101 UTC-05:00] [5208:7148] [FcVpnSched  88   debug] default msg 26
[2026-04-09 05:57:02.3071883 UTC-05:00] [5208:7148] [FcVpnSched  88   debug] default msg 30
[2026-04-09 05:57:02.4230969 UTC-05:00] [5208:7148] [FcVpnSched  88   debug] default msg 26
[2026-04-09 05:57:02.4271312 UTC-05:00] [5208:7148] [FcVpnSched  88   debug] default msg 26
[2026-04-09 05:57:02.4310469 UTC-05:00] [5208:7148] [FcVpnSched  88   debug] default msg 26
[2026-04-09 05:57:02.4350956 UTC-05:00] [5208:7148] [FcVpnSched  88   debug] default msg 26
[2026-04-09 05:57:02.4385492 UTC-05:00] [5208:7148] [FcVpnSched  88   debug] default msg 26
[2026-04-09 05:57:02.4420080 UTC-05:00] [5208:7148] [FcVpnSched  88   debug] default msg 26
[2026-04-09 05:57:02.4458841 UTC-05:00] [5208:7148] [FcVpnSched  88   debug] default msg 26
[2026-04-09 05:57:02.4491942 UTC-05:00] [5208:7148] [FcVpnSched  88   debug] default msg 26
[2026-04-09 05:57:02.4518905 UTC-05:00] [5208:7148] [FcVpnSched  88   debug] default msg 26
[2026-04-09 05:57:02.4544347 UTC-05:00] [5208:7148] [FcVpnSched  88   debug] default msg 26
[2026-04-09 05:57:02.4571027 UTC-05:00] [5208:7148] [FcVpnSched  88   debug] default msg 26
[2026-04-09 05:57:02.4599315 UTC-05:00] [5208:7148] [FcVpnSched  88   debug] default msg 26
[2026-04-09 05:57:02.4624857 UTC-05:00] [5208:7148] [FcVpnSched  88   debug] default msg 26
[2026-04-09 05:57:02.4647711 UTC-05:00] [5208:7148] [FcVpnSched  88   debug] default msg 26
[2026-04-09 05:57:02.4671316 UTC-05:00] [5208:7148] [FcVpnSched  88   debug] default msg 26
[2026-04-09 05:57:02.4694484 UTC-05:00] [5208:7148] [FcVpnSched  88   debug] default msg 26
[2026-04-09 05:57:02.4717746 UTC-05:00] [5208:7148] [FcVpnSched  88   debug] default msg 26
[2026-04-09 05:57:02.4747178 UTC-05:00] [5208:7148] [FcVpnSched  88   debug] default msg 26
[2026-04-09 05:57:02.4775473 UTC-05:00] [5208:7148] [FcVpnSched  88   debug] default msg 26
[2026-04-09 05:57:02.4799621 UTC-05:00] [5208:7148] [FcVpnSched  88   debug] default msg 26
[2026-04-09 05:57:02.4822494 UTC-05:00] [5208:7148] [FcVpnSched  88   debug] default msg 26
[2026-04-09 05:57:02.4845738 UTC-05:00] [5208:7148] [FcVpnSched  88   debug] default msg 26
[2026-04-09 05:57:02.4868988 UTC-05:00] [5208:7148] [FcVpnSched  88   debug] default msg 26
[2026-04-09 05:57:02.4894216 UTC-05:00] [5208:7148] [FcVpnSched  88   debug] default msg 26
[2026-04-09 05:57:02.4922843 UTC-05:00] [5208:7148] [FcVpnSched  88   debug] default msg 26
[2026-04-09 05:57:02.4948728 UTC-05:00] [5208:7148] [FcVpnSched  88   debug] default msg 26
[2026-04-09 05:57:02.4972413 UTC-05:00] [5208:7148] [FcVpnSched  88   debug] default msg 26
[2026-04-09 05:57:02.4994965 UTC-05:00] [5208:7148] [FcVpnSched  88   debug] default msg 26
[2026-04-09 05:57:02.5018023 UTC-05:00] [5208:7148] [FcVpnSched  88   debug] default msg 26
[2026-04-09 05:57:02.5039773 UTC-05:00] [5208:7148] [FcVpnSched  88   debug] default msg 26
[2026-04-09 05:57:02.5061955 UTC-05:00] [5208:7148] [FcVpnSched  88   debug] default msg 26
[2026-04-09 05:57:02.5084018 UTC-05:00] [5208:7148] [FcVpnSched  88   debug] default msg 26
[2026-04-09 05:57:02.5106093 UTC-05:00] [5208:7148] [FcVpnSched  88   debug] default msg 26
[2026-04-09 05:57:02.5127986 UTC-05:00] [5208:7148] [FcVpnSched  88   debug] default msg 26
[2026-04-09 05:57:02.5150492 UTC-05:00] [5208:7148] [FcVpnSched  88   debug] default msg 26
[2026-04-09 05:57:02.5173756 UTC-05:00] [5208:7148] [FcVpnSched  88   debug] default msg 26
[2026-04-09 05:57:02.5198563 UTC-05:00] [5208:7148] [FcVpnSched  88   debug] default msg 26
[2026-04-09 05:57:02.5224139 UTC-05:00] [5208:7148] [FcVpnSched  88   debug] default msg 26
[2026-04-09 05:57:02.5247133 UTC-05:00] [5208:7148] [FcVpnSched  88   debug] default msg 26
[2026-04-09 05:57:02.5269357 UTC-05:00] [5208:7148] [FcVpnSched  88   debug] default msg 26
[2026-04-09 05:57:02.5291610 UTC-05:00] [5208:7148] [FcVpnSched  88   debug] default msg 26
[2026-04-09 05:57:02.5313593 UTC-05:00] [5208:7148] [FcVpnSched  88   debug] default msg 26
[2026-04-09 05:57:02.5335510 UTC-05:00] [5208:7148] [FcVpnSched  88   debug] default msg 26
[2026-04-09 05:57:02.5357187 UTC-05:00] [5208:7148] [FcVpnSched  88   debug] default msg 26
[2026-04-09 05:57:02.5386307 UTC-05:00] [5208:7148] [FcVpnSched  88   debug] default msg 26
[2026-04-09 05:57:02.5413567 UTC-05:00] [5208:7148] [FcVpnSched  88   debug] default msg 26
[2026-04-09 05:57:02.5438581 UTC-05:00] [5208:7148] [FcVpnSched  88   debug] default msg 26
[2026-04-09 05:57:02.5460433 UTC-05:00] [5208:7148] [FcVpnSched  88   debug] default msg 26
[2026-04-09 05:57:02.5485073 UTC-05:00] [5208:7148] [FcVpnSched  88   debug] default msg 26
[2026-04-09 05:57:02.5508320 UTC-05:00] [5208:7148] [FcVpnSched  88   debug] default msg 26
[2026-04-09 05:57:02.5537410 UTC-05:00] [5208:7148] [FcVpnSched  88   debug] default msg 26
[2026-04-09 05:57:02.5567301 UTC-05:00] [5208:7148] [FcVpnSched  88   debug] default msg 26
[2026-04-09 05:57:02.5598482 UTC-05:00] [5208:7148] [FcVpnSched  88   debug] default msg 26
[2026-04-09 05:57:02.5631289 UTC-05:00] [5208:7148] [FcVpnSched  88   debug] default msg 26
[2026-04-09 05:57:02.5663532 UTC-05:00] [5208:7148] [FcVpnSched  88   debug] default msg 26
[2026-04-09 05:57:02.5697474 UTC-05:00] [5208:7148] [FcVpnSched  88   debug] default msg 26
[2026-04-09 05:57:02.7661930 UTC-05:00] [5208:7148] [FcVpnSched  88   debug] default msg 26
[2026-04-09 05:57:02.7695419 UTC-05:00] [5208:7148] [FcVpnSched  88   debug] default msg 26
[2026-04-09 05:57:02.7728160 UTC-05:00] [5208:7148] [FcVpnSched  88   debug] default msg 26
[2026-04-09 05:57:02.7885005 UTC-05:00] [5208:7148] [FcVpnSched  88   debug] default msg 26
[2026-04-09 05:57:02.7915880 UTC-05:00] [5208:7148] [FcVpnSched  88   debug] default msg 26
[2026-04-09 05:57:02.7943737 UTC-05:00] [5208:7148] [FcVpnSched  88   debug] default msg 26
[2026-04-09 05:57:02.7970953 UTC-05:00] [5208:7148] [FcVpnSched  88   debug] default msg 26
[2026-04-09 05:57:02.7997844 UTC-05:00] [5208:7148] [FcVpnSched  88   debug] default msg 26
[2026-04-09 05:57:02.8024127 UTC-05:00] [5208:7148] [FcVpnSched  88   debug] default msg 26
[2026-04-09 05:57:02.8050342 UTC-05:00] [5208:7148] [FcVpnSched  88   debug] default msg 26
[2026-04-09 05:57:02.8079770 UTC-05:00] [5208:7148] [FcVpnSched  88   debug] default msg 26
[2026-04-09 05:57:02.8111139 UTC-05:00] [5208:7148] [FcVpnSched  88   debug] default msg 26
[2026-04-09 05:57:02.8144335 UTC-05:00] [5208:7148] [FcVpnSched  88   debug] default msg 26
[2026-04-09 05:57:02.8175099 UTC-05:00] [5208:7148] [FcVpnSched  88   debug] default msg 26
[2026-04-09 05:57:02.8202106 UTC-05:00] [5208:7148] [FcVpnSched  88   debug] default msg 26
[2026-04-09 05:57:02.8231905 UTC-05:00] [5208:7148] [FcVpnSched  88   debug] default msg 26
[2026-04-09 05:57:02.8262411 UTC-05:00] [5208:7148] [FcVpnSched  88   debug] default msg 26
[2026-04-09 05:57:02.8294324 UTC-05:00] [5208:7148] [FcVpnSched  88   debug] default msg 26
[2026-04-09 05:57:02.8322321 UTC-05:00] [5208:7148] [FcVpnSched  88   debug] default msg 26
[2026-04-09 05:57:02.8349279 UTC-05:00] [5208:7148] [FcVpnSched  88   debug] default msg 26
[2026-04-09 05:57:02.8374672 UTC-05:00] [5208:7148] [FcVpnSched  88   debug] default msg 26
[2026-04-09 05:57:02.8404886 UTC-05:00] [5208:7148] [FcVpnSched  88   debug] default msg 26
[2026-04-09 05:57:02.8431719 UTC-05:00] [5208:7148] [FcVpnSched  88   debug] default msg 26
[2026-04-09 05:57:02.8457500 UTC-05:00] [5208:7148] [FcVpnSched  88   debug] default msg 26
[2026-04-09 05:57:02.8483408 UTC-05:00] [5208:7148] [FcVpnSched  88   debug] default msg 26
[2026-04-09 05:57:02.8509232 UTC-05:00] [5208:7148] [FcVpnSched  88   debug] default msg 26
[2026-04-09 05:57:02.8532875 UTC-05:00] [5208:7148] [FcVpnSched  88   debug] default msg 26
[2026-04-09 05:57:02.8560425 UTC-05:00] [5208:7148] [FcVpnSched  88   debug] default msg 26
[2026-04-09 05:57:02.8587608 UTC-05:00] [5208:7148] [FcVpnSched  88   debug] default msg 26
[2026-04-09 05:57:02.8609261 UTC-05:00] [5208:7148] [FcVpnSched  88   debug] default msg 26
[2026-04-09 05:57:02.8629878 UTC-05:00] [5208:7148] [FcVpnSched  88   debug] default msg 26
[2026-04-09 05:57:02.8650503 UTC-05:00] [5208:7148] [FcVpnSched  88   debug] default msg 26
[2026-04-09 06:19:51.2249342 UTC-05:00] [5208:7148] [FcVpnSched  88   debug] default msg 26
[2026-04-09 06:19:51.5468834 UTC-05:00] [5208:7148] [FcVpnSched  88   debug] default msg 26
[2026-04-09 06:42:44.9771710 UTC-05:00] [5208:7148] [FcVpnSched  88   debug] default msg 26
[2026-04-09 06:42:45.2137032 UTC-05:00] [5208:7148] [FcVpnSched  88   debug] default msg 26
[2026-04-09 06:42:45.4782325 UTC-05:00] [5208:7148] [FcVpnSched  88   debug] default msg 26
[2026-04-09 06:42:45.7460108 UTC-05:00] [5208:7148] [FcVpnSched  88   debug] default msg 26
[2026-04-09 06:42:45.9548635 UTC-05:00] [5208:7148] [FcVpnSched  88   debug] default msg 26
[2026-04-09 06:42:46.3561585 UTC-05:00] [5208:7148] [FcVpnSched  88   debug] default msg 26
[2026-04-09 06:42:46.7458261 UTC-05:00] [5208:7148] [FcVpnSched  88   debug] default msg 26
[2026-04-09 06:42:47.0547087 UTC-05:00] [5208:7148] [FcVpnSched  88   debug] default msg 26
[2026-04-09 07:14:01.8495123 UTC-05:00] [5208:7148] [FcVpnSched  88   debug] default msg 30
[2026-04-09 07:14:01.9443421 UTC-05:00] [5208:7148] [FcVpnSched  88   debug] default msg 26
[2026-04-09 07:14:01.9472376 UTC-05:00] [5208:7148] [FcVpnSched  88   debug] default msg 26
[2026-04-09 07:14:01.9500016 UTC-05:00] [5208:7148] [FcVpnSched  88   debug] default msg 26
[2026-04-09 07:14:01.9526950 UTC-05:00] [5208:7148] [FcVpnSched  88   debug] default msg 26
[2026-04-09 07:14:01.9554224 UTC-05:00] [5208:7148] [FcVpnSched  88   debug] default msg 26
[2026-04-09 07:14:01.9580157 UTC-05:00] [5208:7148] [FcVpnSched  88   debug] default msg 26
[2026-04-09 07:14:01.9606537 UTC-05:00] [5208:7148] [FcVpnSched  88   debug] default msg 26
[2026-04-09 07:14:01.9632563 UTC-05:00] [5208:7148] [FcVpnSched  88   debug] default msg 26
[2026-04-09 07:14:01.9662421 UTC-05:00] [5208:7148] [FcVpnSched  88   debug] default msg 26
[2026-04-09 07:14:01.9697785 UTC-05:00] [5208:7148] [FcVpnSched  88   debug] default msg 26
[2026-04-09 07:14:01.9725475 UTC-05:00] [5208:7148] [FcVpnSched  88   debug] default msg 26
[2026-04-09 07:14:01.9752429 UTC-05:00] [5208:7148] [FcVpnSched  88   debug] default msg 26
[2026-04-09 07:14:01.9778448 UTC-05:00] [5208:7148] [FcVpnSched  88   debug] default msg 26
[2026-04-09 07:14:01.9803331 UTC-05:00] [5208:7148] [FcVpnSched  88   debug] default msg 26
[2026-04-09 07:14:01.9831742 UTC-05:00] [5208:7148] [FcVpnSched  88   debug] default msg 26
[2026-04-09 07:14:01.9855784 UTC-05:00] [5208:7148] [FcVpnSched  88   debug] default msg 26
[2026-04-09 07:14:01.9879334 UTC-05:00] [5208:7148] [FcVpnSched  88   debug] default msg 26
[2026-04-09 07:14:01.9903004 UTC-05:00] [5208:7148] [FcVpnSched  88   debug] default msg 26
[2026-04-09 07:14:01.9926937 UTC-05:00] [5208:7148] [FcVpnSched  88   debug] default msg 26
[2026-04-09 07:14:01.9950941 UTC-05:00] [5208:7148] [FcVpnSched  88   debug] default msg 26
[2026-04-09 07:14:01.9975428 UTC-05:00] [5208:7148] [FcVpnSched  88   debug] default msg 26
[2026-04-09 07:14:02.0000263 UTC-05:00] [5208:7148] [FcVpnSched  88   debug] default msg 26
[2026-04-09 07:14:02.0024642 UTC-05:00] [5208:7148] [FcVpnSched  88   debug] default msg 26
[2026-04-09 07:14:02.0046754 UTC-05:00] [5208:7148] [FcVpnSched  88   debug] default msg 26
[2026-04-09 07:14:02.0068227 UTC-05:00] [5208:7148] [FcVpnSched  88   debug] default msg 26
[2026-04-09 07:14:02.0089342 UTC-05:00] [5208:7148] [FcVpnSched  88   debug] default msg 26
[2026-04-09 07:14:02.0110593 UTC-05:00] [5208:7148] [FcVpnSched  88   debug] default msg 26
[2026-04-09 07:14:02.0132534 UTC-05:00] [5208:7148] [FcVpnSched  88   debug] default msg 26
[2026-04-09 07:14:02.0153835 UTC-05:00] [5208:7148] [FcVpnSched  88   debug] default msg 26
[2026-04-09 07:14:02.0175093 UTC-05:00] [5208:7148] [FcVpnSched  88   debug] default msg 26
[2026-04-09 07:14:02.0196124 UTC-05:00] [5208:7148] [FcVpnSched  88   debug] default msg 26
[2026-04-09 07:14:02.0217356 UTC-05:00] [5208:7148] [FcVpnSched  88   debug] default msg 26
[2026-04-09 07:14:02.0238876 UTC-05:00] [5208:7148] [FcVpnSched  88   debug] default msg 26
[2026-04-09 07:14:02.0260112 UTC-05:00] [5208:7148] [FcVpnSched  88   debug] default msg 26
[2026-04-09 07:14:02.0283556 UTC-05:00] [5208:7148] [FcVpnSched  88   debug] default msg 26
[2026-04-09 07:14:02.0313206 UTC-05:00] [5208:7148] [FcVpnSched  88   debug] default msg 26
[2026-04-09 07:14:02.0338391 UTC-05:00] [5208:7148] [FcVpnSched  88   debug] default msg 26
[2026-04-09 07:14:02.0362417 UTC-05:00] [5208:7148] [FcVpnSched  88   debug] default msg 26
[2026-04-09 07:14:02.0386442 UTC-05:00] [5208:7148] [FcVpnSched  88   debug] default msg 26
[2026-04-09 07:14:02.0410643 UTC-05:00] [5208:7148] [FcVpnSched  88   debug] default msg 26
[2026-04-09 07:14:02.0433838 UTC-05:00] [5208:7148] [FcVpnSched  88   debug] default msg 26
[2026-04-09 07:14:02.0459267 UTC-05:00] [5208:7148] [FcVpnSched  88   debug] default msg 26
[2026-04-09 07:14:02.0481594 UTC-05:00] [5208:7148] [FcVpnSched  88   debug] default msg 26
[2026-04-09 07:14:02.0502284 UTC-05:00] [5208:7148] [FcVpnSched  88   debug] default msg 26
[2026-04-09 07:14:02.0524532 UTC-05:00] [5208:7148] [FcVpnSched  88   debug] default msg 26
[2026-04-09 07:14:02.0546895 UTC-05:00] [5208:7148] [FcVpnSched  88   debug] default msg 26
[2026-04-09 07:14:02.0569685 UTC-05:00] [5208:7148] [FcVpnSched  88   debug] default msg 26
[2026-04-09 07:14:02.0591629 UTC-05:00] [5208:7148] [FcVpnSched  88   debug] default msg 26
[2026-04-09 07:14:02.0618007 UTC-05:00] [5208:7148] [FcVpnSched  88   debug] default msg 26
[2026-04-09 07:14:02.0641111 UTC-05:00] [5208:7148] [FcVpnSched  88   debug] default msg 26
[2026-04-09 07:14:02.0663832 UTC-05:00] [5208:7148] [FcVpnSched  88   debug] default msg 26
[2026-04-09 07:14:02.0686920 UTC-05:00] [5208:7148] [FcVpnSched  88   debug] default msg 26
[2026-04-09 07:14:02.0709974 UTC-05:00] [5208:7148] [FcVpnSched  88   debug] default msg 26
[2026-04-09 07:14:02.0732638 UTC-05:00] [5208:7148] [FcVpnSched  88   debug] default msg 26
[2026-04-09 07:14:02.0757895 UTC-05:00] [5208:7148] [FcVpnSched  88   debug] default msg 26
[2026-04-09 07:14:02.0784628 UTC-05:00] [5208:7148] [FcVpnSched  88   debug] default msg 26
[2026-04-09 07:14:02.2196237 UTC-05:00] [5208:7148] [FcVpnSched  88   debug] default msg 26
[2026-04-09 07:14:02.2232281 UTC-05:00] [5208:7148] [FcVpnSched  88   debug] default msg 26
[2026-04-09 07:14:02.2257300 UTC-05:00] [5208:7148] [FcVpnSched  88   debug] default msg 26
[2026-04-09 07:14:02.2281150 UTC-05:00] [5208:7148] [FcVpnSched  88   debug] default msg 26
[2026-04-09 07:14:02.2305225 UTC-05:00] [5208:7148] [FcVpnSched  88   debug] default msg 26
[2026-04-09 07:14:02.2328265 UTC-05:00] [5208:7148] [FcVpnSched  88   debug] default msg 26
[2026-04-09 07:14:02.2356412 UTC-05:00] [5208:7148] [FcVpnSched  88   debug] default msg 26
[2026-04-09 07:14:02.2384804 UTC-05:00] [5208:7148] [FcVpnSched  88   debug] default msg 26
[2026-04-09 07:14:02.2409253 UTC-05:00] [5208:7148] [FcVpnSched  88   debug] default msg 26
[2026-04-09 07:14:02.2433087 UTC-05:00] [5208:7148] [FcVpnSched  88   debug] default msg 26
[2026-04-09 07:14:02.2456675 UTC-05:00] [5208:7148] [FcVpnSched  88   debug] default msg 26
[2026-04-09 07:14:02.2479799 UTC-05:00] [5208:7148] [FcVpnSched  88   debug] default msg 26
[2026-04-09 07:14:02.2505310 UTC-05:00] [5208:7148] [FcVpnSched  88   debug] default msg 26
[2026-04-09 07:14:02.2536745 UTC-05:00] [5208:7148] [FcVpnSched  88   debug] default msg 26
[2026-04-09 07:14:02.2569409 UTC-05:00] [5208:7148] [FcVpnSched  88   debug] default msg 26
[2026-04-09 07:14:02.2599215 UTC-05:00] [5208:7148] [FcVpnSched  88   debug] default msg 26
[2026-04-09 07:14:02.2628906 UTC-05:00] [5208:7148] [FcVpnSched  88   debug] default msg 26
[2026-04-09 07:14:02.2659889 UTC-05:00] [5208:7148] [FcVpnSched  88   debug] default msg 26
[2026-04-09 07:14:02.2695238 UTC-05:00] [5208:7148] [FcVpnSched  88   debug] default msg 26
[2026-04-09 07:14:02.2722121 UTC-05:00] [5208:7148] [FcVpnSched  88   debug] default msg 26
[2026-04-09 07:14:02.2745988 UTC-05:00] [5208:7148] [FcVpnSched  88   debug] default msg 26
[2026-04-09 07:14:02.2769628 UTC-05:00] [5208:7148] [FcVpnSched  88   debug] default msg 26
[2026-04-09 07:14:02.2792734 UTC-05:00] [5208:7148] [FcVpnSched  88   debug] default msg 26
[2026-04-09 07:14:02.2817444 UTC-05:00] [5208:7148] [FcVpnSched  88   debug] default msg 26
[2026-04-09 07:14:02.2847392 UTC-05:00] [5208:7148] [FcVpnSched  88   debug] default msg 26
[2026-04-09 07:14:02.2873325 UTC-05:00] [5208:7148] [FcVpnSched  88   debug] default msg 26
[2026-04-09 07:14:02.2897028 UTC-05:00] [5208:7148] [FcVpnSched  88   debug] default msg 26
[2026-04-09 07:14:02.2920478 UTC-05:00] [5208:7148] [FcVpnSched  88   debug] default msg 26
[2026-04-09 07:14:02.2944344 UTC-05:00] [5208:7148] [FcVpnSched  88   debug] default msg 26
[2026-04-09 07:14:02.2967075 UTC-05:00] [5208:7148] [FcVpnSched  88   debug] default msg 26
[2026-04-09 07:14:02.3009501 UTC-05:00] [5208:7148] [FcVpnSched  88   debug] default msg 26
[2026-04-09 07:14:02.3044825 UTC-05:00] [5208:7148] [FcVpnSched  88   debug] default msg 26
[2026-04-09 07:50:45.9221436 UTC-05:00] [5208:7148] [FcVpnSched  88   debug] default msg 26
[2026-04-09 07:50:46.1670582 UTC-05:00] [5208:7148] [FcVpnSched  88   debug] default msg 26
[2026-04-09 07:50:46.4242651 UTC-05:00] [5208:7148] [FcVpnSched  88   debug] default msg 26
[2026-04-09 07:50:46.7468783 UTC-05:00] [5208:7148] [FcVpnSched  88   debug] default msg 26
[2026-04-09 07:50:46.9782916 UTC-05:00] [5208:7148] [FcVpnSched  88   debug] default msg 26
[2026-04-09 07:50:47.4149999 UTC-05:00] [5208:7148] [FcVpnSched  88   debug] default msg 26
[2026-04-09 07:50:47.8156824 UTC-05:00] [5208:7148] [FcVpnSched  88   debug] default msg 26
[2026-04-09 07:50:48.1183477 UTC-05:00] [5208:7148] [FcVpnSched  88   debug] default msg 26
[2026-04-09 08:11:51.5995483 UTC-05:00] [5208:7148] [FcVpnSched  88   debug] default msg 26
[2026-04-09 08:11:51.8696811 UTC-05:00] [5208:7148] [FcVpnSched  88   debug] default msg 26
[2026-04-09 08:58:45.0382129 UTC-05:00] [5208:7148] [FcVpnSched  88   debug] default msg 26
[2026-04-09 08:58:45.2698449 UTC-05:00] [5208:7148] [FcVpnSched  88   debug] default msg 26
[2026-04-09 08:58:45.5095075 UTC-05:00] [5208:7148] [FcVpnSched  88   debug] default msg 26
[2026-04-09 08:58:45.8208436 UTC-05:00] [5208:7148] [FcVpnSched  88   debug] default msg 26
[2026-04-09 08:58:46.0445352 UTC-05:00] [5208:7148] [FcVpnSched  88   debug] default msg 26
[2026-04-09 08:58:46.4813155 UTC-05:00] [5208:7148] [FcVpnSched  88   debug] default msg 26
[2026-04-09 08:58:46.8808920 UTC-05:00] [5208:7148] [FcVpnSched  88   debug] default msg 26
[2026-04-09 08:58:47.2190990 UTC-05:00] [5208:7148] [FcVpnSched  88   debug] default msg 26
[2026-04-09 09:47:02.6306314 UTC-05:00] [5208:7148] [FcVpnSched  88   debug] default msg 30
[2026-04-09 09:47:02.7341070 UTC-05:00] [5208:7148] [FcVpnSched  88   debug] default msg 26
[2026-04-09 09:47:02.7367840 UTC-05:00] [5208:7148] [FcVpnSched  88   debug] default msg 26
[2026-04-09 09:47:02.7391713 UTC-05:00] [5208:7148] [FcVpnSched  88   debug] default msg 26
[2026-04-09 09:47:02.7416082 UTC-05:00] [5208:7148] [FcVpnSched  88   debug] default msg 26
[2026-04-09 09:47:02.7440684 UTC-05:00] [5208:7148] [FcVpnSched  88   debug] default msg 26
[2026-04-09 09:47:02.7463567 UTC-05:00] [5208:7148] [FcVpnSched  88   debug] default msg 26
[2026-04-09 09:47:02.7484804 UTC-05:00] [5208:7148] [FcVpnSched  88   debug] default msg 26
[2026-04-09 09:47:02.7505769 UTC-05:00] [5208:7148] [FcVpnSched  88   debug] default msg 26
[2026-04-09 09:47:02.7526688 UTC-05:00] [5208:7148] [FcVpnSched  88   debug] default msg 26
[2026-04-09 09:47:02.7547667 UTC-05:00] [5208:7148] [FcVpnSched  88   debug] default msg 26
[2026-04-09 09:47:02.7570123 UTC-05:00] [5208:7148] [FcVpnSched  88   debug] default msg 26
[2026-04-09 09:47:02.7594004 UTC-05:00] [5208:7148] [FcVpnSched  88   debug] default msg 26
[2026-04-09 09:47:02.7615860 UTC-05:00] [5208:7148] [FcVpnSched  88   debug] default msg 26
[2026-04-09 09:47:02.7636894 UTC-05:00] [5208:7148] [FcVpnSched  88   debug] default msg 26
[2026-04-09 09:47:02.7657832 UTC-05:00] [5208:7148] [FcVpnSched  88   debug] default msg 26
[2026-04-09 09:47:02.7678778 UTC-05:00] [5208:7148] [FcVpnSched  88   debug] default msg 26
[2026-04-09 09:47:02.7699758 UTC-05:00] [5208:7148] [FcVpnSched  88   debug] default msg 26
[2026-04-09 09:47:02.7720389 UTC-05:00] [5208:7148] [FcVpnSched  88   debug] default msg 26
[2026-04-09 09:47:02.7746775 UTC-05:00] [5208:7148] [FcVpnSched  88   debug] default msg 26
[2026-04-09 09:47:02.7776897 UTC-05:00] [5208:7148] [FcVpnSched  88   debug] default msg 26
[2026-04-09 09:47:02.7801222 UTC-05:00] [5208:7148] [FcVpnSched  88   debug] default msg 26
[2026-04-09 09:47:02.7824255 UTC-05:00] [5208:7148] [FcVpnSched  88   debug] default msg 26
[2026-04-09 09:47:02.7846425 UTC-05:00] [5208:7148] [FcVpnSched  88   debug] default msg 26
[2026-04-09 09:47:02.7869218 UTC-05:00] [5208:7148] [FcVpnSched  88   debug] default msg 26
[2026-04-09 09:47:02.7892047 UTC-05:00] [5208:7148] [FcVpnSched  88   debug] default msg 26
[2026-04-09 09:47:02.7914920 UTC-05:00] [5208:7148] [FcVpnSched  88   debug] default msg 26
[2026-04-09 09:47:02.7936903 UTC-05:00] [5208:7148] [FcVpnSched  88   debug] default msg 26
[2026-04-09 09:47:02.7959518 UTC-05:00] [5208:7148] [FcVpnSched  88   debug] default msg 26
[2026-04-09 09:47:02.7982252 UTC-05:00] [5208:7148] [FcVpnSched  88   debug] default msg 26
[2026-04-09 09:47:02.8005653 UTC-05:00] [5208:7148] [FcVpnSched  88   debug] default msg 26
[2026-04-09 09:47:02.8027876 UTC-05:00] [5208:7148] [FcVpnSched  88   debug] default msg 26
[2026-04-09 09:47:02.8059271 UTC-05:00] [5208:7148] [FcVpnSched  88   debug] default msg 26
[2026-04-09 09:47:02.8088068 UTC-05:00] [5208:7148] [FcVpnSched  88   debug] default msg 26
[2026-04-09 09:47:02.8111190 UTC-05:00] [5208:7148] [FcVpnSched  88   debug] default msg 26
[2026-04-09 09:47:02.8132585 UTC-05:00] [5208:7148] [FcVpnSched  88   debug] default msg 26
[2026-04-09 09:47:02.8154017 UTC-05:00] [5208:7148] [FcVpnSched  88   debug] default msg 26
[2026-04-09 09:47:02.8176218 UTC-05:00] [5208:7148] [FcVpnSched  88   debug] default msg 26
[2026-04-09 09:47:02.8200173 UTC-05:00] [5208:7148] [FcVpnSched  88   debug] default msg 26
[2026-04-09 09:47:02.8223258 UTC-05:00] [5208:7148] [FcVpnSched  88   debug] default msg 26
[2026-04-09 09:47:02.8244261 UTC-05:00] [5208:7148] [FcVpnSched  88   debug] default msg 26
[2026-04-09 09:47:02.8265260 UTC-05:00] [5208:7148] [FcVpnSched  88   debug] default msg 26
[2026-04-09 09:47:02.8286807 UTC-05:00] [5208:7148] [FcVpnSched  88   debug] default msg 26
[2026-04-09 09:47:02.8308119 UTC-05:00] [5208:7148] [FcVpnSched  88   debug] default msg 26
[2026-04-09 09:47:02.8329688 UTC-05:00] [5208:7148] [FcVpnSched  88   debug] default msg 26
[2026-04-09 09:47:02.8350588 UTC-05:00] [5208:7148] [FcVpnSched  88   debug] default msg 26
[2026-04-09 09:47:02.8377326 UTC-05:00] [5208:7148] [FcVpnSched  88   debug] default msg 26
[2026-04-09 09:47:02.8407114 UTC-05:00] [5208:7148] [FcVpnSched  88   debug] default msg 26
[2026-04-09 09:47:02.8432625 UTC-05:00] [5208:7148] [FcVpnSched  88   debug] default msg 26
[2026-04-09 09:47:02.8457069 UTC-05:00] [5208:7148] [FcVpnSched  88   debug] default msg 26
[2026-04-09 09:47:02.8482476 UTC-05:00] [5208:7148] [FcVpnSched  88   debug] default msg 26
[2026-04-09 09:47:02.8506717 UTC-05:00] [5208:7148] [FcVpnSched  88   debug] default msg 26
[2026-04-09 09:47:02.8532817 UTC-05:00] [5208:7148] [FcVpnSched  88   debug] default msg 26
[2026-04-09 09:47:02.8558216 UTC-05:00] [5208:7148] [FcVpnSched  88   debug] default msg 26
[2026-04-09 09:47:02.8582966 UTC-05:00] [5208:7148] [FcVpnSched  88   debug] default msg 26
[2026-04-09 09:47:02.8607118 UTC-05:00] [5208:7148] [FcVpnSched  88   debug] default msg 26
[2026-04-09 09:47:02.8631529 UTC-05:00] [5208:7148] [FcVpnSched  88   debug] default msg 26
[2026-04-09 09:47:03.0152018 UTC-05:00] [5208:7148] [FcVpnSched  88   debug] default msg 26
[2026-04-09 09:47:03.0187868 UTC-05:00] [5208:7148] [FcVpnSched  88   debug] default msg 26
[2026-04-09 09:47:03.0212855 UTC-05:00] [5208:7148] [FcVpnSched  88   debug] default msg 26
[2026-04-09 09:47:03.0237497 UTC-05:00] [5208:7148] [FcVpnSched  88   debug] default msg 26
[2026-04-09 09:47:03.0263088 UTC-05:00] [5208:7148] [FcVpnSched  88   debug] default msg 26
[2026-04-09 09:47:03.0289473 UTC-05:00] [5208:7148] [FcVpnSched  88   debug] default msg 26
[2026-04-09 09:47:03.0322488 UTC-05:00] [5208:7148] [FcVpnSched  88   debug] default msg 26
[2026-04-09 09:47:03.0347200 UTC-05:00] [5208:7148] [FcVpnSched  88   debug] default msg 26
[2026-04-09 09:47:03.0371323 UTC-05:00] [5208:7148] [FcVpnSched  88   debug] default msg 26
[2026-04-09 09:47:03.0395460 UTC-05:00] [5208:7148] [FcVpnSched  88   debug] default msg 26
[2026-04-09 09:47:03.0418687 UTC-05:00] [5208:7148] [FcVpnSched  88   debug] default msg 26
[2026-04-09 09:47:03.0445112 UTC-05:00] [5208:7148] [FcVpnSched  88   debug] default msg 26
[2026-04-09 09:47:03.0470595 UTC-05:00] [5208:7148] [FcVpnSched  88   debug] default msg 26
[2026-04-09 09:47:03.0496522 UTC-05:00] [5208:7148] [FcVpnSched  88   debug] default msg 26
[2026-04-09 09:47:03.0521406 UTC-05:00] [5208:7148] [FcVpnSched  88   debug] default msg 26
[2026-04-09 09:47:03.0546753 UTC-05:00] [5208:7148] [FcVpnSched  88   debug] default msg 26
[2026-04-09 09:47:03.0573644 UTC-05:00] [5208:7148] [FcVpnSched  88   debug] default msg 26
[2026-04-09 09:47:03.0604124 UTC-05:00] [5208:7148] [FcVpnSched  88   debug] default msg 26
[2026-04-09 09:47:03.0630749 UTC-05:00] [5208:7148] [FcVpnSched  88   debug] default msg 26
[2026-04-09 09:47:03.0656277 UTC-05:00] [5208:7148] [FcVpnSched  88   debug] default msg 26
[2026-04-09 09:47:03.0681901 UTC-05:00] [5208:7148] [FcVpnSched  88   debug] default msg 26
[2026-04-09 09:47:03.0707042 UTC-05:00] [5208:7148] [FcVpnSched  88   debug] default msg 26
[2026-04-09 09:47:03.0739422 UTC-05:00] [5208:7148] [FcVpnSched  88   debug] default msg 26
[2026-04-09 09:47:03.0772790 UTC-05:00] [5208:7148] [FcVpnSched  88   debug] default msg 26
[2026-04-09 09:47:03.0799601 UTC-05:00] [5208:7148] [FcVpnSched  88   debug] default msg 26
[2026-04-09 09:47:03.0825348 UTC-05:00] [5208:7148] [FcVpnSched  88   debug] default msg 26
[2026-04-09 09:47:03.0851164 UTC-05:00] [5208:7148] [FcVpnSched  88   debug] default msg 26
[2026-04-09 09:47:03.0875810 UTC-05:00] [5208:7148] [FcVpnSched  88   debug] default msg 26
[2026-04-09 09:47:03.0904918 UTC-05:00] [5208:7148] [FcVpnSched  88   debug] default msg 26
[2026-04-09 09:47:03.0938206 UTC-05:00] [5208:7148] [FcVpnSched  88   debug] default msg 26
[2026-04-09 09:47:03.0965154 UTC-05:00] [5208:7148] [FcVpnSched  88   debug] default msg 26
[2026-04-09 09:47:03.0991338 UTC-05:00] [5208:7148] [FcVpnSched  88   debug] default msg 26
[2026-04-09 10:03:51.4469101 UTC-05:00] [5208:7148] [FcVpnSched  88   debug] default msg 26
[2026-04-09 10:03:51.7576540 UTC-05:00] [5208:7148] [FcVpnSched  88   debug] default msg 26
[2026-04-09 10:06:45.3362845 UTC-05:00] [5208:7148] [FcVpnSched  88   debug] default msg 26
[2026-04-09 10:06:45.5940141 UTC-05:00] [5208:7148] [FcVpnSched  88   debug] default msg 26
[2026-04-09 10:06:45.8420452 UTC-05:00] [5208:7148] [FcVpnSched  88   debug] default msg 26
[2026-04-09 10:06:46.1408174 UTC-05:00] [5208:7148] [FcVpnSched  88   debug] default msg 26
[2026-04-09 10:06:46.3538781 UTC-05:00] [5208:7148] [FcVpnSched  88   debug] default msg 26
[2026-04-09 10:06:46.7804644 UTC-05:00] [5208:7148] [FcVpnSched  88   debug] default msg 26
[2026-04-09 10:06:47.1811255 UTC-05:00] [5208:7148] [FcVpnSched  88   debug] default msg 26
[2026-04-09 10:06:47.5039115 UTC-05:00] [5208:7148] [FcVpnSched  88   debug] default msg 26
[2026-04-09 11:14:45.5648350 UTC-05:00] [5208:7148] [FcVpnSched  88   debug] default msg 26
[2026-04-09 11:14:45.8061612 UTC-05:00] [5208:7148] [FcVpnSched  88   debug] default msg 26
[2026-04-09 11:14:46.0643366 UTC-05:00] [5208:7148] [FcVpnSched  88   debug] default msg 26
[2026-04-09 11:14:46.3793086 UTC-05:00] [5208:7148] [FcVpnSched  88   debug] default msg 26
[2026-04-09 11:14:46.6424442 UTC-05:00] [5208:7148] [FcVpnSched  88   debug] default msg 26
[2026-04-09 11:14:47.0704905 UTC-05:00] [5208:7148] [FcVpnSched  88   debug] default msg 26
[2026-04-09 11:14:47.4736014 UTC-05:00] [5208:7148] [FcVpnSched  88   debug] default msg 26
[2026-04-09 11:14:47.7823133 UTC-05:00] [5208:7148] [FcVpnSched  88   debug] default msg 26
[2026-04-09 11:55:51.6570232 UTC-05:00] [5208:7148] [FcVpnSched  88   debug] default msg 26
[2026-04-09 11:55:51.9660072 UTC-05:00] [5208:7148] [FcVpnSched  88   debug] default msg 26
[2026-04-09 12:22:45.6496918 UTC-05:00] [5208:7148] [FcVpnSched  88   debug] default msg 26
[2026-04-09 12:22:45.9025490 UTC-05:00] [5208:7148] [FcVpnSched  88   debug] default msg 26
[2026-04-09 12:22:46.1593362 UTC-05:00] [5208:7148] [FcVpnSched  88   debug] default msg 26
[2026-04-09 12:22:46.4673452 UTC-05:00] [5208:7148] [FcVpnSched  88   debug] default msg 26
[2026-04-09 12:22:46.6859436 UTC-05:00] [5208:7148] [FcVpnSched  88   debug] default msg 26
[2026-04-09 12:22:47.1166265 UTC-05:00] [5208:7148] [FcVpnSched  88   debug] default msg 26
[2026-04-09 12:22:47.5230021 UTC-05:00] [5208:7148] [FcVpnSched  88   debug] default msg 26
[2026-04-09 12:22:47.8285737 UTC-05:00] [5208:7148] [FcVpnSched  88   debug] default msg 26
[2026-04-09 13:30:45.8870620 UTC-05:00] [5208:7148] [FcVpnSched  88   debug] default msg 26
[2026-04-09 13:30:46.1302628 UTC-05:00] [5208:7148] [FcVpnSched  88   debug] default msg 26
[2026-04-09 13:30:46.3957332 UTC-05:00] [5208:7148] [FcVpnSched  88   debug] default msg 26
[2026-04-09 13:30:46.7212950 UTC-05:00] [5208:7148] [FcVpnSched  88   debug] default msg 26
[2026-04-09 13:30:46.9631317 UTC-05:00] [5208:7148] [FcVpnSched  88   debug] default msg 26
[2026-04-09 13:30:47.4066462 UTC-05:00] [5208:7148] [FcVpnSched  88   debug] default msg 26
[2026-04-09 13:30:47.8117892 UTC-05:00] [5208:7148] [FcVpnSched  88   debug] default msg 26
[2026-04-09 13:30:48.1378182 UTC-05:00] [5208:7148] [FcVpnSched  88   debug] default msg 26
[2026-04-09 13:37:02.1340877 UTC-05:00] [5208:7148] [FcVpnSched  88   debug] default msg 30
[2026-04-09 13:37:02.2499992 UTC-05:00] [5208:7148] [FcVpnSched  88   debug] default msg 26
[2026-04-09 13:37:02.2535137 UTC-05:00] [5208:7148] [FcVpnSched  88   debug] default msg 26
[2026-04-09 13:37:02.2569448 UTC-05:00] [5208:7148] [FcVpnSched  88   debug] default msg 26
[2026-04-09 13:37:02.2605023 UTC-05:00] [5208:7148] [FcVpnSched  88   debug] default msg 26
[2026-04-09 13:37:02.2637116 UTC-05:00] [5208:7148] [FcVpnSched  88   debug] default msg 26
[2026-04-09 13:37:02.2666886 UTC-05:00] [5208:7148] [FcVpnSched  88   debug] default msg 26
[2026-04-09 13:37:02.2695565 UTC-05:00] [5208:7148] [FcVpnSched  88   debug] default msg 26
[2026-04-09 13:37:02.2724925 UTC-05:00] [5208:7148] [FcVpnSched  88   debug] default msg 26
[2026-04-09 13:37:02.2753679 UTC-05:00] [5208:7148] [FcVpnSched  88   debug] default msg 26
[2026-04-09 13:37:02.2784341 UTC-05:00] [5208:7148] [FcVpnSched  88   debug] default msg 26
[2026-04-09 13:37:02.2830314 UTC-05:00] [5208:7148] [FcVpnSched  88   debug] default msg 26
[2026-04-09 13:37:02.2869219 UTC-05:00] [5208:7148] [FcVpnSched  88   debug] default msg 26
[2026-04-09 13:37:02.2900924 UTC-05:00] [5208:7148] [FcVpnSched  88   debug] default msg 26
[2026-04-09 13:37:02.2932584 UTC-05:00] [5208:7148] [FcVpnSched  88   debug] default msg 26
[2026-04-09 13:37:02.2966160 UTC-05:00] [5208:7148] [FcVpnSched  88   debug] default msg 26
[2026-04-09 13:37:02.2995632 UTC-05:00] [5208:7148] [FcVpnSched  88   debug] default msg 26
[2026-04-09 13:37:02.3024344 UTC-05:00] [5208:7148] [FcVpnSched  88   debug] default msg 26
[2026-04-09 13:37:02.3052775 UTC-05:00] [5208:7148] [FcVpnSched  88   debug] default msg 26
[2026-04-09 13:37:02.3082587 UTC-05:00] [5208:7148] [FcVpnSched  88   debug] default msg 26
[2026-04-09 13:37:02.3121062 UTC-05:00] [5208:7148] [FcVpnSched  88   debug] default msg 26
[2026-04-09 13:37:02.3152350 UTC-05:00] [5208:7148] [FcVpnSched  88   debug] default msg 26
[2026-04-09 13:37:02.3184087 UTC-05:00] [5208:7148] [FcVpnSched  88   debug] default msg 26
[2026-04-09 13:37:02.3215851 UTC-05:00] [5208:7148] [FcVpnSched  88   debug] default msg 26
[2026-04-09 13:37:02.3250724 UTC-05:00] [5208:7148] [FcVpnSched  88   debug] default msg 26
[2026-04-09 13:37:02.3287076 UTC-05:00] [5208:7148] [FcVpnSched  88   debug] default msg 26
[2026-04-09 13:37:02.3320342 UTC-05:00] [5208:7148] [FcVpnSched  88   debug] default msg 26
[2026-04-09 13:37:02.3349269 UTC-05:00] [5208:7148] [FcVpnSched  88   debug] default msg 26
[2026-04-09 13:37:02.3381273 UTC-05:00] [5208:7148] [FcVpnSched  88   debug] default msg 26
[2026-04-09 13:37:02.3421486 UTC-05:00] [5208:7148] [FcVpnSched  88   debug] default msg 26
[2026-04-09 13:37:02.3452976 UTC-05:00] [5208:7148] [FcVpnSched  88   debug] default msg 26
[2026-04-09 13:37:02.3482732 UTC-05:00] [5208:7148] [FcVpnSched  88   debug] default msg 26
[2026-04-09 13:37:02.3510422 UTC-05:00] [5208:7148] [FcVpnSched  88   debug] default msg 26
[2026-04-09 13:37:02.3546713 UTC-05:00] [5208:7148] [FcVpnSched  88   debug] default msg 26
[2026-04-09 13:37:02.3584580 UTC-05:00] [5208:7148] [FcVpnSched  88   debug] default msg 26
[2026-04-09 13:37:02.3614215 UTC-05:00] [5208:7148] [FcVpnSched  88   debug] default msg 26
[2026-04-09 13:37:02.3640682 UTC-05:00] [5208:7148] [FcVpnSched  88   debug] default msg 26
[2026-04-09 13:37:02.3666440 UTC-05:00] [5208:7148] [FcVpnSched  88   debug] default msg 26
[2026-04-09 13:37:02.3697483 UTC-05:00] [5208:7148] [FcVpnSched  88   debug] default msg 26
[2026-04-09 13:37:02.3728757 UTC-05:00] [5208:7148] [FcVpnSched  88   debug] default msg 26
[2026-04-09 13:37:02.3765098 UTC-05:00] [5208:7148] [FcVpnSched  88   debug] default msg 26
[2026-04-09 13:37:02.3799318 UTC-05:00] [5208:7148] [FcVpnSched  88   debug] default msg 26
[2026-04-09 13:37:02.3828970 UTC-05:00] [5208:7148] [FcVpnSched  88   debug] default msg 26
[2026-04-09 13:37:02.3859554 UTC-05:00] [5208:7148] [FcVpnSched  88   debug] default msg 26
[2026-04-09 13:37:02.3894445 UTC-05:00] [5208:7148] [FcVpnSched  88   debug] default msg 26
[2026-04-09 13:37:02.3923487 UTC-05:00] [5208:7148] [FcVpnSched  88   debug] default msg 26
[2026-04-09 13:37:02.3950431 UTC-05:00] [5208:7148] [FcVpnSched  88   debug] default msg 26
[2026-04-09 13:37:02.3978230 UTC-05:00] [5208:7148] [FcVpnSched  88   debug] default msg 26
[2026-04-09 13:37:02.4003512 UTC-05:00] [5208:7148] [FcVpnSched  88   debug] default msg 26
[2026-04-09 13:37:02.4030863 UTC-05:00] [5208:7148] [FcVpnSched  88   debug] default msg 26
[2026-04-09 13:37:02.4059610 UTC-05:00] [5208:7148] [FcVpnSched  88   debug] default msg 26
[2026-04-09 13:37:02.4087414 UTC-05:00] [5208:7148] [FcVpnSched  88   debug] default msg 26
[2026-04-09 13:37:02.4113746 UTC-05:00] [5208:7148] [FcVpnSched  88   debug] default msg 26
[2026-04-09 13:37:02.4139598 UTC-05:00] [5208:7148] [FcVpnSched  88   debug] default msg 26
[2026-04-09 13:37:02.4165281 UTC-05:00] [5208:7148] [FcVpnSched  88   debug] default msg 26
[2026-04-09 13:37:02.4194208 UTC-05:00] [5208:7148] [FcVpnSched  88   debug] default msg 26
[2026-04-09 13:37:02.4221326 UTC-05:00] [5208:7148] [FcVpnSched  88   debug] default msg 26
[2026-04-09 13:37:02.5614940 UTC-05:00] [5208:7148] [FcVpnSched  88   debug] default msg 26
[2026-04-09 13:37:02.5647078 UTC-05:00] [5208:7148] [FcVpnSched  88   debug] default msg 26
[2026-04-09 13:37:02.5673213 UTC-05:00] [5208:7148] [FcVpnSched  88   debug] default msg 26
[2026-04-09 13:37:02.5698423 UTC-05:00] [5208:7148] [FcVpnSched  88   debug] default msg 26
[2026-04-09 13:37:02.5723140 UTC-05:00] [5208:7148] [FcVpnSched  88   debug] default msg 26
[2026-04-09 13:37:02.5747638 UTC-05:00] [5208:7148] [FcVpnSched  88   debug] default msg 26
[2026-04-09 13:37:02.5771800 UTC-05:00] [5208:7148] [FcVpnSched  88   debug] default msg 26
[2026-04-09 13:37:02.5801329 UTC-05:00] [5208:7148] [FcVpnSched  88   debug] default msg 26
[2026-04-09 13:37:02.5828872 UTC-05:00] [5208:7148] [FcVpnSched  88   debug] default msg 26
[2026-04-09 13:37:02.5855165 UTC-05:00] [5208:7148] [FcVpnSched  88   debug] default msg 26
[2026-04-09 13:37:02.5878703 UTC-05:00] [5208:7148] [FcVpnSched  88   debug] default msg 26
[2026-04-09 13:37:02.5901985 UTC-05:00] [5208:7148] [FcVpnSched  88   debug] default msg 26
[2026-04-09 13:37:02.5923354 UTC-05:00] [5208:7148] [FcVpnSched  88   debug] default msg 26
[2026-04-09 13:37:02.5949108 UTC-05:00] [5208:7148] [FcVpnSched  88   debug] default msg 26
[2026-04-09 13:37:02.5981442 UTC-05:00] [5208:7148] [FcVpnSched  88   debug] default msg 26
[2026-04-09 13:37:02.6009819 UTC-05:00] [5208:7148] [FcVpnSched  88   debug] default msg 26
[2026-04-09 13:37:02.6037377 UTC-05:00] [5208:7148] [FcVpnSched  88   debug] default msg 26
[2026-04-09 13:37:02.6063997 UTC-05:00] [5208:7148] [FcVpnSched  88   debug] default msg 26
[2026-04-09 13:37:02.6090789 UTC-05:00] [5208:7148] [FcVpnSched  88   debug] default msg 26
[2026-04-09 13:37:02.6119676 UTC-05:00] [5208:7148] [FcVpnSched  88   debug] default msg 26
[2026-04-09 13:37:02.6147454 UTC-05:00] [5208:7148] [FcVpnSched  88   debug] default msg 26
[2026-04-09 13:37:02.6174320 UTC-05:00] [5208:7148] [FcVpnSched  88   debug] default msg 26
[2026-04-09 13:37:02.6201096 UTC-05:00] [5208:7148] [FcVpnSched  88   debug] default msg 26
[2026-04-09 13:37:02.6228605 UTC-05:00] [5208:7148] [FcVpnSched  88   debug] default msg 26
[2026-04-09 13:37:02.6256372 UTC-05:00] [5208:7148] [FcVpnSched  88   debug] default msg 26
[2026-04-09 13:37:02.6284625 UTC-05:00] [5208:7148] [FcVpnSched  88   debug] default msg 26
[2026-04-09 13:37:02.6311651 UTC-05:00] [5208:7148] [FcVpnSched  88   debug] default msg 26
[2026-04-09 13:37:02.6339380 UTC-05:00] [5208:7148] [FcVpnSched  88   debug] default msg 26
[2026-04-09 13:37:02.6366042 UTC-05:00] [5208:7148] [FcVpnSched  88   debug] default msg 26
[2026-04-09 13:37:02.6392449 UTC-05:00] [5208:7148] [FcVpnSched  88   debug] default msg 26
[2026-04-09 13:37:02.6421093 UTC-05:00] [5208:7148] [FcVpnSched  88   debug] default msg 26
[2026-04-09 13:37:02.6449936 UTC-05:00] [5208:7148] [FcVpnSched  88   debug] default msg 26
[2026-04-09 13:47:50.8667188 UTC-05:00] [5208:7148] [FcVpnSched  88   debug] default msg 26
[2026-04-09 13:47:51.1762999 UTC-05:00] [5208:7148] [FcVpnSched  88   debug] default msg 26
[2026-04-09 14:38:45.0608147 UTC-05:00] [5208:7148] [FcVpnSched  88   debug] default msg 26
[2026-04-09 14:38:45.3056620 UTC-05:00] [5208:7148] [FcVpnSched  88   debug] default msg 26
[2026-04-09 14:38:45.5526481 UTC-05:00] [5208:7148] [FcVpnSched  88   debug] default msg 26
[2026-04-09 14:38:45.8608096 UTC-05:00] [5208:7148] [FcVpnSched  88   debug] default msg 26
[2026-04-09 14:38:46.0902998 UTC-05:00] [5208:7148] [FcVpnSched  88   debug] default msg 26
[2026-04-09 14:38:46.5355469 UTC-05:00] [5208:7148] [FcVpnSched  88   debug] default msg 26
[2026-04-09 14:38:46.9487098 UTC-05:00] [5208:7148] [FcVpnSched  88   debug] default msg 26
[2026-04-09 14:38:47.2481795 UTC-05:00] [5208:7148] [FcVpnSched  88   debug] default msg 26
[2026-04-09 15:14:01.8270495 UTC-05:00] [5208:7148] [FcVpnSched  88   debug] default msg 30
[2026-04-09 15:14:01.9284158 UTC-05:00] [5208:7148] [FcVpnSched  88   debug] default msg 26
[2026-04-09 15:14:01.9312651 UTC-05:00] [5208:7148] [FcVpnSched  88   debug] default msg 26
[2026-04-09 15:14:01.9339950 UTC-05:00] [5208:7148] [FcVpnSched  88   debug] default msg 26
[2026-04-09 15:14:01.9365371 UTC-05:00] [5208:7148] [FcVpnSched  88   debug] default msg 26
[2026-04-09 15:14:01.9390568 UTC-05:00] [5208:7148] [FcVpnSched  88   debug] default msg 26
[2026-04-09 15:14:01.9415309 UTC-05:00] [5208:7148] [FcVpnSched  88   debug] default msg 26
[2026-04-09 15:14:01.9443308 UTC-05:00] [5208:7148] [FcVpnSched  88   debug] default msg 26
[2026-04-09 15:14:01.9470988 UTC-05:00] [5208:7148] [FcVpnSched  88   debug] default msg 26
[2026-04-09 15:14:01.9499664 UTC-05:00] [5208:7148] [FcVpnSched  88   debug] default msg 26
[2026-04-09 15:14:01.9524607 UTC-05:00] [5208:7148] [FcVpnSched  88   debug] default msg 26
[2026-04-09 15:14:01.9549711 UTC-05:00] [5208:7148] [FcVpnSched  88   debug] default msg 26
[2026-04-09 15:14:01.9574028 UTC-05:00] [5208:7148] [FcVpnSched  88   debug] default msg 26
[2026-04-09 15:14:01.9598676 UTC-05:00] [5208:7148] [FcVpnSched  88   debug] default msg 26
[2026-04-09 15:14:01.9622864 UTC-05:00] [5208:7148] [FcVpnSched  88   debug] default msg 26
[2026-04-09 15:14:01.9647540 UTC-05:00] [5208:7148] [FcVpnSched  88   debug] default msg 26
[2026-04-09 15:14:01.9670252 UTC-05:00] [5208:7148] [FcVpnSched  88   debug] default msg 26
[2026-04-09 15:14:01.9693671 UTC-05:00] [5208:7148] [FcVpnSched  88   debug] default msg 26
[2026-04-09 15:14:01.9717721 UTC-05:00] [5208:7148] [FcVpnSched  88   debug] default msg 26
[2026-04-09 15:14:01.9741509 UTC-05:00] [5208:7148] [FcVpnSched  88   debug] default msg 26
[2026-04-09 15:14:01.9764620 UTC-05:00] [5208:7148] [FcVpnSched  88   debug] default msg 26
[2026-04-09 15:14:01.9795652 UTC-05:00] [5208:7148] [FcVpnSched  88   debug] default msg 26
[2026-04-09 15:14:01.9829403 UTC-05:00] [5208:7148] [FcVpnSched  88   debug] default msg 26
[2026-04-09 15:14:01.9856019 UTC-05:00] [5208:7148] [FcVpnSched  88   debug] default msg 26
[2026-04-09 15:14:01.9880568 UTC-05:00] [5208:7148] [FcVpnSched  88   debug] default msg 26
[2026-04-09 15:14:01.9905240 UTC-05:00] [5208:7148] [FcVpnSched  88   debug] default msg 26
[2026-04-09 15:14:01.9928517 UTC-05:00] [5208:7148] [FcVpnSched  88   debug] default msg 26
[2026-04-09 15:14:01.9957324 UTC-05:00] [5208:7148] [FcVpnSched  88   debug] default msg 26
[2026-04-09 15:14:01.9981899 UTC-05:00] [5208:7148] [FcVpnSched  88   debug] default msg 26
[2026-04-09 15:14:02.0005083 UTC-05:00] [5208:7148] [FcVpnSched  88   debug] default msg 26
[2026-04-09 15:14:02.0028230 UTC-05:00] [5208:7148] [FcVpnSched  88   debug] default msg 26
[2026-04-09 15:14:02.0052033 UTC-05:00] [5208:7148] [FcVpnSched  88   debug] default msg 26
[2026-04-09 15:14:02.0074722 UTC-05:00] [5208:7148] [FcVpnSched  88   debug] default msg 26
[2026-04-09 15:14:02.0099446 UTC-05:00] [5208:7148] [FcVpnSched  88   debug] default msg 26
[2026-04-09 15:14:02.0123704 UTC-05:00] [5208:7148] [FcVpnSched  88   debug] default msg 26
[2026-04-09 15:14:02.0145655 UTC-05:00] [5208:7148] [FcVpnSched  88   debug] default msg 26
[2026-04-09 15:14:02.0166892 UTC-05:00] [5208:7148] [FcVpnSched  88   debug] default msg 26
[2026-04-09 15:14:02.0188494 UTC-05:00] [5208:7148] [FcVpnSched  88   debug] default msg 26
[2026-04-09 15:14:02.0210415 UTC-05:00] [5208:7148] [FcVpnSched  88   debug] default msg 26
[2026-04-09 15:14:02.0231569 UTC-05:00] [5208:7148] [FcVpnSched  88   debug] default msg 26
[2026-04-09 15:14:02.0257321 UTC-05:00] [5208:7148] [FcVpnSched  88   debug] default msg 26
[2026-04-09 15:14:02.0284047 UTC-05:00] [5208:7148] [FcVpnSched  88   debug] default msg 26
[2026-04-09 15:14:02.0306930 UTC-05:00] [5208:7148] [FcVpnSched  88   debug] default msg 26
[2026-04-09 15:14:02.0328232 UTC-05:00] [5208:7148] [FcVpnSched  88   debug] default msg 26
[2026-04-09 15:14:02.0349354 UTC-05:00] [5208:7148] [FcVpnSched  88   debug] default msg 26
[2026-04-09 15:14:02.0370405 UTC-05:00] [5208:7148] [FcVpnSched  88   debug] default msg 26
[2026-04-09 15:14:02.0392063 UTC-05:00] [5208:7148] [FcVpnSched  88   debug] default msg 26
[2026-04-09 15:14:02.0418561 UTC-05:00] [5208:7148] [FcVpnSched  88   debug] default msg 26
[2026-04-09 15:14:02.0446598 UTC-05:00] [5208:7148] [FcVpnSched  88   debug] default msg 26
[2026-04-09 15:14:02.0470183 UTC-05:00] [5208:7148] [FcVpnSched  88   debug] default msg 26
[2026-04-09 15:14:02.0492453 UTC-05:00] [5208:7148] [FcVpnSched  88   debug] default msg 26
[2026-04-09 15:14:02.0514061 UTC-05:00] [5208:7148] [FcVpnSched  88   debug] default msg 26
[2026-04-09 15:14:02.0535760 UTC-05:00] [5208:7148] [FcVpnSched  88   debug] default msg 26
[2026-04-09 15:14:02.0556653 UTC-05:00] [5208:7148] [FcVpnSched  88   debug] default msg 26
[2026-04-09 15:14:02.0593765 UTC-05:00] [5208:7148] [FcVpnSched  88   debug] default msg 26
[2026-04-09 15:14:02.0624154 UTC-05:00] [5208:7148] [FcVpnSched  88   debug] default msg 26
[2026-04-09 15:14:02.0647564 UTC-05:00] [5208:7148] [FcVpnSched  88   debug] default msg 26
[2026-04-09 15:14:02.2121598 UTC-05:00] [5208:7148] [FcVpnSched  88   debug] default msg 26
[2026-04-09 15:14:02.2155461 UTC-05:00] [5208:7148] [FcVpnSched  88   debug] default msg 26
[2026-04-09 15:14:02.2182086 UTC-05:00] [5208:7148] [FcVpnSched  88   debug] default msg 26
[2026-04-09 15:14:02.2208552 UTC-05:00] [5208:7148] [FcVpnSched  88   debug] default msg 26
[2026-04-09 15:14:02.2234640 UTC-05:00] [5208:7148] [FcVpnSched  88   debug] default msg 26
[2026-04-09 15:14:02.2259928 UTC-05:00] [5208:7148] [FcVpnSched  88   debug] default msg 26
[2026-04-09 15:14:02.2285350 UTC-05:00] [5208:7148] [FcVpnSched  88   debug] default msg 26
[2026-04-09 15:14:02.2311550 UTC-05:00] [5208:7148] [FcVpnSched  88   debug] default msg 26
[2026-04-09 15:14:02.2338628 UTC-05:00] [5208:7148] [FcVpnSched  88   debug] default msg 26
[2026-04-09 15:14:02.2363589 UTC-05:00] [5208:7148] [FcVpnSched  88   debug] default msg 26
[2026-04-09 15:14:02.2387320 UTC-05:00] [5208:7148] [FcVpnSched  88   debug] default msg 26
[2026-04-09 15:14:02.2409968 UTC-05:00] [5208:7148] [FcVpnSched  88   debug] default msg 26
[2026-04-09 15:14:02.2432835 UTC-05:00] [5208:7148] [FcVpnSched  88   debug] default msg 26
[2026-04-09 15:14:02.2455284 UTC-05:00] [5208:7148] [FcVpnSched  88   debug] default msg 26
[2026-04-09 15:14:02.2481817 UTC-05:00] [5208:7148] [FcVpnSched  88   debug] default msg 26
[2026-04-09 15:14:02.2515463 UTC-05:00] [5208:7148] [FcVpnSched  88   debug] default msg 26
[2026-04-09 15:14:02.2543596 UTC-05:00] [5208:7148] [FcVpnSched  88   debug] default msg 26
[2026-04-09 15:14:02.2570430 UTC-05:00] [5208:7148] [FcVpnSched  88   debug] default msg 26
[2026-04-09 15:14:02.2597645 UTC-05:00] [5208:7148] [FcVpnSched  88   debug] default msg 26
[2026-04-09 15:14:02.2631735 UTC-05:00] [5208:7148] [FcVpnSched  88   debug] default msg 26
[2026-04-09 15:14:02.2666518 UTC-05:00] [5208:7148] [FcVpnSched  88   debug] default msg 26
[2026-04-09 15:14:02.2694930 UTC-05:00] [5208:7148] [FcVpnSched  88   debug] default msg 26
[2026-04-09 15:14:02.2722311 UTC-05:00] [5208:7148] [FcVpnSched  88   debug] default msg 26
[2026-04-09 15:14:02.2750530 UTC-05:00] [5208:7148] [FcVpnSched  88   debug] default msg 26
[2026-04-09 15:14:02.2781046 UTC-05:00] [5208:7148] [FcVpnSched  88   debug] default msg 26
[2026-04-09 15:14:02.2809557 UTC-05:00] [5208:7148] [FcVpnSched  88   debug] default msg 26
[2026-04-09 15:14:02.2835672 UTC-05:00] [5208:7148] [FcVpnSched  88   debug] default msg 26
[2026-04-09 15:14:02.2861260 UTC-05:00] [5208:7148] [FcVpnSched  88   debug] default msg 26
[2026-04-09 15:14:02.2887279 UTC-05:00] [5208:7148] [FcVpnSched  88   debug] default msg 26
[2026-04-09 15:14:02.2912746 UTC-05:00] [5208:7148] [FcVpnSched  88   debug] default msg 26
[2026-04-09 15:14:02.2937164 UTC-05:00] [5208:7148] [FcVpnSched  88   debug] default msg 26
[2026-04-09 15:14:02.2963466 UTC-05:00] [5208:7148] [FcVpnSched  88   debug] default msg 26
[2026-04-09 15:39:51.7552964 UTC-05:00] [5208:7148] [FcVpnSched  88   debug] default msg 26
[2026-04-09 15:39:52.0750549 UTC-05:00] [5208:7148] [FcVpnSched  88   debug] default msg 26
[2026-04-09 15:46:45.5835394 UTC-05:00] [5208:7148] [FcVpnSched  88   debug] default msg 26
[2026-04-09 15:46:45.8081799 UTC-05:00] [5208:7148] [FcVpnSched  88   debug] default msg 26
[2026-04-09 15:46:46.0861953 UTC-05:00] [5208:7148] [FcVpnSched  88   debug] default msg 26
[2026-04-09 15:46:46.4163513 UTC-05:00] [5208:7148] [FcVpnSched  88   debug] default msg 26
[2026-04-09 15:46:46.6402187 UTC-05:00] [5208:7148] [FcVpnSched  88   debug] default msg 26
[2026-04-09 15:46:47.0835789 UTC-05:00] [5208:7148] [FcVpnSched  88   debug] default msg 26
[2026-04-09 15:46:47.4843523 UTC-05:00] [5208:7148] [FcVpnSched  88   debug] default msg 26
[2026-04-09 15:46:47.7967044 UTC-05:00] [5208:7148] [FcVpnSched  88   debug] default msg 26
[2026-04-09 16:54:45.7532643 UTC-05:00] [5208:7148] [FcVpnSched  88   debug] default msg 26
[2026-04-09 16:54:45.9957603 UTC-05:00] [5208:7148] [FcVpnSched  88   debug] default msg 26
[2026-04-09 16:54:46.2401322 UTC-05:00] [5208:7148] [FcVpnSched  88   debug] default msg 26
[2026-04-09 16:54:46.5641817 UTC-05:00] [5208:7148] [FcVpnSched  88   debug] default msg 26
[2026-04-09 16:54:46.8002768 UTC-05:00] [5208:7148] [FcVpnSched  88   debug] default msg 26
[2026-04-09 16:54:47.2397173 UTC-05:00] [5208:7148] [FcVpnSched  88   debug] default msg 26
[2026-04-09 16:54:47.6604115 UTC-05:00] [5208:7148] [FcVpnSched  88   debug] default msg 26
[2026-04-09 16:54:48.0037892 UTC-05:00] [5208:7148] [FcVpnSched  88   debug] default msg 26
[2026-04-09 17:27:02.3837499 UTC-05:00] [5208:7148] [FcVpnSched  88   debug] default msg 30
[2026-04-09 17:27:02.4869838 UTC-05:00] [5208:7148] [FcVpnSched  88   debug] default msg 26
[2026-04-09 17:27:02.4905385 UTC-05:00] [5208:7148] [FcVpnSched  88   debug] default msg 26
[2026-04-09 17:27:02.4942496 UTC-05:00] [5208:7148] [FcVpnSched  88   debug] default msg 26
[2026-04-09 17:27:02.4970079 UTC-05:00] [5208:7148] [FcVpnSched  88   debug] default msg 26
[2026-04-09 17:27:02.4994142 UTC-05:00] [5208:7148] [FcVpnSched  88   debug] default msg 26
[2026-04-09 17:27:02.5017984 UTC-05:00] [5208:7148] [FcVpnSched  88   debug] default msg 26
[2026-04-09 17:27:02.5041566 UTC-05:00] [5208:7148] [FcVpnSched  88   debug] default msg 26
[2026-04-09 17:27:02.5068900 UTC-05:00] [5208:7148] [FcVpnSched  88   debug] default msg 26
[2026-04-09 17:27:02.5098586 UTC-05:00] [5208:7148] [FcVpnSched  88   debug] default msg 26
[2026-04-09 17:27:02.5122702 UTC-05:00] [5208:7148] [FcVpnSched  88   debug] default msg 26
[2026-04-09 17:27:02.5146976 UTC-05:00] [5208:7148] [FcVpnSched  88   debug] default msg 26
[2026-04-09 17:27:02.5170233 UTC-05:00] [5208:7148] [FcVpnSched  88   debug] default msg 26
[2026-04-09 17:27:02.5193492 UTC-05:00] [5208:7148] [FcVpnSched  88   debug] default msg 26
[2026-04-09 17:27:02.5220300 UTC-05:00] [5208:7148] [FcVpnSched  88   debug] default msg 26
[2026-04-09 17:27:02.5257909 UTC-05:00] [5208:7148] [FcVpnSched  88   debug] default msg 26
[2026-04-09 17:27:02.5287279 UTC-05:00] [5208:7148] [FcVpnSched  88   debug] default msg 26
[2026-04-09 17:27:02.5310931 UTC-05:00] [5208:7148] [FcVpnSched  88   debug] default msg 26
[2026-04-09 17:27:02.5335224 UTC-05:00] [5208:7148] [FcVpnSched  88   debug] default msg 26
[2026-04-09 17:27:02.5358272 UTC-05:00] [5208:7148] [FcVpnSched  88   debug] default msg 26
[2026-04-09 17:27:02.5382180 UTC-05:00] [5208:7148] [FcVpnSched  88   debug] default msg 26
[2026-04-09 17:27:02.5411408 UTC-05:00] [5208:7148] [FcVpnSched  88   debug] default msg 26
[2026-04-09 17:27:02.5437487 UTC-05:00] [5208:7148] [FcVpnSched  88   debug] default msg 26
[2026-04-09 17:27:02.5461085 UTC-05:00] [5208:7148] [FcVpnSched  88   debug] default msg 26
[2026-04-09 17:27:02.5484164 UTC-05:00] [5208:7148] [FcVpnSched  88   debug] default msg 26
[2026-04-09 17:27:02.5507135 UTC-05:00] [5208:7148] [FcVpnSched  88   debug] default msg 26
[2026-04-09 17:27:02.5530048 UTC-05:00] [5208:7148] [FcVpnSched  88   debug] default msg 26
[2026-04-09 17:27:02.5553335 UTC-05:00] [5208:7148] [FcVpnSched  88   debug] default msg 26
[2026-04-09 17:27:02.5577741 UTC-05:00] [5208:7148] [FcVpnSched  88   debug] default msg 26
[2026-04-09 17:27:02.5600906 UTC-05:00] [5208:7148] [FcVpnSched  88   debug] default msg 26
[2026-04-09 17:27:02.5624063 UTC-05:00] [5208:7148] [FcVpnSched  88   debug] default msg 26
[2026-04-09 17:27:02.5646906 UTC-05:00] [5208:7148] [FcVpnSched  88   debug] default msg 26
[2026-04-09 17:27:02.5669651 UTC-05:00] [5208:7148] [FcVpnSched  88   debug] default msg 26
[2026-04-09 17:27:02.5694784 UTC-05:00] [5208:7148] [FcVpnSched  88   debug] default msg 26
[2026-04-09 17:27:02.5719765 UTC-05:00] [5208:7148] [FcVpnSched  88   debug] default msg 26
[2026-04-09 17:27:02.5744761 UTC-05:00] [5208:7148] [FcVpnSched  88   debug] default msg 26
[2026-04-09 17:27:02.5767535 UTC-05:00] [5208:7148] [FcVpnSched  88   debug] default msg 26
[2026-04-09 17:27:02.5790732 UTC-05:00] [5208:7148] [FcVpnSched  88   debug] default msg 26
[2026-04-09 17:27:02.5813616 UTC-05:00] [5208:7148] [FcVpnSched  88   debug] default msg 26
[2026-04-09 17:27:02.5836504 UTC-05:00] [5208:7148] [FcVpnSched  88   debug] default msg 26
[2026-04-09 17:27:02.5862051 UTC-05:00] [5208:7148] [FcVpnSched  88   debug] default msg 26
[2026-04-09 17:27:02.5893250 UTC-05:00] [5208:7148] [FcVpnSched  88   debug] default msg 26
[2026-04-09 17:27:02.5916459 UTC-05:00] [5208:7148] [FcVpnSched  88   debug] default msg 26
[2026-04-09 17:27:02.5938968 UTC-05:00] [5208:7148] [FcVpnSched  88   debug] default msg 26
[2026-04-09 17:27:02.5961180 UTC-05:00] [5208:7148] [FcVpnSched  88   debug] default msg 26
[2026-04-09 17:27:02.5983665 UTC-05:00] [5208:7148] [FcVpnSched  88   debug] default msg 26
[2026-04-09 17:27:02.6005822 UTC-05:00] [5208:7148] [FcVpnSched  88   debug] default msg 26
[2026-04-09 17:27:02.6028761 UTC-05:00] [5208:7148] [FcVpnSched  88   debug] default msg 26
[2026-04-09 17:27:02.6050941 UTC-05:00] [5208:7148] [FcVpnSched  88   debug] default msg 26
[2026-04-09 17:27:02.6073054 UTC-05:00] [5208:7148] [FcVpnSched  88   debug] default msg 26
[2026-04-09 17:27:02.6095098 UTC-05:00] [5208:7148] [FcVpnSched  88   debug] default msg 26
[2026-04-09 17:27:02.6118057 UTC-05:00] [5208:7148] [FcVpnSched  88   debug] default msg 26
[2026-04-09 17:27:02.6140054 UTC-05:00] [5208:7148] [FcVpnSched  88   debug] default msg 26
[2026-04-09 17:27:02.6161978 UTC-05:00] [5208:7148] [FcVpnSched  88   debug] default msg 26
[2026-04-09 17:27:02.6187240 UTC-05:00] [5208:7148] [FcVpnSched  88   debug] default msg 26
[2026-04-09 17:27:02.6209947 UTC-05:00] [5208:7148] [FcVpnSched  88   debug] default msg 26
[2026-04-09 17:27:02.6232066 UTC-05:00] [5208:7148] [FcVpnSched  88   debug] default msg 26
[2026-04-09 17:27:02.7660750 UTC-05:00] [5208:7148] [FcVpnSched  88   debug] default msg 26
[2026-04-09 17:27:02.7701070 UTC-05:00] [5208:7148] [FcVpnSched  88   debug] default msg 26
[2026-04-09 17:27:02.7734566 UTC-05:00] [5208:7148] [FcVpnSched  88   debug] default msg 26
[2026-04-09 17:27:02.7770788 UTC-05:00] [5208:7148] [FcVpnSched  88   debug] default msg 26
[2026-04-09 17:27:02.7806517 UTC-05:00] [5208:7148] [FcVpnSched  88   debug] default msg 26
[2026-04-09 17:27:02.7838148 UTC-05:00] [5208:7148] [FcVpnSched  88   debug] default msg 26
[2026-04-09 17:27:02.7877221 UTC-05:00] [5208:7148] [FcVpnSched  88   debug] default msg 26
[2026-04-09 17:27:02.7919030 UTC-05:00] [5208:7148] [FcVpnSched  88   debug] default msg 26
[2026-04-09 17:27:02.7953254 UTC-05:00] [5208:7148] [FcVpnSched  88   debug] default msg 26
[2026-04-09 17:27:02.7983282 UTC-05:00] [5208:7148] [FcVpnSched  88   debug] default msg 26
[2026-04-09 17:27:02.8012113 UTC-05:00] [5208:7148] [FcVpnSched  88   debug] default msg 26
[2026-04-09 17:27:02.8040690 UTC-05:00] [5208:7148] [FcVpnSched  88   debug] default msg 26
[2026-04-09 17:27:02.8070946 UTC-05:00] [5208:7148] [FcVpnSched  88   debug] default msg 26
[2026-04-09 17:27:02.8100372 UTC-05:00] [5208:7148] [FcVpnSched  88   debug] default msg 26
[2026-04-09 17:27:02.8130065 UTC-05:00] [5208:7148] [FcVpnSched  88   debug] default msg 26
[2026-04-09 17:27:02.8167326 UTC-05:00] [5208:7148] [FcVpnSched  88   debug] default msg 26
[2026-04-09 17:27:02.8204041 UTC-05:00] [5208:7148] [FcVpnSched  88   debug] default msg 26
[2026-04-09 17:27:02.8240774 UTC-05:00] [5208:7148] [FcVpnSched  88   debug] default msg 26
[2026-04-09 17:27:02.8275041 UTC-05:00] [5208:7148] [FcVpnSched  88   debug] default msg 26
[2026-04-09 17:27:02.8306064 UTC-05:00] [5208:7148] [FcVpnSched  88   debug] default msg 26
[2026-04-09 17:27:02.8336353 UTC-05:00] [5208:7148] [FcVpnSched  88   debug] default msg 26
[2026-04-09 17:27:02.8366996 UTC-05:00] [5208:7148] [FcVpnSched  88   debug] default msg 26
[2026-04-09 17:27:02.8398977 UTC-05:00] [5208:7148] [FcVpnSched  88   debug] default msg 26
[2026-04-09 17:27:02.8436661 UTC-05:00] [5208:7148] [FcVpnSched  88   debug] default msg 26
[2026-04-09 17:27:02.8469774 UTC-05:00] [5208:7148] [FcVpnSched  88   debug] default msg 26
[2026-04-09 17:27:02.8507324 UTC-05:00] [5208:7148] [FcVpnSched  88   debug] default msg 26
[2026-04-09 17:27:02.8552308 UTC-05:00] [5208:7148] [FcVpnSched  88   debug] default msg 26
[2026-04-09 17:27:02.8599287 UTC-05:00] [5208:7148] [FcVpnSched  88   debug] default msg 26
[2026-04-09 17:27:02.8638587 UTC-05:00] [5208:7148] [FcVpnSched  88   debug] default msg 26
[2026-04-09 17:27:02.8674347 UTC-05:00] [5208:7148] [FcVpnSched  88   debug] default msg 26
[2026-04-09 17:27:02.8718433 UTC-05:00] [5208:7148] [FcVpnSched  88   debug] default msg 26
[2026-04-09 17:27:02.8755759 UTC-05:00] [5208:7148] [FcVpnSched  88   debug] default msg 26
[2026-04-09 17:31:51.1814344 UTC-05:00] [5208:7148] [FcVpnSched  88   debug] default msg 26
[2026-04-09 17:31:51.4876403 UTC-05:00] [5208:7148] [FcVpnSched  88   debug] default msg 26
[2026-04-09 18:02:45.2427044 UTC-05:00] [5208:7148] [FcVpnSched  88   debug] default msg 26
[2026-04-09 18:02:45.4960171 UTC-05:00] [5208:7148] [FcVpnSched  88   debug] default msg 26
[2026-04-09 18:02:45.7737286 UTC-05:00] [5208:7148] [FcVpnSched  88   debug] default msg 26
[2026-04-09 18:02:47.8829423 UTC-05:00] [5208:7148] [FcVpnSched  88   debug] default msg 26
[2026-04-09 18:02:48.0952402 UTC-05:00] [5208:7148] [FcVpnSched  88   debug] default msg 26
[2026-04-09 18:02:48.5328782 UTC-05:00] [5208:7148] [FcVpnSched  88   debug] default msg 26
[2026-04-09 18:02:48.9512513 UTC-05:00] [5208:7148] [FcVpnSched  88   debug] default msg 26
[2026-04-09 18:02:49.2646117 UTC-05:00] [5208:7148] [FcVpnSched  88   debug] default msg 26
[2026-04-09 19:10:45.3104955 UTC-05:00] [5208:7148] [FcVpnSched  88   debug] default msg 26
[2026-04-09 19:10:45.5498351 UTC-05:00] [5208:7148] [FcVpnSched  88   debug] default msg 26
[2026-04-09 19:10:45.8015450 UTC-05:00] [5208:7148] [FcVpnSched  88   debug] default msg 26
[2026-04-09 19:10:46.1162099 UTC-05:00] [5208:7148] [FcVpnSched  88   debug] default msg 26
[2026-04-09 19:10:46.3414117 UTC-05:00] [5208:7148] [FcVpnSched  88   debug] default msg 26
[2026-04-09 19:10:46.8092594 UTC-05:00] [5208:7148] [FcVpnSched  88   debug] default msg 26
[2026-04-09 19:10:47.2091757 UTC-05:00] [5208:7148] [FcVpnSched  88   debug] default msg 26
[2026-04-09 19:10:47.5140200 UTC-05:00] [5208:7148] [FcVpnSched  88   debug] default msg 26
[2026-04-09 19:23:51.3217113 UTC-05:00] [5208:7148] [FcVpnSched  88   debug] default msg 26
[2026-04-09 19:23:51.6153089 UTC-05:00] [5208:7148] [FcVpnSched  88   debug] default msg 26
[2026-04-09 20:18:45.4547941 UTC-05:00] [5208:7148] [FcVpnSched  88   debug] default msg 26
[2026-04-09 20:18:45.7009491 UTC-05:00] [5208:7148] [FcVpnSched  88   debug] default msg 26
[2026-04-09 20:18:45.9635519 UTC-05:00] [5208:7148] [FcVpnSched  88   debug] default msg 26
[2026-04-09 20:18:46.2547817 UTC-05:00] [5208:7148] [FcVpnSched  88   debug] default msg 26
[2026-04-09 20:18:46.4596836 UTC-05:00] [5208:7148] [FcVpnSched  88   debug] default msg 26
[2026-04-09 20:18:46.8626673 UTC-05:00] [5208:7148] [FcVpnSched  88   debug] default msg 26
[2026-04-09 20:18:47.2922243 UTC-05:00] [5208:7148] [FcVpnSched  88   debug] default msg 26
[2026-04-09 20:18:47.5993007 UTC-05:00] [5208:7148] [FcVpnSched  88   debug] default msg 26
[2026-04-09 21:15:51.4897985 UTC-05:00] [5208:7148] [FcVpnSched  88   debug] default msg 26
[2026-04-09 21:15:51.8224735 UTC-05:00] [5208:7148] [FcVpnSched  88   debug] default msg 26
[2026-04-09 21:17:01.9629298 UTC-05:00] [5208:7148] [FcVpnSched  88   debug] default msg 30
[2026-04-09 21:17:02.0643387 UTC-05:00] [5208:7148] [FcVpnSched  88   debug] default msg 26
[2026-04-09 21:17:02.0678577 UTC-05:00] [5208:7148] [FcVpnSched  88   debug] default msg 26
[2026-04-09 21:17:02.0703837 UTC-05:00] [5208:7148] [FcVpnSched  88   debug] default msg 26
[2026-04-09 21:17:02.0728656 UTC-05:00] [5208:7148] [FcVpnSched  88   debug] default msg 26
[2026-04-09 21:17:02.0752211 UTC-05:00] [5208:7148] [FcVpnSched  88   debug] default msg 26
[2026-04-09 21:17:02.0775976 UTC-05:00] [5208:7148] [FcVpnSched  88   debug] default msg 26
[2026-04-09 21:17:02.0800764 UTC-05:00] [5208:7148] [FcVpnSched  88   debug] default msg 26
[2026-04-09 21:17:02.0825794 UTC-05:00] [5208:7148] [FcVpnSched  88   debug] default msg 26
[2026-04-09 21:17:02.0866614 UTC-05:00] [5208:7148] [FcVpnSched  88   debug] default msg 26
[2026-04-09 21:17:02.0906288 UTC-05:00] [5208:7148] [FcVpnSched  88   debug] default msg 26
[2026-04-09 21:17:02.0932212 UTC-05:00] [5208:7148] [FcVpnSched  88   debug] default msg 26
[2026-04-09 21:17:02.0957456 UTC-05:00] [5208:7148] [FcVpnSched  88   debug] default msg 26
[2026-04-09 21:17:02.0983930 UTC-05:00] [5208:7148] [FcVpnSched  88   debug] default msg 26
[2026-04-09 21:17:02.1009608 UTC-05:00] [5208:7148] [FcVpnSched  88   debug] default msg 26
[2026-04-09 21:17:02.1036093 UTC-05:00] [5208:7148] [FcVpnSched  88   debug] default msg 26
[2026-04-09 21:17:02.1060968 UTC-05:00] [5208:7148] [FcVpnSched  88   debug] default msg 26
[2026-04-09 21:17:02.1086334 UTC-05:00] [5208:7148] [FcVpnSched  88   debug] default msg 26
[2026-04-09 21:17:02.1111121 UTC-05:00] [5208:7148] [FcVpnSched  88   debug] default msg 26
[2026-04-09 21:17:02.1135273 UTC-05:00] [5208:7148] [FcVpnSched  88   debug] default msg 26
[2026-04-09 21:17:02.1160627 UTC-05:00] [5208:7148] [FcVpnSched  88   debug] default msg 26
[2026-04-09 21:17:02.1188532 UTC-05:00] [5208:7148] [FcVpnSched  88   debug] default msg 26
[2026-04-09 21:17:02.1214099 UTC-05:00] [5208:7148] [FcVpnSched  88   debug] default msg 26
[2026-04-09 21:17:02.1238828 UTC-05:00] [5208:7148] [FcVpnSched  88   debug] default msg 26
[2026-04-09 21:17:02.1263138 UTC-05:00] [5208:7148] [FcVpnSched  88   debug] default msg 26
[2026-04-09 21:17:02.1287242 UTC-05:00] [5208:7148] [FcVpnSched  88   debug] default msg 26
[2026-04-09 21:17:02.1311993 UTC-05:00] [5208:7148] [FcVpnSched  88   debug] default msg 26
[2026-04-09 21:17:02.1336225 UTC-05:00] [5208:7148] [FcVpnSched  88   debug] default msg 26
[2026-04-09 21:17:02.1359905 UTC-05:00] [5208:7148] [FcVpnSched  88   debug] default msg 26
[2026-04-09 21:17:02.1383506 UTC-05:00] [5208:7148] [FcVpnSched  88   debug] default msg 26
[2026-04-09 21:17:02.1406800 UTC-05:00] [5208:7148] [FcVpnSched  88   debug] default msg 26
[2026-04-09 21:17:02.1430947 UTC-05:00] [5208:7148] [FcVpnSched  88   debug] default msg 26
[2026-04-09 21:17:02.1453541 UTC-05:00] [5208:7148] [FcVpnSched  88   debug] default msg 26
[2026-04-09 21:17:02.1477416 UTC-05:00] [5208:7148] [FcVpnSched  88   debug] default msg 26
[2026-04-09 21:17:02.1500246 UTC-05:00] [5208:7148] [FcVpnSched  88   debug] default msg 26
[2026-04-09 21:17:02.1523677 UTC-05:00] [5208:7148] [FcVpnSched  88   debug] default msg 26
[2026-04-09 21:17:02.1546336 UTC-05:00] [5208:7148] [FcVpnSched  88   debug] default msg 26
[2026-04-09 21:17:02.1569080 UTC-05:00] [5208:7148] [FcVpnSched  88   debug] default msg 26
[2026-04-09 21:17:02.1591793 UTC-05:00] [5208:7148] [FcVpnSched  88   debug] default msg 26
[2026-04-09 21:17:02.1615956 UTC-05:00] [5208:7148] [FcVpnSched  88   debug] default msg 26
[2026-04-09 21:17:02.1643985 UTC-05:00] [5208:7148] [FcVpnSched  88   debug] default msg 26
[2026-04-09 21:17:02.1668705 UTC-05:00] [5208:7148] [FcVpnSched  88   debug] default msg 26
[2026-04-09 21:17:02.1692703 UTC-05:00] [5208:7148] [FcVpnSched  88   debug] default msg 26
[2026-04-09 21:17:02.1716681 UTC-05:00] [5208:7148] [FcVpnSched  88   debug] default msg 26
[2026-04-09 21:17:02.1740271 UTC-05:00] [5208:7148] [FcVpnSched  88   debug] default msg 26
[2026-04-09 21:17:02.1763443 UTC-05:00] [5208:7148] [FcVpnSched  88   debug] default msg 26
[2026-04-09 21:17:02.1802824 UTC-05:00] [5208:7148] [FcVpnSched  88   debug] default msg 26
[2026-04-09 21:17:02.1828842 UTC-05:00] [5208:7148] [FcVpnSched  88   debug] default msg 26
[2026-04-09 21:17:02.1852499 UTC-05:00] [5208:7148] [FcVpnSched  88   debug] default msg 26
[2026-04-09 21:17:02.1876324 UTC-05:00] [5208:7148] [FcVpnSched  88   debug] default msg 26
[2026-04-09 21:17:02.1899349 UTC-05:00] [5208:7148] [FcVpnSched  88   debug] default msg 26
[2026-04-09 21:17:02.1921754 UTC-05:00] [5208:7148] [FcVpnSched  88   debug] default msg 26
[2026-04-09 21:17:02.1945177 UTC-05:00] [5208:7148] [FcVpnSched  88   debug] default msg 26
[2026-04-09 21:17:02.1968652 UTC-05:00] [5208:7148] [FcVpnSched  88   debug] default msg 26
[2026-04-09 21:17:02.1991495 UTC-05:00] [5208:7148] [FcVpnSched  88   debug] default msg 26
[2026-04-09 21:17:02.2014825 UTC-05:00] [5208:7148] [FcVpnSched  88   debug] default msg 26
[2026-04-09 21:17:02.2037666 UTC-05:00] [5208:7148] [FcVpnSched  88   debug] default msg 26
[2026-04-09 21:17:02.3514237 UTC-05:00] [5208:7148] [FcVpnSched  88   debug] default msg 26
[2026-04-09 21:17:02.3554193 UTC-05:00] [5208:7148] [FcVpnSched  88   debug] default msg 26
[2026-04-09 21:17:02.3579941 UTC-05:00] [5208:7148] [FcVpnSched  88   debug] default msg 26
[2026-04-09 21:17:02.3604693 UTC-05:00] [5208:7148] [FcVpnSched  88   debug] default msg 26
[2026-04-09 21:17:02.3629676 UTC-05:00] [5208:7148] [FcVpnSched  88   debug] default msg 26
[2026-04-09 21:17:02.3653918 UTC-05:00] [5208:7148] [FcVpnSched  88   debug] default msg 26
[2026-04-09 21:17:02.3682196 UTC-05:00] [5208:7148] [FcVpnSched  88   debug] default msg 26
[2026-04-09 21:17:02.3712908 UTC-05:00] [5208:7148] [FcVpnSched  88   debug] default msg 26
[2026-04-09 21:17:02.3736714 UTC-05:00] [5208:7148] [FcVpnSched  88   debug] default msg 26
[2026-04-09 21:17:02.3761526 UTC-05:00] [5208:7148] [FcVpnSched  88   debug] default msg 26
[2026-04-09 21:17:02.3786281 UTC-05:00] [5208:7148] [FcVpnSched  88   debug] default msg 26
[2026-04-09 21:17:02.3811339 UTC-05:00] [5208:7148] [FcVpnSched  88   debug] default msg 26
[2026-04-09 21:17:02.3832591 UTC-05:00] [5208:7148] [FcVpnSched  88   debug] default msg 26
[2026-04-09 21:17:02.3859531 UTC-05:00] [5208:7148] [FcVpnSched  88   debug] default msg 26
[2026-04-09 21:17:02.3889371 UTC-05:00] [5208:7148] [FcVpnSched  88   debug] default msg 26
[2026-04-09 21:17:02.3913279 UTC-05:00] [5208:7148] [FcVpnSched  88   debug] default msg 26
[2026-04-09 21:17:02.3935525 UTC-05:00] [5208:7148] [FcVpnSched  88   debug] default msg 26
[2026-04-09 21:17:02.3957709 UTC-05:00] [5208:7148] [FcVpnSched  88   debug] default msg 26
[2026-04-09 21:17:02.3979841 UTC-05:00] [5208:7148] [FcVpnSched  88   debug] default msg 26
[2026-04-09 21:17:02.4006081 UTC-05:00] [5208:7148] [FcVpnSched  88   debug] default msg 26
[2026-04-09 21:17:02.4030196 UTC-05:00] [5208:7148] [FcVpnSched  88   debug] default msg 26
[2026-04-09 21:17:02.4052479 UTC-05:00] [5208:7148] [FcVpnSched  88   debug] default msg 26
[2026-04-09 21:17:02.4074856 UTC-05:00] [5208:7148] [FcVpnSched  88   debug] default msg 26
[2026-04-09 21:17:02.4096983 UTC-05:00] [5208:7148] [FcVpnSched  88   debug] default msg 26
[2026-04-09 21:17:02.4119059 UTC-05:00] [5208:7148] [FcVpnSched  88   debug] default msg 26
[2026-04-09 21:17:02.4144632 UTC-05:00] [5208:7148] [FcVpnSched  88   debug] default msg 26
[2026-04-09 21:17:02.4180000 UTC-05:00] [5208:7148] [FcVpnSched  88   debug] default msg 26
[2026-04-09 21:17:02.4210391 UTC-05:00] [5208:7148] [FcVpnSched  88   debug] default msg 26
[2026-04-09 21:17:02.4237111 UTC-05:00] [5208:7148] [FcVpnSched  88   debug] default msg 26
[2026-04-09 21:17:02.4263404 UTC-05:00] [5208:7148] [FcVpnSched  88   debug] default msg 26
[2026-04-09 21:17:02.4288668 UTC-05:00] [5208:7148] [FcVpnSched  88   debug] default msg 26
[2026-04-09 21:17:02.4316408 UTC-05:00] [5208:7148] [FcVpnSched  88   debug] default msg 26
[2026-04-09 21:26:45.7103336 UTC-05:00] [5208:7148] [FcVpnSched  88   debug] default msg 26
[2026-04-09 21:26:45.9456310 UTC-05:00] [5208:7148] [FcVpnSched  88   debug] default msg 26
[2026-04-09 21:26:46.1878182 UTC-05:00] [5208:7148] [FcVpnSched  88   debug] default msg 26
[2026-04-09 21:26:46.4963278 UTC-05:00] [5208:7148] [FcVpnSched  88   debug] default msg 26
[2026-04-09 21:26:46.7128037 UTC-05:00] [5208:7148] [FcVpnSched  88   debug] default msg 26
[2026-04-09 21:26:47.1476587 UTC-05:00] [5208:7148] [FcVpnSched  88   debug] default msg 26
[2026-04-09 21:26:47.5674073 UTC-05:00] [5208:7148] [FcVpnSched  88   debug] default msg 26
[2026-04-09 21:26:47.8850076 UTC-05:00] [5208:7148] [FcVpnSched  88   debug] default msg 26
[2026-04-09 22:34:45.9451818 UTC-05:00] [5208:7148] [FcVpnSched  88   debug] default msg 26
[2026-04-09 22:34:46.1851162 UTC-05:00] [5208:7148] [FcVpnSched  88   debug] default msg 26
[2026-04-09 22:34:46.4420480 UTC-05:00] [5208:7148] [FcVpnSched  88   debug] default msg 26
[2026-04-09 22:34:46.7489145 UTC-05:00] [5208:7148] [FcVpnSched  88   debug] default msg 26
[2026-04-09 22:34:46.9664151 UTC-05:00] [5208:7148] [FcVpnSched  88   debug] default msg 26
[2026-04-09 22:34:47.4478326 UTC-05:00] [5208:7148] [FcVpnSched  88   debug] default msg 26
[2026-04-09 22:34:47.8468656 UTC-05:00] [5208:7148] [FcVpnSched  88   debug] default msg 26
[2026-04-09 22:34:48.1593097 UTC-05:00] [5208:7148] [FcVpnSched  88   debug] default msg 26
[2026-04-09 23:07:51.9976455 UTC-05:00] [5208:7148] [FcVpnSched  88   debug] default msg 26
[2026-04-09 23:07:52.3152814 UTC-05:00] [5208:7148] [FcVpnSched  88   debug] default msg 26
[2026-04-09 23:14:02.5178916 UTC-05:00] [5208:7148] [FcVpnSched  88   debug] default msg 30
[2026-04-09 23:14:02.6314537 UTC-05:00] [5208:7148] [FcVpnSched  88   debug] default msg 26
[2026-04-09 23:14:02.6341975 UTC-05:00] [5208:7148] [FcVpnSched  88   debug] default msg 26
[2026-04-09 23:14:02.6365645 UTC-05:00] [5208:7148] [FcVpnSched  88   debug] default msg 26
[2026-04-09 23:14:02.6389209 UTC-05:00] [5208:7148] [FcVpnSched  88   debug] default msg 26
[2026-04-09 23:14:02.6412463 UTC-05:00] [5208:7148] [FcVpnSched  88   debug] default msg 26
[2026-04-09 23:14:02.6436408 UTC-05:00] [5208:7148] [FcVpnSched  88   debug] default msg 26
[2026-04-09 23:14:02.6467368 UTC-05:00] [5208:7148] [FcVpnSched  88   debug] default msg 26
[2026-04-09 23:14:02.6493932 UTC-05:00] [5208:7148] [FcVpnSched  88   debug] default msg 26
[2026-04-09 23:14:02.6518687 UTC-05:00] [5208:7148] [FcVpnSched  88   debug] default msg 26
[2026-04-09 23:14:02.6542109 UTC-05:00] [5208:7148] [FcVpnSched  88   debug] default msg 26
[2026-04-09 23:14:02.6563854 UTC-05:00] [5208:7148] [FcVpnSched  88   debug] default msg 26
[2026-04-09 23:14:02.6585682 UTC-05:00] [5208:7148] [FcVpnSched  88   debug] default msg 26
[2026-04-09 23:14:02.6609324 UTC-05:00] [5208:7148] [FcVpnSched  88   debug] default msg 26
[2026-04-09 23:14:02.6635156 UTC-05:00] [5208:7148] [FcVpnSched  88   debug] default msg 26
[2026-04-09 23:14:02.6666035 UTC-05:00] [5208:7148] [FcVpnSched  88   debug] default msg 26
[2026-04-09 23:14:02.6690741 UTC-05:00] [5208:7148] [FcVpnSched  88   debug] default msg 26
[2026-04-09 23:14:02.6714421 UTC-05:00] [5208:7148] [FcVpnSched  88   debug] default msg 26
[2026-04-09 23:14:02.6738530 UTC-05:00] [5208:7148] [FcVpnSched  88   debug] default msg 26
[2026-04-09 23:14:02.6762527 UTC-05:00] [5208:7148] [FcVpnSched  88   debug] default msg 26
[2026-04-09 23:14:02.6789595 UTC-05:00] [5208:7148] [FcVpnSched  88   debug] default msg 26
[2026-04-09 23:14:02.6816235 UTC-05:00] [5208:7148] [FcVpnSched  88   debug] default msg 26
[2026-04-09 23:14:02.6841210 UTC-05:00] [5208:7148] [FcVpnSched  88   debug] default msg 26
[2026-04-09 23:14:02.6866482 UTC-05:00] [5208:7148] [FcVpnSched  88   debug] default msg 26
[2026-04-09 23:14:02.6891709 UTC-05:00] [5208:7148] [FcVpnSched  88   debug] default msg 26
[2026-04-09 23:14:02.6917074 UTC-05:00] [5208:7148] [FcVpnSched  88   debug] default msg 26
[2026-04-09 23:14:02.6949665 UTC-05:00] [5208:7148] [FcVpnSched  88   debug] default msg 26
[2026-04-09 23:14:02.6978623 UTC-05:00] [5208:7148] [FcVpnSched  88   debug] default msg 26
[2026-04-09 23:14:02.7002576 UTC-05:00] [5208:7148] [FcVpnSched  88   debug] default msg 26
[2026-04-09 23:14:02.7026471 UTC-05:00] [5208:7148] [FcVpnSched  88   debug] default msg 26
[2026-04-09 23:14:02.7050057 UTC-05:00] [5208:7148] [FcVpnSched  88   debug] default msg 26
[2026-04-09 23:14:02.7073270 UTC-05:00] [5208:7148] [FcVpnSched  88   debug] default msg 26
[2026-04-09 23:14:02.7107413 UTC-05:00] [5208:7148] [FcVpnSched  88   debug] default msg 26
[2026-04-09 23:14:02.7132616 UTC-05:00] [5208:7148] [FcVpnSched  88   debug] default msg 26
[2026-04-09 23:14:02.7156655 UTC-05:00] [5208:7148] [FcVpnSched  88   debug] default msg 26
[2026-04-09 23:14:02.7180507 UTC-05:00] [5208:7148] [FcVpnSched  88   debug] default msg 26
[2026-04-09 23:14:02.7203619 UTC-05:00] [5208:7148] [FcVpnSched  88   debug] default msg 26
[2026-04-09 23:14:02.7226671 UTC-05:00] [5208:7148] [FcVpnSched  88   debug] default msg 26
[2026-04-09 23:14:02.7262658 UTC-05:00] [5208:7148] [FcVpnSched  88   debug] default msg 26
[2026-04-09 23:14:02.7288517 UTC-05:00] [5208:7148] [FcVpnSched  88   debug] default msg 26
[2026-04-09 23:14:02.7312440 UTC-05:00] [5208:7148] [FcVpnSched  88   debug] default msg 26
[2026-04-09 23:14:02.7336579 UTC-05:00] [5208:7148] [FcVpnSched  88   debug] default msg 26
[2026-04-09 23:14:02.7359975 UTC-05:00] [5208:7148] [FcVpnSched  88   debug] default msg 26
[2026-04-09 23:14:02.7382981 UTC-05:00] [5208:7148] [FcVpnSched  88   debug] default msg 26
[2026-04-09 23:14:02.7417506 UTC-05:00] [5208:7148] [FcVpnSched  88   debug] default msg 26
[2026-04-09 23:14:02.7444255 UTC-05:00] [5208:7148] [FcVpnSched  88   debug] default msg 26
[2026-04-09 23:14:02.7469510 UTC-05:00] [5208:7148] [FcVpnSched  88   debug] default msg 26
[2026-04-09 23:14:02.7494816 UTC-05:00] [5208:7148] [FcVpnSched  88   debug] default msg 26
[2026-04-09 23:14:02.7519963 UTC-05:00] [5208:7148] [FcVpnSched  88   debug] default msg 26
[2026-04-09 23:14:02.7544975 UTC-05:00] [5208:7148] [FcVpnSched  88   debug] default msg 26
[2026-04-09 23:14:02.7571043 UTC-05:00] [5208:7148] [FcVpnSched  88   debug] default msg 26
[2026-04-09 23:14:02.7596147 UTC-05:00] [5208:7148] [FcVpnSched  88   debug] default msg 26
[2026-04-09 23:14:02.7621434 UTC-05:00] [5208:7148] [FcVpnSched  88   debug] default msg 26
[2026-04-09 23:14:02.7645983 UTC-05:00] [5208:7148] [FcVpnSched  88   debug] default msg 26
[2026-04-09 23:14:02.7670595 UTC-05:00] [5208:7148] [FcVpnSched  88   debug] default msg 26
[2026-04-09 23:14:02.7694782 UTC-05:00] [5208:7148] [FcVpnSched  88   debug] default msg 26
[2026-04-09 23:14:02.7720536 UTC-05:00] [5208:7148] [FcVpnSched  88   debug] default msg 26
[2026-04-09 23:14:02.9175748 UTC-05:00] [5208:7148] [FcVpnSched  88   debug] default msg 26
[2026-04-09 23:14:02.9223864 UTC-05:00] [5208:7148] [FcVpnSched  88   debug] default msg 26
[2026-04-09 23:14:02.9251612 UTC-05:00] [5208:7148] [FcVpnSched  88   debug] default msg 26
[2026-04-09 23:14:02.9278864 UTC-05:00] [5208:7148] [FcVpnSched  88   debug] default msg 26
[2026-04-09 23:14:02.9307613 UTC-05:00] [5208:7148] [FcVpnSched  88   debug] default msg 26
[2026-04-09 23:14:02.9337372 UTC-05:00] [5208:7148] [FcVpnSched  88   debug] default msg 26
[2026-04-09 23:14:02.9365016 UTC-05:00] [5208:7148] [FcVpnSched  88   debug] default msg 26
[2026-04-09 23:14:02.9392584 UTC-05:00] [5208:7148] [FcVpnSched  88   debug] default msg 26
[2026-04-09 23:14:02.9419928 UTC-05:00] [5208:7148] [FcVpnSched  88   debug] default msg 26
[2026-04-09 23:14:02.9447568 UTC-05:00] [5208:7148] [FcVpnSched  88   debug] default msg 26
[2026-04-09 23:14:02.9475886 UTC-05:00] [5208:7148] [FcVpnSched  88   debug] default msg 26
[2026-04-09 23:14:02.9503591 UTC-05:00] [5208:7148] [FcVpnSched  88   debug] default msg 26
[2026-04-09 23:14:02.9531073 UTC-05:00] [5208:7148] [FcVpnSched  88   debug] default msg 26
[2026-04-09 23:14:02.9558992 UTC-05:00] [5208:7148] [FcVpnSched  88   debug] default msg 26
[2026-04-09 23:14:02.9585512 UTC-05:00] [5208:7148] [FcVpnSched  88   debug] default msg 26
[2026-04-09 23:14:02.9613969 UTC-05:00] [5208:7148] [FcVpnSched  88   debug] default msg 26
[2026-04-09 23:14:02.9645621 UTC-05:00] [5208:7148] [FcVpnSched  88   debug] default msg 26
[2026-04-09 23:14:02.9674020 UTC-05:00] [5208:7148] [FcVpnSched  88   debug] default msg 26
[2026-04-09 23:14:02.9702650 UTC-05:00] [5208:7148] [FcVpnSched  88   debug] default msg 26
[2026-04-09 23:14:02.9732668 UTC-05:00] [5208:7148] [FcVpnSched  88   debug] default msg 26
[2026-04-09 23:14:02.9766407 UTC-05:00] [5208:7148] [FcVpnSched  88   debug] default msg 26
[2026-04-09 23:14:02.9802033 UTC-05:00] [5208:7148] [FcVpnSched  88   debug] default msg 26
[2026-04-09 23:14:02.9832320 UTC-05:00] [5208:7148] [FcVpnSched  88   debug] default msg 26
[2026-04-09 23:14:02.9860133 UTC-05:00] [5208:7148] [FcVpnSched  88   debug] default msg 26
[2026-04-09 23:14:02.9900538 UTC-05:00] [5208:7148] [FcVpnSched  88   debug] default msg 26
[2026-04-09 23:14:02.9934335 UTC-05:00] [5208:7148] [FcVpnSched  88   debug] default msg 26
[2026-04-09 23:14:02.9966747 UTC-05:00] [5208:7148] [FcVpnSched  88   debug] default msg 26
[2026-04-09 23:14:02.9994514 UTC-05:00] [5208:7148] [FcVpnSched  88   debug] default msg 26
[2026-04-09 23:14:03.0021624 UTC-05:00] [5208:7148] [FcVpnSched  88   debug] default msg 26
[2026-04-09 23:14:03.0057631 UTC-05:00] [5208:7148] [FcVpnSched  88   debug] default msg 26
[2026-04-09 23:14:03.0087552 UTC-05:00] [5208:7148] [FcVpnSched  88   debug] default msg 26
[2026-04-09 23:14:03.0115527 UTC-05:00] [5208:7148] [FcVpnSched  88   debug] default msg 26
[2026-04-09 23:42:45.2426414 UTC-05:00] [5208:7148] [FcVpnSched  88   debug] default msg 26
[2026-04-09 23:42:45.4846386 UTC-05:00] [5208:7148] [FcVpnSched  88   debug] default msg 26
[2026-04-09 23:42:45.7403538 UTC-05:00] [5208:7148] [FcVpnSched  88   debug] default msg 26
[2026-04-09 23:42:46.0501588 UTC-05:00] [5208:7148] [FcVpnSched  88   debug] default msg 26
[2026-04-09 23:42:46.2687928 UTC-05:00] [5208:7148] [FcVpnSched  88   debug] default msg 26
[2026-04-09 23:42:46.7023402 UTC-05:00] [5208:7148] [FcVpnSched  88   debug] default msg 26
[2026-04-09 23:42:47.1192826 UTC-05:00] [5208:7148] [FcVpnSched  88   debug] default msg 26
[2026-04-09 23:42:47.4304048 UTC-05:00] [5208:7148] [FcVpnSched  88   debug] default msg 26
[2026-04-10 00:50:45.4846132 UTC-05:00] [5208:7148] [FcVpnSched  88   debug] default msg 26
[2026-04-10 00:50:45.7625712 UTC-05:00] [5208:7148] [FcVpnSched  88   debug] default msg 26
[2026-04-10 00:50:46.0209483 UTC-05:00] [5208:7148] [FcVpnSched  88   debug] default msg 26
[2026-04-10 00:50:46.3605904 UTC-05:00] [5208:7148] [FcVpnSched  88   debug] default msg 26
[2026-04-10 00:50:46.5803779 UTC-05:00] [5208:7148] [FcVpnSched  88   debug] default msg 26
[2026-04-10 00:50:47.0201579 UTC-05:00] [5208:7148] [FcVpnSched  88   debug] default msg 26
[2026-04-10 00:50:47.4239931 UTC-05:00] [5208:7148] [FcVpnSched  88   debug] default msg 26
[2026-04-10 00:50:47.7374921 UTC-05:00] [5208:7148] [FcVpnSched  88   debug] default msg 26
[2026-04-10 00:59:51.0199644 UTC-05:00] [5208:7148] [FcVpnSched  88   debug] default msg 26
[2026-04-10 00:59:51.3069934 UTC-05:00] [5208:7148] [FcVpnSched  88   debug] default msg 26
[2026-04-10 01:07:02.0607306 UTC-05:00] [5208:7148] [FcVpnSched  88   debug] default msg 30
[2026-04-10 01:07:02.1804054 UTC-05:00] [5208:7148] [FcVpnSched  88   debug] default msg 26
[2026-04-10 01:07:02.1834374 UTC-05:00] [5208:7148] [FcVpnSched  88   debug] default msg 26
[2026-04-10 01:07:02.1862002 UTC-05:00] [5208:7148] [FcVpnSched  88   debug] default msg 26
[2026-04-10 01:07:02.1889127 UTC-05:00] [5208:7148] [FcVpnSched  88   debug] default msg 26
[2026-04-10 01:07:02.1921704 UTC-05:00] [5208:7148] [FcVpnSched  88   debug] default msg 26
[2026-04-10 01:07:02.1952869 UTC-05:00] [5208:7148] [FcVpnSched  88   debug] default msg 26
[2026-04-10 01:07:02.1982118 UTC-05:00] [5208:7148] [FcVpnSched  88   debug] default msg 26
[2026-04-10 01:07:02.2011022 UTC-05:00] [5208:7148] [FcVpnSched  88   debug] default msg 26
[2026-04-10 01:07:02.2039381 UTC-05:00] [5208:7148] [FcVpnSched  88   debug] default msg 26
[2026-04-10 01:07:02.2067961 UTC-05:00] [5208:7148] [FcVpnSched  88   debug] default msg 26
[2026-04-10 01:07:02.2096155 UTC-05:00] [5208:7148] [FcVpnSched  88   debug] default msg 26
[2026-04-10 01:07:02.2123711 UTC-05:00] [5208:7148] [FcVpnSched  88   debug] default msg 26
[2026-04-10 01:07:02.2149338 UTC-05:00] [5208:7148] [FcVpnSched  88   debug] default msg 26
[2026-04-10 01:07:02.2175102 UTC-05:00] [5208:7148] [FcVpnSched  88   debug] default msg 26
[2026-04-10 01:07:02.2200163 UTC-05:00] [5208:7148] [FcVpnSched  88   debug] default msg 26
[2026-04-10 01:07:02.2226112 UTC-05:00] [5208:7148] [FcVpnSched  88   debug] default msg 26
[2026-04-10 01:07:02.2253030 UTC-05:00] [5208:7148] [FcVpnSched  88   debug] default msg 26
[2026-04-10 01:07:02.2278413 UTC-05:00] [5208:7148] [FcVpnSched  88   debug] default msg 26
[2026-04-10 01:07:02.2304966 UTC-05:00] [5208:7148] [FcVpnSched  88   debug] default msg 26
[2026-04-10 01:07:02.2333168 UTC-05:00] [5208:7148] [FcVpnSched  88   debug] default msg 26
[2026-04-10 01:07:02.2358540 UTC-05:00] [5208:7148] [FcVpnSched  88   debug] default msg 26
[2026-04-10 01:07:02.2383572 UTC-05:00] [5208:7148] [FcVpnSched  88   debug] default msg 26
[2026-04-10 01:07:02.2409615 UTC-05:00] [5208:7148] [FcVpnSched  88   debug] default msg 26
[2026-04-10 01:07:02.2434501 UTC-05:00] [5208:7148] [FcVpnSched  88   debug] default msg 26
[2026-04-10 01:07:02.2460308 UTC-05:00] [5208:7148] [FcVpnSched  88   debug] default msg 26
[2026-04-10 01:07:02.2485293 UTC-05:00] [5208:7148] [FcVpnSched  88   debug] default msg 26
[2026-04-10 01:07:02.2509876 UTC-05:00] [5208:7148] [FcVpnSched  88   debug] default msg 26
[2026-04-10 01:07:02.2537984 UTC-05:00] [5208:7148] [FcVpnSched  88   debug] default msg 26
[2026-04-10 01:07:02.2565843 UTC-05:00] [5208:7148] [FcVpnSched  88   debug] default msg 26
[2026-04-10 01:07:02.2598387 UTC-05:00] [5208:7148] [FcVpnSched  88   debug] default msg 26
[2026-04-10 01:07:02.2627216 UTC-05:00] [5208:7148] [FcVpnSched  88   debug] default msg 26
[2026-04-10 01:07:02.2654621 UTC-05:00] [5208:7148] [FcVpnSched  88   debug] default msg 26
[2026-04-10 01:07:02.2678749 UTC-05:00] [5208:7148] [FcVpnSched  88   debug] default msg 26
[2026-04-10 01:07:02.2708112 UTC-05:00] [5208:7148] [FcVpnSched  88   debug] default msg 26
[2026-04-10 01:07:02.2735113 UTC-05:00] [5208:7148] [FcVpnSched  88   debug] default msg 26
[2026-04-10 01:07:02.2762094 UTC-05:00] [5208:7148] [FcVpnSched  88   debug] default msg 26
[2026-04-10 01:07:02.2787138 UTC-05:00] [5208:7148] [FcVpnSched  88   debug] default msg 26
[2026-04-10 01:07:02.2814029 UTC-05:00] [5208:7148] [FcVpnSched  88   debug] default msg 26
[2026-04-10 01:07:02.2844542 UTC-05:00] [5208:7148] [FcVpnSched  88   debug] default msg 26
[2026-04-10 01:07:02.2879105 UTC-05:00] [5208:7148] [FcVpnSched  88   debug] default msg 26
[2026-04-10 01:07:02.2904457 UTC-05:00] [5208:7148] [FcVpnSched  88   debug] default msg 26
[2026-04-10 01:07:02.2938472 UTC-05:00] [5208:7148] [FcVpnSched  88   debug] default msg 26
[2026-04-10 01:07:02.2964159 UTC-05:00] [5208:7148] [FcVpnSched  88   debug] default msg 26
[2026-04-10 01:07:02.2987966 UTC-05:00] [5208:7148] [FcVpnSched  88   debug] default msg 26
[2026-04-10 01:07:02.3015024 UTC-05:00] [5208:7148] [FcVpnSched  88   debug] default msg 26
[2026-04-10 01:07:02.3039689 UTC-05:00] [5208:7148] [FcVpnSched  88   debug] default msg 26
[2026-04-10 01:07:02.3063206 UTC-05:00] [5208:7148] [FcVpnSched  88   debug] default msg 26
[2026-04-10 01:07:02.3085968 UTC-05:00] [5208:7148] [FcVpnSched  88   debug] default msg 26
[2026-04-10 01:07:02.3110177 UTC-05:00] [5208:7148] [FcVpnSched  88   debug] default msg 26
[2026-04-10 01:07:02.3133057 UTC-05:00] [5208:7148] [FcVpnSched  88   debug] default msg 26
[2026-04-10 01:07:02.3157488 UTC-05:00] [5208:7148] [FcVpnSched  88   debug] default msg 26
[2026-04-10 01:07:02.3184682 UTC-05:00] [5208:7148] [FcVpnSched  88   debug] default msg 26
[2026-04-10 01:07:02.3209476 UTC-05:00] [5208:7148] [FcVpnSched  88   debug] default msg 26
[2026-04-10 01:07:02.3233234 UTC-05:00] [5208:7148] [FcVpnSched  88   debug] default msg 26
[2026-04-10 01:07:02.3256416 UTC-05:00] [5208:7148] [FcVpnSched  88   debug] default msg 26
[2026-04-10 01:07:02.3280164 UTC-05:00] [5208:7148] [FcVpnSched  88   debug] default msg 26
[2026-04-10 01:07:02.4672060 UTC-05:00] [5208:7148] [FcVpnSched  88   debug] default msg 26
[2026-04-10 01:07:02.4700705 UTC-05:00] [5208:7148] [FcVpnSched  88   debug] default msg 26
[2026-04-10 01:07:02.4725435 UTC-05:00] [5208:7148] [FcVpnSched  88   debug] default msg 26
[2026-04-10 01:07:02.4768531 UTC-05:00] [5208:7148] [FcVpnSched  88   debug] default msg 26
[2026-04-10 01:07:02.4799819 UTC-05:00] [5208:7148] [FcVpnSched  88   debug] default msg 26
[2026-04-10 01:07:02.4825914 UTC-05:00] [5208:7148] [FcVpnSched  88   debug] default msg 26
[2026-04-10 01:07:02.4850598 UTC-05:00] [5208:7148] [FcVpnSched  88   debug] default msg 26
[2026-04-10 01:07:02.4877540 UTC-05:00] [5208:7148] [FcVpnSched  88   debug] default msg 26
[2026-04-10 01:07:02.4908544 UTC-05:00] [5208:7148] [FcVpnSched  88   debug] default msg 26
[2026-04-10 01:07:02.4938649 UTC-05:00] [5208:7148] [FcVpnSched  88   debug] default msg 26
[2026-04-10 01:07:02.4963980 UTC-05:00] [5208:7148] [FcVpnSched  88   debug] default msg 26
[2026-04-10 01:07:02.4988927 UTC-05:00] [5208:7148] [FcVpnSched  88   debug] default msg 26
[2026-04-10 01:07:02.5013356 UTC-05:00] [5208:7148] [FcVpnSched  88   debug] default msg 26
[2026-04-10 01:07:02.5041594 UTC-05:00] [5208:7148] [FcVpnSched  88   debug] default msg 26
[2026-04-10 01:07:02.5077281 UTC-05:00] [5208:7148] [FcVpnSched  88   debug] default msg 26
[2026-04-10 01:07:02.5106414 UTC-05:00] [5208:7148] [FcVpnSched  88   debug] default msg 26
[2026-04-10 01:07:02.5134090 UTC-05:00] [5208:7148] [FcVpnSched  88   debug] default msg 26
[2026-04-10 01:07:02.5161252 UTC-05:00] [5208:7148] [FcVpnSched  88   debug] default msg 26
[2026-04-10 01:07:02.5186760 UTC-05:00] [5208:7148] [FcVpnSched  88   debug] default msg 26
[2026-04-10 01:07:02.5213834 UTC-05:00] [5208:7148] [FcVpnSched  88   debug] default msg 26
[2026-04-10 01:07:02.5240132 UTC-05:00] [5208:7148] [FcVpnSched  88   debug] default msg 26
[2026-04-10 01:07:02.5266102 UTC-05:00] [5208:7148] [FcVpnSched  88   debug] default msg 26
[2026-04-10 01:07:02.5292933 UTC-05:00] [5208:7148] [FcVpnSched  88   debug] default msg 26
[2026-04-10 01:07:02.5318938 UTC-05:00] [5208:7148] [FcVpnSched  88   debug] default msg 26
[2026-04-10 01:07:02.5347707 UTC-05:00] [5208:7148] [FcVpnSched  88   debug] default msg 26
[2026-04-10 01:07:02.5375215 UTC-05:00] [5208:7148] [FcVpnSched  88   debug] default msg 26
[2026-04-10 01:07:02.5401690 UTC-05:00] [5208:7148] [FcVpnSched  88   debug] default msg 26
[2026-04-10 01:07:02.5427644 UTC-05:00] [5208:7148] [FcVpnSched  88   debug] default msg 26
[2026-04-10 01:07:02.5453772 UTC-05:00] [5208:7148] [FcVpnSched  88   debug] default msg 26
[2026-04-10 01:07:02.5479428 UTC-05:00] [5208:7148] [FcVpnSched  88   debug] default msg 26
[2026-04-10 01:07:02.5508200 UTC-05:00] [5208:7148] [FcVpnSched  88   debug] default msg 26
[2026-04-10 01:07:02.5540955 UTC-05:00] [5208:7148] [FcVpnSched  88   debug] default msg 26
[2026-04-10 01:58:44.9656789 UTC-05:00] [5208:7148] [FcVpnSched  88   debug] default msg 26
[2026-04-10 01:58:45.3163088 UTC-05:00] [5208:7148] [FcVpnSched  88   debug] default msg 26
[2026-04-10 01:58:45.5881214 UTC-05:00] [5208:7148] [FcVpnSched  88   debug] default msg 26
[2026-04-10 01:58:46.1875235 UTC-05:00] [5208:7148] [FcVpnSched  88   debug] default msg 26
[2026-04-10 01:58:46.8566482 UTC-05:00] [5208:7148] [FcVpnSched  88   debug] default msg 26
[2026-04-10 01:58:47.3193630 UTC-05:00] [5208:7148] [FcVpnSched  88   debug] default msg 26
[2026-04-10 01:58:47.7215308 UTC-05:00] [5208:7148] [FcVpnSched  88   debug] default msg 26
[2026-04-10 01:58:48.0856507 UTC-05:00] [5208:7148] [FcVpnSched  88   debug] default msg 26
[2026-04-10 02:51:51.1031350 UTC-05:00] [5208:7148] [FcVpnSched  88   debug] default msg 26
[2026-04-10 02:51:51.4158197 UTC-05:00] [5208:7148] [FcVpnSched  88   debug] default msg 26
[2026-04-10 03:06:45.0210348 UTC-05:00] [5208:7148] [FcVpnSched  88   debug] default msg 26
[2026-04-10 03:06:45.2754679 UTC-05:00] [5208:7148] [FcVpnSched  88   debug] default msg 26
[2026-04-10 03:06:45.5217929 UTC-05:00] [5208:7148] [FcVpnSched  88   debug] default msg 26
[2026-04-10 03:06:45.8553610 UTC-05:00] [5208:7148] [FcVpnSched  88   debug] default msg 26
[2026-04-10 03:06:46.0703172 UTC-05:00] [5208:7148] [FcVpnSched  88   debug] default msg 26
[2026-04-10 03:06:46.5274185 UTC-05:00] [5208:7148] [FcVpnSched  88   debug] default msg 26
[2026-04-10 03:06:46.9614080 UTC-05:00] [5208:7148] [FcVpnSched  88   debug] default msg 26
[2026-04-10 03:06:47.2768700 UTC-05:00] [5208:7148] [FcVpnSched  88   debug] default msg 26
[2026-04-10 04:14:45.2951306 UTC-05:00] [5208:7148] [FcVpnSched  88   debug] default msg 26
[2026-04-10 04:14:45.5359788 UTC-05:00] [5208:7148] [FcVpnSched  88   debug] default msg 26
[2026-04-10 04:14:45.7971587 UTC-05:00] [5208:7148] [FcVpnSched  88   debug] default msg 26
[2026-04-10 04:14:46.1235820 UTC-05:00] [5208:7148] [FcVpnSched  88   debug] default msg 26
[2026-04-10 04:14:46.3450975 UTC-05:00] [5208:7148] [FcVpnSched  88   debug] default msg 26
[2026-04-10 04:14:46.7837079 UTC-05:00] [5208:7148] [FcVpnSched  88   debug] default msg 26
[2026-04-10 04:14:47.1984177 UTC-05:00] [5208:7148] [FcVpnSched  88   debug] default msg 26
[2026-04-10 04:14:47.5161831 UTC-05:00] [5208:7148] [FcVpnSched  88   debug] default msg 26
[2026-04-10 04:43:51.2023092 UTC-05:00] [5208:7148] [FcVpnSched  88   debug] default msg 26
[2026-04-10 04:43:51.5048000 UTC-05:00] [5208:7148] [FcVpnSched  88   debug] default msg 26
[2026-04-10 04:57:01.7496956 UTC-05:00] [5208:7148] [FcVpnSched  88   debug] default msg 30
[2026-04-10 04:57:01.8434944 UTC-05:00] [5208:7148] [FcVpnSched  88   debug] default msg 26
[2026-04-10 04:57:01.8469880 UTC-05:00] [5208:7148] [FcVpnSched  88   debug] default msg 26
[2026-04-10 04:57:01.8492377 UTC-05:00] [5208:7148] [FcVpnSched  88   debug] default msg 26
[2026-04-10 04:57:01.8516920 UTC-05:00] [5208:7148] [FcVpnSched  88   debug] default msg 26
[2026-04-10 04:57:01.8545125 UTC-05:00] [5208:7148] [FcVpnSched  88   debug] default msg 26
[2026-04-10 04:57:01.8568665 UTC-05:00] [5208:7148] [FcVpnSched  88   debug] default msg 26
[2026-04-10 04:57:01.8591994 UTC-05:00] [5208:7148] [FcVpnSched  88   debug] default msg 26
[2026-04-10 04:57:01.8615854 UTC-05:00] [5208:7148] [FcVpnSched  88   debug] default msg 26
[2026-04-10 04:57:01.8638773 UTC-05:00] [5208:7148] [FcVpnSched  88   debug] default msg 26
[2026-04-10 04:57:01.8661539 UTC-05:00] [5208:7148] [FcVpnSched  88   debug] default msg 26
[2026-04-10 04:57:01.8685792 UTC-05:00] [5208:7148] [FcVpnSched  88   debug] default msg 26
[2026-04-10 04:57:01.8708224 UTC-05:00] [5208:7148] [FcVpnSched  88   debug] default msg 26
[2026-04-10 04:57:01.8730481 UTC-05:00] [5208:7148] [FcVpnSched  88   debug] default msg 26
[2026-04-10 04:57:01.8752871 UTC-05:00] [5208:7148] [FcVpnSched  88   debug] default msg 26
[2026-04-10 04:57:01.8776305 UTC-05:00] [5208:7148] [FcVpnSched  88   debug] default msg 26
[2026-04-10 04:57:01.8799672 UTC-05:00] [5208:7148] [FcVpnSched  88   debug] default msg 26
[2026-04-10 04:57:01.8822974 UTC-05:00] [5208:7148] [FcVpnSched  88   debug] default msg 26
[2026-04-10 04:57:01.8855441 UTC-05:00] [5208:7148] [FcVpnSched  88   debug] default msg 26
[2026-04-10 04:57:01.8880847 UTC-05:00] [5208:7148] [FcVpnSched  88   debug] default msg 26
[2026-04-10 04:57:01.8902160 UTC-05:00] [5208:7148] [FcVpnSched  88   debug] default msg 26
[2026-04-10 04:57:01.8922873 UTC-05:00] [5208:7148] [FcVpnSched  88   debug] default msg 26
[2026-04-10 04:57:01.8943577 UTC-05:00] [5208:7148] [FcVpnSched  88   debug] default msg 26
[2026-04-10 04:57:01.8963941 UTC-05:00] [5208:7148] [FcVpnSched  88   debug] default msg 26
[2026-04-10 04:57:01.8987965 UTC-05:00] [5208:7148] [FcVpnSched  88   debug] default msg 26
[2026-04-10 04:57:01.9012115 UTC-05:00] [5208:7148] [FcVpnSched  88   debug] default msg 26
[2026-04-10 04:57:01.9033243 UTC-05:00] [5208:7148] [FcVpnSched  88   debug] default msg 26
[2026-04-10 04:57:01.9054009 UTC-05:00] [5208:7148] [FcVpnSched  88   debug] default msg 26
[2026-04-10 04:57:01.9074676 UTC-05:00] [5208:7148] [FcVpnSched  88   debug] default msg 26
[2026-04-10 04:57:01.9095694 UTC-05:00] [5208:7148] [FcVpnSched  88   debug] default msg 26
[2026-04-10 04:57:01.9115993 UTC-05:00] [5208:7148] [FcVpnSched  88   debug] default msg 26
[2026-04-10 04:57:01.9139191 UTC-05:00] [5208:7148] [FcVpnSched  88   debug] default msg 26
[2026-04-10 04:57:01.9168392 UTC-05:00] [5208:7148] [FcVpnSched  88   debug] default msg 26
[2026-04-10 04:57:01.9194634 UTC-05:00] [5208:7148] [FcVpnSched  88   debug] default msg 26
[2026-04-10 04:57:01.9219377 UTC-05:00] [5208:7148] [FcVpnSched  88   debug] default msg 26
[2026-04-10 04:57:01.9243982 UTC-05:00] [5208:7148] [FcVpnSched  88   debug] default msg 26
[2026-04-10 04:57:01.9268244 UTC-05:00] [5208:7148] [FcVpnSched  88   debug] default msg 26
[2026-04-10 04:57:01.9293675 UTC-05:00] [5208:7148] [FcVpnSched  88   debug] default msg 26
[2026-04-10 04:57:01.9324958 UTC-05:00] [5208:7148] [FcVpnSched  88   debug] default msg 26
[2026-04-10 04:57:01.9351181 UTC-05:00] [5208:7148] [FcVpnSched  88   debug] default msg 26
[2026-04-10 04:57:01.9375919 UTC-05:00] [5208:7148] [FcVpnSched  88   debug] default msg 26
[2026-04-10 04:57:01.9401021 UTC-05:00] [5208:7148] [FcVpnSched  88   debug] default msg 26
[2026-04-10 04:57:01.9425271 UTC-05:00] [5208:7148] [FcVpnSched  88   debug] default msg 26
[2026-04-10 04:57:01.9449183 UTC-05:00] [5208:7148] [FcVpnSched  88   debug] default msg 26
[2026-04-10 04:57:01.9473897 UTC-05:00] [5208:7148] [FcVpnSched  88   debug] default msg 26
[2026-04-10 04:57:01.9497734 UTC-05:00] [5208:7148] [FcVpnSched  88   debug] default msg 26
[2026-04-10 04:57:01.9521267 UTC-05:00] [5208:7148] [FcVpnSched  88   debug] default msg 26
[2026-04-10 04:57:01.9544743 UTC-05:00] [5208:7148] [FcVpnSched  88   debug] default msg 26
[2026-04-10 04:57:01.9568564 UTC-05:00] [5208:7148] [FcVpnSched  88   debug] default msg 26
[2026-04-10 04:57:01.9592291 UTC-05:00] [5208:7148] [FcVpnSched  88   debug] default msg 26
[2026-04-10 04:57:01.9617368 UTC-05:00] [5208:7148] [FcVpnSched  88   debug] default msg 26
[2026-04-10 04:57:01.9641129 UTC-05:00] [5208:7148] [FcVpnSched  88   debug] default msg 26
[2026-04-10 04:57:01.9664652 UTC-05:00] [5208:7148] [FcVpnSched  88   debug] default msg 26
[2026-04-10 04:57:01.9685231 UTC-05:00] [5208:7148] [FcVpnSched  88   debug] default msg 26
[2026-04-10 04:57:01.9705609 UTC-05:00] [5208:7148] [FcVpnSched  88   debug] default msg 26
[2026-04-10 04:57:01.9726107 UTC-05:00] [5208:7148] [FcVpnSched  88   debug] default msg 26
[2026-04-10 04:57:01.9746084 UTC-05:00] [5208:7148] [FcVpnSched  88   debug] default msg 26
[2026-04-10 04:57:02.1261282 UTC-05:00] [5208:7148] [FcVpnSched  88   debug] default msg 26
[2026-04-10 04:57:02.1292047 UTC-05:00] [5208:7148] [FcVpnSched  88   debug] default msg 26
[2026-04-10 04:57:02.1316857 UTC-05:00] [5208:7148] [FcVpnSched  88   debug] default msg 26
[2026-04-10 04:57:02.1341673 UTC-05:00] [5208:7148] [FcVpnSched  88   debug] default msg 26
[2026-04-10 04:57:02.1366080 UTC-05:00] [5208:7148] [FcVpnSched  88   debug] default msg 26
[2026-04-10 04:57:02.1390344 UTC-05:00] [5208:7148] [FcVpnSched  88   debug] default msg 26
[2026-04-10 04:57:02.1414047 UTC-05:00] [5208:7148] [FcVpnSched  88   debug] default msg 26
[2026-04-10 04:57:02.1438169 UTC-05:00] [5208:7148] [FcVpnSched  88   debug] default msg 26
[2026-04-10 04:57:02.1461585 UTC-05:00] [5208:7148] [FcVpnSched  88   debug] default msg 26
[2026-04-10 04:57:02.1483072 UTC-05:00] [5208:7148] [FcVpnSched  88   debug] default msg 26
[2026-04-10 04:57:02.1505882 UTC-05:00] [5208:7148] [FcVpnSched  88   debug] default msg 26
[2026-04-10 04:57:02.1529064 UTC-05:00] [5208:7148] [FcVpnSched  88   debug] default msg 26
[2026-04-10 04:57:02.1551462 UTC-05:00] [5208:7148] [FcVpnSched  88   debug] default msg 26
[2026-04-10 04:57:02.1572855 UTC-05:00] [5208:7148] [FcVpnSched  88   debug] default msg 26
[2026-04-10 04:57:02.1594110 UTC-05:00] [5208:7148] [FcVpnSched  88   debug] default msg 26
[2026-04-10 04:57:02.1615599 UTC-05:00] [5208:7148] [FcVpnSched  88   debug] default msg 26
[2026-04-10 04:57:02.1637750 UTC-05:00] [5208:7148] [FcVpnSched  88   debug] default msg 26
[2026-04-10 04:57:02.1664453 UTC-05:00] [5208:7148] [FcVpnSched  88   debug] default msg 26
[2026-04-10 04:57:02.1699095 UTC-05:00] [5208:7148] [FcVpnSched  88   debug] default msg 26
[2026-04-10 04:57:02.1725503 UTC-05:00] [5208:7148] [FcVpnSched  88   debug] default msg 26
[2026-04-10 04:57:02.1750744 UTC-05:00] [5208:7148] [FcVpnSched  88   debug] default msg 26
[2026-04-10 04:57:02.1775183 UTC-05:00] [5208:7148] [FcVpnSched  88   debug] default msg 26
[2026-04-10 04:57:02.1799382 UTC-05:00] [5208:7148] [FcVpnSched  88   debug] default msg 26
[2026-04-10 04:57:02.1824080 UTC-05:00] [5208:7148] [FcVpnSched  88   debug] default msg 26
[2026-04-10 04:57:02.1857455 UTC-05:00] [5208:7148] [FcVpnSched  88   debug] default msg 26
[2026-04-10 04:57:02.1886992 UTC-05:00] [5208:7148] [FcVpnSched  88   debug] default msg 26
[2026-04-10 04:57:02.1912265 UTC-05:00] [5208:7148] [FcVpnSched  88   debug] default msg 26
[2026-04-10 04:57:02.1936528 UTC-05:00] [5208:7148] [FcVpnSched  88   debug] default msg 26
[2026-04-10 04:57:02.1960164 UTC-05:00] [5208:7148] [FcVpnSched  88   debug] default msg 26
[2026-04-10 04:57:02.2099036 UTC-05:00] [5208:7148] [FcVpnSched  88   debug] default msg 26
[2026-04-10 04:57:02.2138907 UTC-05:00] [5208:7148] [FcVpnSched  88   debug] default msg 26
[2026-04-10 04:57:02.2173464 UTC-05:00] [5208:7148] [FcVpnSched  88   debug] default msg 26
[2026-04-10 05:22:45.6640786 UTC-05:00] [5208:7148] [FcVpnSched  88   debug] default msg 26
[2026-04-10 05:22:45.9108895 UTC-05:00] [5208:7148] [FcVpnSched  88   debug] default msg 26
[2026-04-10 05:22:46.1800150 UTC-05:00] [5208:7148] [FcVpnSched  88   debug] default msg 26
[2026-04-10 05:22:46.5013770 UTC-05:00] [5208:7148] [FcVpnSched  88   debug] default msg 26
[2026-04-10 05:22:46.7126338 UTC-05:00] [5208:7148] [FcVpnSched  88   debug] default msg 26
[2026-04-10 05:22:47.1485755 UTC-05:00] [5208:7148] [FcVpnSched  88   debug] default msg 26
[2026-04-10 05:22:47.5478223 UTC-05:00] [5208:7148] [FcVpnSched  88   debug] default msg 26
[2026-04-10 05:22:47.8577738 UTC-05:00] [5208:7148] [FcVpnSched  88   debug] default msg 26
[2026-04-10 06:30:45.8994249 UTC-05:00] [5208:7148] [FcVpnSched  88   debug] default msg 26
[2026-04-10 06:30:46.1389458 UTC-05:00] [5208:7148] [FcVpnSched  88   debug] default msg 26
[2026-04-10 06:30:46.4033829 UTC-05:00] [5208:7148] [FcVpnSched  88   debug] default msg 26
[2026-04-10 06:30:46.7084436 UTC-05:00] [5208:7148] [FcVpnSched  88   debug] default msg 26
[2026-04-10 06:30:46.9285689 UTC-05:00] [5208:7148] [FcVpnSched  88   debug] default msg 26
[2026-04-10 06:30:47.3651467 UTC-05:00] [5208:7148] [FcVpnSched  88   debug] default msg 26
[2026-04-10 06:30:47.8035811 UTC-05:00] [5208:7148] [FcVpnSched  88   debug] default msg 26
[2026-04-10 06:30:48.1097044 UTC-05:00] [5208:7148] [FcVpnSched  88   debug] default msg 26
[2026-04-10 06:35:51.5000021 UTC-05:00] [5208:7148] [FcVpnSched  88   debug] default msg 26
[2026-04-10 06:35:51.8113589 UTC-05:00] [5208:7148] [FcVpnSched  88   debug] default msg 26
[2026-04-10 07:14:02.4492499 UTC-05:00] [5208:7148] [FcVpnSched  88   debug] default msg 30
[2026-04-10 07:14:02.5428413 UTC-05:00] [5208:7148] [FcVpnSched  88   debug] default msg 26
[2026-04-10 07:14:02.5456919 UTC-05:00] [5208:7148] [FcVpnSched  88   debug] default msg 26
[2026-04-10 07:14:02.5482442 UTC-05:00] [5208:7148] [FcVpnSched  88   debug] default msg 26
[2026-04-10 07:14:02.5507528 UTC-05:00] [5208:7148] [FcVpnSched  88   debug] default msg 26
[2026-04-10 07:14:02.5532784 UTC-05:00] [5208:7148] [FcVpnSched  88   debug] default msg 26
[2026-04-10 07:14:02.5556973 UTC-05:00] [5208:7148] [FcVpnSched  88   debug] default msg 26
[2026-04-10 07:14:02.5583112 UTC-05:00] [5208:7148] [FcVpnSched  88   debug] default msg 26
[2026-04-10 07:14:02.5608638 UTC-05:00] [5208:7148] [FcVpnSched  88   debug] default msg 26
[2026-04-10 07:14:02.5633598 UTC-05:00] [5208:7148] [FcVpnSched  88   debug] default msg 26
[2026-04-10 07:14:02.5658248 UTC-05:00] [5208:7148] [FcVpnSched  88   debug] default msg 26
[2026-04-10 07:14:02.5682739 UTC-05:00] [5208:7148] [FcVpnSched  88   debug] default msg 26
[2026-04-10 07:14:02.5705150 UTC-05:00] [5208:7148] [FcVpnSched  88   debug] default msg 26
[2026-04-10 07:14:02.5726471 UTC-05:00] [5208:7148] [FcVpnSched  88   debug] default msg 26
[2026-04-10 07:14:02.5761480 UTC-05:00] [5208:7148] [FcVpnSched  88   debug] default msg 26
[2026-04-10 07:14:02.5789659 UTC-05:00] [5208:7148] [FcVpnSched  88   debug] default msg 26
[2026-04-10 07:14:02.5814717 UTC-05:00] [5208:7148] [FcVpnSched  88   debug] default msg 26
[2026-04-10 07:14:02.5840389 UTC-05:00] [5208:7148] [FcVpnSched  88   debug] default msg 26
[2026-04-10 07:14:02.5865922 UTC-05:00] [5208:7148] [FcVpnSched  88   debug] default msg 26
[2026-04-10 07:14:02.5892433 UTC-05:00] [5208:7148] [FcVpnSched  88   debug] default msg 26
[2026-04-10 07:14:02.5921138 UTC-05:00] [5208:7148] [FcVpnSched  88   debug] default msg 26
[2026-04-10 07:14:02.5948739 UTC-05:00] [5208:7148] [FcVpnSched  88   debug] default msg 26
[2026-04-10 07:14:02.5975432 UTC-05:00] [5208:7148] [FcVpnSched  88   debug] default msg 26
[2026-04-10 07:14:02.6002396 UTC-05:00] [5208:7148] [FcVpnSched  88   debug] default msg 26
[2026-04-10 07:14:02.6028684 UTC-05:00] [5208:7148] [FcVpnSched  88   debug] default msg 26
[2026-04-10 07:14:02.6055677 UTC-05:00] [5208:7148] [FcVpnSched  88   debug] default msg 26
[2026-04-10 07:14:02.6080072 UTC-05:00] [5208:7148] [FcVpnSched  88   debug] default msg 26
[2026-04-10 07:14:02.6103705 UTC-05:00] [5208:7148] [FcVpnSched  88   debug] default msg 26
[2026-04-10 07:14:02.6127288 UTC-05:00] [5208:7148] [FcVpnSched  88   debug] default msg 26
[2026-04-10 07:14:02.6151012 UTC-05:00] [5208:7148] [FcVpnSched  88   debug] default msg 26
[2026-04-10 07:14:02.6176653 UTC-05:00] [5208:7148] [FcVpnSched  88   debug] default msg 26
[2026-04-10 07:14:02.6204222 UTC-05:00] [5208:7148] [FcVpnSched  88   debug] default msg 26
[2026-04-10 07:14:02.6227726 UTC-05:00] [5208:7148] [FcVpnSched  88   debug] default msg 26
[2026-04-10 07:14:02.6250171 UTC-05:00] [5208:7148] [FcVpnSched  88   debug] default msg 26
[2026-04-10 07:14:02.6271896 UTC-05:00] [5208:7148] [FcVpnSched  88   debug] default msg 26
[2026-04-10 07:14:02.6294001 UTC-05:00] [5208:7148] [FcVpnSched  88   debug] default msg 26
[2026-04-10 07:14:02.6316357 UTC-05:00] [5208:7148] [FcVpnSched  88   debug] default msg 26
[2026-04-10 07:14:02.6338529 UTC-05:00] [5208:7148] [FcVpnSched  88   debug] default msg 26
[2026-04-10 07:14:02.6362620 UTC-05:00] [5208:7148] [FcVpnSched  88   debug] default msg 26
[2026-04-10 07:14:02.6395196 UTC-05:00] [5208:7148] [FcVpnSched  88   debug] default msg 26
[2026-04-10 07:14:02.6422499 UTC-05:00] [5208:7148] [FcVpnSched  88   debug] default msg 26
[2026-04-10 07:14:02.6446933 UTC-05:00] [5208:7148] [FcVpnSched  88   debug] default msg 26
[2026-04-10 07:14:02.6471179 UTC-05:00] [5208:7148] [FcVpnSched  88   debug] default msg 26
[2026-04-10 07:14:02.6495333 UTC-05:00] [5208:7148] [FcVpnSched  88   debug] default msg 26
[2026-04-10 07:14:02.6519338 UTC-05:00] [5208:7148] [FcVpnSched  88   debug] default msg 26
[2026-04-10 07:14:02.6545826 UTC-05:00] [5208:7148] [FcVpnSched  88   debug] default msg 26
[2026-04-10 07:14:02.6570453 UTC-05:00] [5208:7148] [FcVpnSched  88   debug] default msg 26
[2026-04-10 07:14:02.6592052 UTC-05:00] [5208:7148] [FcVpnSched  88   debug] default msg 26
[2026-04-10 07:14:02.6613734 UTC-05:00] [5208:7148] [FcVpnSched  88   debug] default msg 26
[2026-04-10 07:14:02.6634921 UTC-05:00] [5208:7148] [FcVpnSched  88   debug] default msg 26
[2026-04-10 07:14:02.6656257 UTC-05:00] [5208:7148] [FcVpnSched  88   debug] default msg 26
[2026-04-10 07:14:02.6678358 UTC-05:00] [5208:7148] [FcVpnSched  88   debug] default msg 26
[2026-04-10 07:14:02.6701424 UTC-05:00] [5208:7148] [FcVpnSched  88   debug] default msg 26
[2026-04-10 07:14:02.6723137 UTC-05:00] [5208:7148] [FcVpnSched  88   debug] default msg 26
[2026-04-10 07:14:02.6744837 UTC-05:00] [5208:7148] [FcVpnSched  88   debug] default msg 26
[2026-04-10 07:14:02.6766314 UTC-05:00] [5208:7148] [FcVpnSched  88   debug] default msg 26
[2026-04-10 07:14:02.6787582 UTC-05:00] [5208:7148] [FcVpnSched  88   debug] default msg 26
[2026-04-10 07:14:02.8272364 UTC-05:00] [5208:7148] [FcVpnSched  88   debug] default msg 26
[2026-04-10 07:14:02.8316170 UTC-05:00] [5208:7148] [FcVpnSched  88   debug] default msg 26
[2026-04-10 07:14:02.8350231 UTC-05:00] [5208:7148] [FcVpnSched  88   debug] default msg 26
[2026-04-10 07:14:02.8381795 UTC-05:00] [5208:7148] [FcVpnSched  88   debug] default msg 26
[2026-04-10 07:14:02.8408004 UTC-05:00] [5208:7148] [FcVpnSched  88   debug] default msg 26
[2026-04-10 07:14:02.8437353 UTC-05:00] [5208:7148] [FcVpnSched  88   debug] default msg 26
[2026-04-10 07:14:02.8477904 UTC-05:00] [5208:7148] [FcVpnSched  88   debug] default msg 26
[2026-04-10 07:14:02.8514389 UTC-05:00] [5208:7148] [FcVpnSched  88   debug] default msg 26
[2026-04-10 07:14:02.8552919 UTC-05:00] [5208:7148] [FcVpnSched  88   debug] default msg 26
[2026-04-10 07:14:02.8596229 UTC-05:00] [5208:7148] [FcVpnSched  88   debug] default msg 26
[2026-04-10 07:14:02.8636465 UTC-05:00] [5208:7148] [FcVpnSched  88   debug] default msg 26
[2026-04-10 07:14:02.8669161 UTC-05:00] [5208:7148] [FcVpnSched  88   debug] default msg 26
[2026-04-10 07:14:02.8704118 UTC-05:00] [5208:7148] [FcVpnSched  88   debug] default msg 26
[2026-04-10 07:14:02.8739101 UTC-05:00] [5208:7148] [FcVpnSched  88   debug] default msg 26
[2026-04-10 07:14:02.8771238 UTC-05:00] [5208:7148] [FcVpnSched  88   debug] default msg 26
[2026-04-10 07:14:02.8801200 UTC-05:00] [5208:7148] [FcVpnSched  88   debug] default msg 26
[2026-04-10 07:14:02.8830924 UTC-05:00] [5208:7148] [FcVpnSched  88   debug] default msg 26
[2026-04-10 07:14:02.8860615 UTC-05:00] [5208:7148] [FcVpnSched  88   debug] default msg 26
[2026-04-10 07:14:02.8899174 UTC-05:00] [5208:7148] [FcVpnSched  88   debug] default msg 26
[2026-04-10 07:14:02.8936801 UTC-05:00] [5208:7148] [FcVpnSched  88   debug] default msg 26
[2026-04-10 07:14:02.8971641 UTC-05:00] [5208:7148] [FcVpnSched  88   debug] default msg 26
[2026-04-10 07:14:02.9004359 UTC-05:00] [5208:7148] [FcVpnSched  88   debug] default msg 26
[2026-04-10 07:14:02.9171680 UTC-05:00] [5208:7148] [FcVpnSched  88   debug] default msg 26
[2026-04-10 07:14:02.9219791 UTC-05:00] [5208:7148] [FcVpnSched  88   debug] default msg 26
[2026-04-10 07:14:02.9262141 UTC-05:00] [5208:7148] [FcVpnSched  88   debug] default msg 26
[2026-04-10 07:14:02.9297873 UTC-05:00] [5208:7148] [FcVpnSched  88   debug] default msg 26
[2026-04-10 07:14:02.9331662 UTC-05:00] [5208:7148] [FcVpnSched  88   debug] default msg 26
[2026-04-10 07:14:02.9371803 UTC-05:00] [5208:7148] [FcVpnSched  88   debug] default msg 26
[2026-04-10 07:14:02.9412423 UTC-05:00] [5208:7148] [FcVpnSched  88   debug] default msg 26
[2026-04-10 07:14:02.9449620 UTC-05:00] [5208:7148] [FcVpnSched  88   debug] default msg 26
[2026-04-10 07:14:02.9482807 UTC-05:00] [5208:7148] [FcVpnSched  88   debug] default msg 26
[2026-04-10 07:14:02.9520721 UTC-05:00] [5208:7148] [FcVpnSched  88   debug] default msg 26
[2026-04-10 07:38:45.3538223 UTC-05:00] [5208:7148] [FcVpnSched  88   debug] default msg 26
[2026-04-10 07:38:45.5903876 UTC-05:00] [5208:7148] [FcVpnSched  88   debug] default msg 26
[2026-04-10 07:38:45.8625770 UTC-05:00] [5208:7148] [FcVpnSched  88   debug] default msg 26
[2026-04-10 07:38:46.1742119 UTC-05:00] [5208:7148] [FcVpnSched  88   debug] default msg 26
[2026-04-10 07:38:46.3970724 UTC-05:00] [5208:7148] [FcVpnSched  88   debug] default msg 26
[2026-04-10 07:38:46.8347145 UTC-05:00] [5208:7148] [FcVpnSched  88   debug] default msg 26
[2026-04-10 07:38:47.2398274 UTC-05:00] [5208:7148] [FcVpnSched  88   debug] default msg 26
[2026-04-10 07:38:47.5453171 UTC-05:00] [5208:7148] [FcVpnSched  88   debug] default msg 26
[2026-04-10 08:27:51.4361499 UTC-05:00] [5208:7148] [FcVpnSched  88   debug] default msg 26
[2026-04-10 08:27:51.7644966 UTC-05:00] [5208:7148] [FcVpnSched  88   debug] default msg 26
[2026-04-10 08:46:45.3912898 UTC-05:00] [5208:7148] [FcVpnSched  88   debug] default msg 26
[2026-04-10 08:46:45.6308335 UTC-05:00] [5208:7148] [FcVpnSched  88   debug] default msg 26
[2026-04-10 08:46:45.8994760 UTC-05:00] [5208:7148] [FcVpnSched  88   debug] default msg 26
[2026-04-10 08:46:46.1649076 UTC-05:00] [5208:7148] [FcVpnSched  88   debug] default msg 26
[2026-04-10 08:46:46.3699798 UTC-05:00] [5208:7148] [FcVpnSched  88   debug] default msg 26
[2026-04-10 08:46:46.7696076 UTC-05:00] [5208:7148] [FcVpnSched  88   debug] default msg 26
[2026-04-10 08:46:47.1940311 UTC-05:00] [5208:7148] [FcVpnSched  88   debug] default msg 26
[2026-04-10 08:46:47.5091342 UTC-05:00] [5208:7148] [FcVpnSched  88   debug] default msg 26
[2026-04-10 08:47:01.9568106 UTC-05:00] [5208:7148] [FcVpnSched  88   debug] default msg 30
[2026-04-10 08:47:02.0509791 UTC-05:00] [5208:7148] [FcVpnSched  88   debug] default msg 26
[2026-04-10 08:47:02.0541301 UTC-05:00] [5208:7148] [FcVpnSched  88   debug] default msg 26
[2026-04-10 08:47:02.0569478 UTC-05:00] [5208:7148] [FcVpnSched  88   debug] default msg 26
[2026-04-10 08:47:02.0596371 UTC-05:00] [5208:7148] [FcVpnSched  88   debug] default msg 26
[2026-04-10 08:47:02.0622857 UTC-05:00] [5208:7148] [FcVpnSched  88   debug] default msg 26
[2026-04-10 08:47:02.0651554 UTC-05:00] [5208:7148] [FcVpnSched  88   debug] default msg 26
[2026-04-10 08:47:02.0682272 UTC-05:00] [5208:7148] [FcVpnSched  88   debug] default msg 26
[2026-04-10 08:47:02.0725935 UTC-05:00] [5208:7148] [FcVpnSched  88   debug] default msg 26
[2026-04-10 08:47:02.0761502 UTC-05:00] [5208:7148] [FcVpnSched  88   debug] default msg 26
[2026-04-10 08:47:02.0789982 UTC-05:00] [5208:7148] [FcVpnSched  88   debug] default msg 26
[2026-04-10 08:47:02.0816858 UTC-05:00] [5208:7148] [FcVpnSched  88   debug] default msg 26
[2026-04-10 08:47:02.0843267 UTC-05:00] [5208:7148] [FcVpnSched  88   debug] default msg 26
[2026-04-10 08:47:02.0875160 UTC-05:00] [5208:7148] [FcVpnSched  88   debug] default msg 26
[2026-04-10 08:47:02.0911022 UTC-05:00] [5208:7148] [FcVpnSched  88   debug] default msg 26
[2026-04-10 08:47:02.0937208 UTC-05:00] [5208:7148] [FcVpnSched  88   debug] default msg 26
[2026-04-10 08:47:02.0962191 UTC-05:00] [5208:7148] [FcVpnSched  88   debug] default msg 26
[2026-04-10 08:47:02.0987048 UTC-05:00] [5208:7148] [FcVpnSched  88   debug] default msg 26
[2026-04-10 08:47:02.1012381 UTC-05:00] [5208:7148] [FcVpnSched  88   debug] default msg 26
[2026-04-10 08:47:02.1039202 UTC-05:00] [5208:7148] [FcVpnSched  88   debug] default msg 26
[2026-04-10 08:47:02.1064628 UTC-05:00] [5208:7148] [FcVpnSched  88   debug] default msg 26
[2026-04-10 08:47:02.1089205 UTC-05:00] [5208:7148] [FcVpnSched  88   debug] default msg 26
[2026-04-10 08:47:02.1113824 UTC-05:00] [5208:7148] [FcVpnSched  88   debug] default msg 26
[2026-04-10 08:47:02.1138422 UTC-05:00] [5208:7148] [FcVpnSched  88   debug] default msg 26
[2026-04-10 08:47:02.1164646 UTC-05:00] [5208:7148] [FcVpnSched  88   debug] default msg 26
[2026-04-10 08:47:02.1194321 UTC-05:00] [5208:7148] [FcVpnSched  88   debug] default msg 26
[2026-04-10 08:47:02.1220677 UTC-05:00] [5208:7148] [FcVpnSched  88   debug] default msg 26
[2026-04-10 08:47:02.1244429 UTC-05:00] [5208:7148] [FcVpnSched  88   debug] default msg 26
[2026-04-10 08:47:02.1266237 UTC-05:00] [5208:7148] [FcVpnSched  88   debug] default msg 26
[2026-04-10 08:47:02.1288240 UTC-05:00] [5208:7148] [FcVpnSched  88   debug] default msg 26
[2026-04-10 08:47:02.1309427 UTC-05:00] [5208:7148] [FcVpnSched  88   debug] default msg 26
[2026-04-10 08:47:02.1338368 UTC-05:00] [5208:7148] [FcVpnSched  88   debug] default msg 26
[2026-04-10 08:47:02.1368041 UTC-05:00] [5208:7148] [FcVpnSched  88   debug] default msg 26
[2026-04-10 08:47:02.1393736 UTC-05:00] [5208:7148] [FcVpnSched  88   debug] default msg 26
[2026-04-10 08:47:02.1419002 UTC-05:00] [5208:7148] [FcVpnSched  88   debug] default msg 26
[2026-04-10 08:47:02.1444465 UTC-05:00] [5208:7148] [FcVpnSched  88   debug] default msg 26
[2026-04-10 08:47:02.1468759 UTC-05:00] [5208:7148] [FcVpnSched  88   debug] default msg 26
[2026-04-10 08:47:02.1500292 UTC-05:00] [5208:7148] [FcVpnSched  88   debug] default msg 26
[2026-04-10 08:47:02.1529261 UTC-05:00] [5208:7148] [FcVpnSched  88   debug] default msg 26
[2026-04-10 08:47:02.1555336 UTC-05:00] [5208:7148] [FcVpnSched  88   debug] default msg 26
[2026-04-10 08:47:02.1580804 UTC-05:00] [5208:7148] [FcVpnSched  88   debug] default msg 26
[2026-04-10 08:47:02.1606210 UTC-05:00] [5208:7148] [FcVpnSched  88   debug] default msg 26
[2026-04-10 08:47:02.1630927 UTC-05:00] [5208:7148] [FcVpnSched  88   debug] default msg 26
[2026-04-10 08:47:02.1674020 UTC-05:00] [5208:7148] [FcVpnSched  88   debug] default msg 26
[2026-04-10 08:47:02.1702176 UTC-05:00] [5208:7148] [FcVpnSched  88   debug] default msg 26
[2026-04-10 08:47:02.1728649 UTC-05:00] [5208:7148] [FcVpnSched  88   debug] default msg 26
[2026-04-10 08:47:02.1754096 UTC-05:00] [5208:7148] [FcVpnSched  88   debug] default msg 26
[2026-04-10 08:47:02.1778740 UTC-05:00] [5208:7148] [FcVpnSched  88   debug] default msg 26
[2026-04-10 08:47:02.1805585 UTC-05:00] [5208:7148] [FcVpnSched  88   debug] default msg 26
[2026-04-10 08:47:02.1828755 UTC-05:00] [5208:7148] [FcVpnSched  88   debug] default msg 26
[2026-04-10 08:47:02.1850964 UTC-05:00] [5208:7148] [FcVpnSched  88   debug] default msg 26
[2026-04-10 08:47:02.1874213 UTC-05:00] [5208:7148] [FcVpnSched  88   debug] default msg 26
[2026-04-10 08:47:02.1901598 UTC-05:00] [5208:7148] [FcVpnSched  88   debug] default msg 26
[2026-04-10 08:47:02.1924822 UTC-05:00] [5208:7148] [FcVpnSched  88   debug] default msg 26
[2026-04-10 08:47:02.1947525 UTC-05:00] [5208:7148] [FcVpnSched  88   debug] default msg 26
[2026-04-10 08:47:02.1970952 UTC-05:00] [5208:7148] [FcVpnSched  88   debug] default msg 26
[2026-04-10 08:47:02.1993634 UTC-05:00] [5208:7148] [FcVpnSched  88   debug] default msg 26
[2026-04-10 08:47:02.3424851 UTC-05:00] [5208:7148] [FcVpnSched  88   debug] default msg 26
[2026-04-10 08:47:02.3463202 UTC-05:00] [5208:7148] [FcVpnSched  88   debug] default msg 26
[2026-04-10 08:47:02.3490447 UTC-05:00] [5208:7148] [FcVpnSched  88   debug] default msg 26
[2026-04-10 08:47:02.3516947 UTC-05:00] [5208:7148] [FcVpnSched  88   debug] default msg 26
[2026-04-10 08:47:02.3660764 UTC-05:00] [5208:7148] [FcVpnSched  88   debug] default msg 26
[2026-04-10 08:47:02.3702803 UTC-05:00] [5208:7148] [FcVpnSched  88   debug] default msg 26
[2026-04-10 08:47:02.3733441 UTC-05:00] [5208:7148] [FcVpnSched  88   debug] default msg 26
[2026-04-10 08:47:02.3760074 UTC-05:00] [5208:7148] [FcVpnSched  88   debug] default msg 26
[2026-04-10 08:47:02.3786151 UTC-05:00] [5208:7148] [FcVpnSched  88   debug] default msg 26
[2026-04-10 08:47:02.3812593 UTC-05:00] [5208:7148] [FcVpnSched  88   debug] default msg 26
[2026-04-10 08:47:02.3838345 UTC-05:00] [5208:7148] [FcVpnSched  88   debug] default msg 26
[2026-04-10 08:47:02.3870004 UTC-05:00] [5208:7148] [FcVpnSched  88   debug] default msg 26
[2026-04-10 08:47:02.3898246 UTC-05:00] [5208:7148] [FcVpnSched  88   debug] default msg 26
[2026-04-10 08:47:02.3924908 UTC-05:00] [5208:7148] [FcVpnSched  88   debug] default msg 26
[2026-04-10 08:47:02.3951196 UTC-05:00] [5208:7148] [FcVpnSched  88   debug] default msg 26
[2026-04-10 08:47:02.3976569 UTC-05:00] [5208:7148] [FcVpnSched  88   debug] default msg 26
[2026-04-10 08:47:02.4003704 UTC-05:00] [5208:7148] [FcVpnSched  88   debug] default msg 26
[2026-04-10 08:47:02.4032783 UTC-05:00] [5208:7148] [FcVpnSched  88   debug] default msg 26
[2026-04-10 08:47:02.4060128 UTC-05:00] [5208:7148] [FcVpnSched  88   debug] default msg 26
[2026-04-10 08:47:02.4086541 UTC-05:00] [5208:7148] [FcVpnSched  88   debug] default msg 26
[2026-04-10 08:47:02.4112596 UTC-05:00] [5208:7148] [FcVpnSched  88   debug] default msg 26
[2026-04-10 08:47:02.4138926 UTC-05:00] [5208:7148] [FcVpnSched  88   debug] default msg 26
[2026-04-10 08:47:02.4166159 UTC-05:00] [5208:7148] [FcVpnSched  88   debug] default msg 26
[2026-04-10 08:47:02.4192393 UTC-05:00] [5208:7148] [FcVpnSched  88   debug] default msg 26
[2026-04-10 08:47:02.4218172 UTC-05:00] [5208:7148] [FcVpnSched  88   debug] default msg 26
[2026-04-10 08:47:02.4244582 UTC-05:00] [5208:7148] [FcVpnSched  88   debug] default msg 26
[2026-04-10 08:47:02.4271419 UTC-05:00] [5208:7148] [FcVpnSched  88   debug] default msg 26
[2026-04-10 08:47:02.4297460 UTC-05:00] [5208:7148] [FcVpnSched  88   debug] default msg 26
[2026-04-10 08:47:02.4325636 UTC-05:00] [5208:7148] [FcVpnSched  88   debug] default msg 26
[2026-04-10 08:47:02.4353855 UTC-05:00] [5208:7148] [FcVpnSched  88   debug] default msg 26
[2026-04-10 08:47:02.4380565 UTC-05:00] [5208:7148] [FcVpnSched  88   debug] default msg 26
[2026-04-10 08:47:02.4406818 UTC-05:00] [5208:7148] [FcVpnSched  88   debug] default msg 26
[2026-04-10 09:54:45.8825153 UTC-05:00] [5208:7148] [FcVpnSched  88   debug] default msg 26
[2026-04-10 09:54:46.1289769 UTC-05:00] [5208:7148] [FcVpnSched  88   debug] default msg 26
[2026-04-10 09:54:46.3511579 UTC-05:00] [5208:7148] [FcVpnSched  88   debug] default msg 26
[2026-04-10 09:54:46.6634720 UTC-05:00] [5208:7148] [FcVpnSched  88   debug] default msg 26
[2026-04-10 09:54:46.9184759 UTC-05:00] [5208:7148] [FcVpnSched  88   debug] default msg 26
[2026-04-10 09:54:47.3621980 UTC-05:00] [5208:7148] [FcVpnSched  88   debug] default msg 26
[2026-04-10 09:54:47.7798752 UTC-05:00] [5208:7148] [FcVpnSched  88   debug] default msg 26
[2026-04-10 09:54:48.0855451 UTC-05:00] [5208:7148] [FcVpnSched  88   debug] default msg 26
[2026-04-10 10:19:51.7191079 UTC-05:00] [5208:7148] [FcVpnSched  88   debug] default msg 26
[2026-04-10 10:19:52.0308560 UTC-05:00] [5208:7148] [FcVpnSched  88   debug] default msg 26
[2026-04-10 11:02:44.9386471 UTC-05:00] [5208:7148] [FcVpnSched  88   debug] default msg 26
[2026-04-10 11:02:45.2019184 UTC-05:00] [5208:7148] [FcVpnSched  88   debug] default msg 26
[2026-04-10 11:02:45.4489914 UTC-05:00] [5208:7148] [FcVpnSched  88   debug] default msg 26
[2026-04-10 11:02:47.6301666 UTC-05:00] [5208:7148] [FcVpnSched  88   debug] default msg 26
[2026-04-10 11:02:47.8465363 UTC-05:00] [5208:7148] [FcVpnSched  88   debug] default msg 26
[2026-04-10 11:02:48.2887249 UTC-05:00] [5208:7148] [FcVpnSched  88   debug] default msg 26
[2026-04-10 11:02:48.6979653 UTC-05:00] [5208:7148] [FcVpnSched  88   debug] default msg 26
[2026-04-10 11:02:49.0308245 UTC-05:00] [5208:7148] [FcVpnSched  88   debug] default msg 26
[2026-04-10 12:10:45.0565086 UTC-05:00] [5208:7148] [FcVpnSched  88   debug] default msg 26
[2026-04-10 12:10:45.2896113 UTC-05:00] [5208:7148] [FcVpnSched  88   debug] default msg 26
[2026-04-10 12:10:45.5407527 UTC-05:00] [5208:7148] [FcVpnSched  88   debug] default msg 26
[2026-04-10 12:10:45.8676480 UTC-05:00] [5208:7148] [FcVpnSched  88   debug] default msg 26
[2026-04-10 12:10:46.0814613 UTC-05:00] [5208:7148] [FcVpnSched  88   debug] default msg 26
[2026-04-10 12:10:46.5200103 UTC-05:00] [5208:7148] [FcVpnSched  88   debug] default msg 26
[2026-04-10 12:10:46.9202660 UTC-05:00] [5208:7148] [FcVpnSched  88   debug] default msg 26
[2026-04-10 12:10:47.2301820 UTC-05:00] [5208:7148] [FcVpnSched  88   debug] default msg 26
[2026-04-10 12:11:50.5847253 UTC-05:00] [5208:7148] [FcVpnSched  88   debug] default msg 26
[2026-04-10 12:11:50.8342048 UTC-05:00] [5208:7148] [FcVpnSched  88   debug] default msg 26
[2026-04-10 12:37:02.4834436 UTC-05:00] [5208:7148] [FcVpnSched  88   debug] default msg 30
[2026-04-10 12:37:02.5789482 UTC-05:00] [5208:7148] [FcVpnSched  88   debug] default msg 26
[2026-04-10 12:37:02.5824327 UTC-05:00] [5208:7148] [FcVpnSched  88   debug] default msg 26
[2026-04-10 12:37:02.5857322 UTC-05:00] [5208:7148] [FcVpnSched  88   debug] default msg 26
[2026-04-10 12:37:02.5892483 UTC-05:00] [5208:7148] [FcVpnSched  88   debug] default msg 26
[2026-04-10 12:37:02.5925633 UTC-05:00] [5208:7148] [FcVpnSched  88   debug] default msg 26
[2026-04-10 12:37:02.5965791 UTC-05:00] [5208:7148] [FcVpnSched  88   debug] default msg 26
[2026-04-10 12:37:02.6002769 UTC-05:00] [5208:7148] [FcVpnSched  88   debug] default msg 26
[2026-04-10 12:37:02.6039306 UTC-05:00] [5208:7148] [FcVpnSched  88   debug] default msg 26
[2026-04-10 12:37:02.6076157 UTC-05:00] [5208:7148] [FcVpnSched  88   debug] default msg 26
[2026-04-10 12:37:02.6108778 UTC-05:00] [5208:7148] [FcVpnSched  88   debug] default msg 26
[2026-04-10 12:37:02.6141756 UTC-05:00] [5208:7148] [FcVpnSched  88   debug] default msg 26
[2026-04-10 12:37:02.6171921 UTC-05:00] [5208:7148] [FcVpnSched  88   debug] default msg 26
[2026-04-10 12:37:02.6203012 UTC-05:00] [5208:7148] [FcVpnSched  88   debug] default msg 26
[2026-04-10 12:37:02.6231298 UTC-05:00] [5208:7148] [FcVpnSched  88   debug] default msg 26
[2026-04-10 12:37:02.6265832 UTC-05:00] [5208:7148] [FcVpnSched  88   debug] default msg 26
[2026-04-10 12:37:02.6298277 UTC-05:00] [5208:7148] [FcVpnSched  88   debug] default msg 26
[2026-04-10 12:37:02.6334970 UTC-05:00] [5208:7148] [FcVpnSched  88   debug] default msg 26
[2026-04-10 12:37:02.6368178 UTC-05:00] [5208:7148] [FcVpnSched  88   debug] default msg 26
[2026-04-10 12:37:02.6398836 UTC-05:00] [5208:7148] [FcVpnSched  88   debug] default msg 26
[2026-04-10 12:37:02.6439369 UTC-05:00] [5208:7148] [FcVpnSched  88   debug] default msg 26
[2026-04-10 12:37:02.6470218 UTC-05:00] [5208:7148] [FcVpnSched  88   debug] default msg 26
[2026-04-10 12:37:02.6510919 UTC-05:00] [5208:7148] [FcVpnSched  88   debug] default msg 26
[2026-04-10 12:37:02.6541412 UTC-05:00] [5208:7148] [FcVpnSched  88   debug] default msg 26
[2026-04-10 12:37:02.6574523 UTC-05:00] [5208:7148] [FcVpnSched  88   debug] default msg 26
[2026-04-10 12:37:02.6605764 UTC-05:00] [5208:7148] [FcVpnSched  88   debug] default msg 26
[2026-04-10 12:37:02.6646651 UTC-05:00] [5208:7148] [FcVpnSched  88   debug] default msg 26
[2026-04-10 12:37:02.6682217 UTC-05:00] [5208:7148] [FcVpnSched  88   debug] default msg 26
[2026-04-10 12:37:02.6717359 UTC-05:00] [5208:7148] [FcVpnSched  88   debug] default msg 26
[2026-04-10 12:37:02.6749394 UTC-05:00] [5208:7148] [FcVpnSched  88   debug] default msg 26
[2026-04-10 12:37:02.6783579 UTC-05:00] [5208:7148] [FcVpnSched  88   debug] default msg 26
[2026-04-10 12:37:02.6816572 UTC-05:00] [5208:7148] [FcVpnSched  88   debug] default msg 26
[2026-04-10 12:37:02.6848357 UTC-05:00] [5208:7148] [FcVpnSched  88   debug] default msg 26
[2026-04-10 12:37:02.6877917 UTC-05:00] [5208:7148] [FcVpnSched  88   debug] default msg 26
[2026-04-10 12:37:02.6906668 UTC-05:00] [5208:7148] [FcVpnSched  88   debug] default msg 26
[2026-04-10 12:37:02.6935034 UTC-05:00] [5208:7148] [FcVpnSched  88   debug] default msg 26
[2026-04-10 12:37:02.6961892 UTC-05:00] [5208:7148] [FcVpnSched  88   debug] default msg 26
[2026-04-10 12:37:02.6989710 UTC-05:00] [5208:7148] [FcVpnSched  88   debug] default msg 26
[2026-04-10 12:37:02.7015197 UTC-05:00] [5208:7148] [FcVpnSched  88   debug] default msg 26
[2026-04-10 12:37:02.7042495 UTC-05:00] [5208:7148] [FcVpnSched  88   debug] default msg 26
[2026-04-10 12:37:02.7067704 UTC-05:00] [5208:7148] [FcVpnSched  88   debug] default msg 26
[2026-04-10 12:37:02.7091111 UTC-05:00] [5208:7148] [FcVpnSched  88   debug] default msg 26
[2026-04-10 12:37:02.7114976 UTC-05:00] [5208:7148] [FcVpnSched  88   debug] default msg 26
[2026-04-10 12:37:02.7137240 UTC-05:00] [5208:7148] [FcVpnSched  88   debug] default msg 26
[2026-04-10 12:37:02.7159548 UTC-05:00] [5208:7148] [FcVpnSched  88   debug] default msg 26
[2026-04-10 12:37:02.7185848 UTC-05:00] [5208:7148] [FcVpnSched  88   debug] default msg 26
[2026-04-10 12:37:02.7217117 UTC-05:00] [5208:7148] [FcVpnSched  88   debug] default msg 26
[2026-04-10 12:37:02.7247390 UTC-05:00] [5208:7148] [FcVpnSched  88   debug] default msg 26
[2026-04-10 12:37:02.7277612 UTC-05:00] [5208:7148] [FcVpnSched  88   debug] default msg 26
[2026-04-10 12:37:02.7306181 UTC-05:00] [5208:7148] [FcVpnSched  88   debug] default msg 26
[2026-04-10 12:37:02.7337220 UTC-05:00] [5208:7148] [FcVpnSched  88   debug] default msg 26
[2026-04-10 12:37:02.7365220 UTC-05:00] [5208:7148] [FcVpnSched  88   debug] default msg 26
[2026-04-10 12:37:02.7395593 UTC-05:00] [5208:7148] [FcVpnSched  88   debug] default msg 26
[2026-04-10 12:37:02.7423798 UTC-05:00] [5208:7148] [FcVpnSched  88   debug] default msg 26
[2026-04-10 12:37:02.7452054 UTC-05:00] [5208:7148] [FcVpnSched  88   debug] default msg 26
[2026-04-10 12:37:02.7478023 UTC-05:00] [5208:7148] [FcVpnSched  88   debug] default msg 26
[2026-04-10 12:37:02.7504401 UTC-05:00] [5208:7148] [FcVpnSched  88   debug] default msg 26
[2026-04-10 12:37:02.8962944 UTC-05:00] [5208:7148] [FcVpnSched  88   debug] default msg 26
[2026-04-10 12:37:02.8991504 UTC-05:00] [5208:7148] [FcVpnSched  88   debug] default msg 26
[2026-04-10 12:37:02.9015607 UTC-05:00] [5208:7148] [FcVpnSched  88   debug] default msg 26
[2026-04-10 12:37:02.9039881 UTC-05:00] [5208:7148] [FcVpnSched  88   debug] default msg 26
[2026-04-10 12:37:02.9063564 UTC-05:00] [5208:7148] [FcVpnSched  88   debug] default msg 26
[2026-04-10 12:37:02.9091390 UTC-05:00] [5208:7148] [FcVpnSched  88   debug] default msg 26
[2026-04-10 12:37:02.9119345 UTC-05:00] [5208:7148] [FcVpnSched  88   debug] default msg 26
[2026-04-10 12:37:02.9144371 UTC-05:00] [5208:7148] [FcVpnSched  88   debug] default msg 26
[2026-04-10 12:37:02.9168977 UTC-05:00] [5208:7148] [FcVpnSched  88   debug] default msg 26
[2026-04-10 12:37:02.9193364 UTC-05:00] [5208:7148] [FcVpnSched  88   debug] default msg 26
[2026-04-10 12:37:02.9217735 UTC-05:00] [5208:7148] [FcVpnSched  88   debug] default msg 26
[2026-04-10 12:37:02.9242862 UTC-05:00] [5208:7148] [FcVpnSched  88   debug] default msg 26
[2026-04-10 12:37:02.9271161 UTC-05:00] [5208:7148] [FcVpnSched  88   debug] default msg 26
[2026-04-10 12:37:02.9296726 UTC-05:00] [5208:7148] [FcVpnSched  88   debug] default msg 26
[2026-04-10 12:37:02.9320981 UTC-05:00] [5208:7148] [FcVpnSched  88   debug] default msg 26
[2026-04-10 12:37:02.9345004 UTC-05:00] [5208:7148] [FcVpnSched  88   debug] default msg 26
[2026-04-10 12:37:02.9368862 UTC-05:00] [5208:7148] [FcVpnSched  88   debug] default msg 26
[2026-04-10 12:37:02.9396193 UTC-05:00] [5208:7148] [FcVpnSched  88   debug] default msg 26
[2026-04-10 12:37:02.9426075 UTC-05:00] [5208:7148] [FcVpnSched  88   debug] default msg 26
[2026-04-10 12:37:02.9451399 UTC-05:00] [5208:7148] [FcVpnSched  88   debug] default msg 26
[2026-04-10 12:37:02.9475849 UTC-05:00] [5208:7148] [FcVpnSched  88   debug] default msg 26
[2026-04-10 12:37:02.9500483 UTC-05:00] [5208:7148] [FcVpnSched  88   debug] default msg 26
[2026-04-10 12:37:02.9524686 UTC-05:00] [5208:7148] [FcVpnSched  88   debug] default msg 26
[2026-04-10 12:37:02.9548578 UTC-05:00] [5208:7148] [FcVpnSched  88   debug] default msg 26
[2026-04-10 12:37:02.9577345 UTC-05:00] [5208:7148] [FcVpnSched  88   debug] default msg 26
[2026-04-10 12:37:02.9602295 UTC-05:00] [5208:7148] [FcVpnSched  88   debug] default msg 26
[2026-04-10 12:37:02.9626862 UTC-05:00] [5208:7148] [FcVpnSched  88   debug] default msg 26
[2026-04-10 12:37:02.9650534 UTC-05:00] [5208:7148] [FcVpnSched  88   debug] default msg 26
[2026-04-10 12:37:02.9674877 UTC-05:00] [5208:7148] [FcVpnSched  88   debug] default msg 26
[2026-04-10 12:37:02.9698712 UTC-05:00] [5208:7148] [FcVpnSched  88   debug] default msg 26
[2026-04-10 12:37:02.9723554 UTC-05:00] [5208:7148] [FcVpnSched  88   debug] default msg 26
[2026-04-10 12:37:02.9747094 UTC-05:00] [5208:7148] [FcVpnSched  88   debug] default msg 26
[2026-04-10 13:18:45.5263092 UTC-05:00] [5208:7148] [FcVpnSched  88   debug] default msg 26
[2026-04-10 13:18:45.7865530 UTC-05:00] [5208:7148] [FcVpnSched  88   debug] default msg 26
[2026-04-10 13:18:46.0335276 UTC-05:00] [5208:7148] [FcVpnSched  88   debug] default msg 26
[2026-04-10 13:18:46.3658681 UTC-05:00] [5208:7148] [FcVpnSched  88   debug] default msg 26
[2026-04-10 13:18:46.5848566 UTC-05:00] [5208:7148] [FcVpnSched  88   debug] default msg 26
[2026-04-10 13:18:47.0543718 UTC-05:00] [5208:7148] [FcVpnSched  88   debug] default msg 26
[2026-04-10 13:18:47.4679513 UTC-05:00] [5208:7148] [FcVpnSched  88   debug] default msg 26
[2026-04-10 13:18:47.8060247 UTC-05:00] [5208:7148] [FcVpnSched  88   debug] default msg 26
[2026-04-10 14:03:51.4172079 UTC-05:00] [5208:7148] [FcVpnSched  88   debug] default msg 26
[2026-04-10 14:03:51.7356016 UTC-05:00] [5208:7148] [FcVpnSched  88   debug] default msg 26
[2026-04-10 14:26:45.6309810 UTC-05:00] [5208:7148] [FcVpnSched  88   debug] default msg 26
[2026-04-10 14:26:45.8662322 UTC-05:00] [5208:7148] [FcVpnSched  88   debug] default msg 26
[2026-04-10 14:26:46.1323483 UTC-05:00] [5208:7148] [FcVpnSched  88   debug] default msg 26
[2026-04-10 14:26:46.4758925 UTC-05:00] [5208:7148] [FcVpnSched  88   debug] default msg 26
[2026-04-10 14:26:46.6988015 UTC-05:00] [5208:7148] [FcVpnSched  88   debug] default msg 26
[2026-04-10 14:26:47.1339483 UTC-05:00] [5208:7148] [FcVpnSched  88   debug] default msg 26
[2026-04-10 14:26:47.5345467 UTC-05:00] [5208:7148] [FcVpnSched  88   debug] default msg 26
[2026-04-10 14:26:47.8695755 UTC-05:00] [5208:7148] [FcVpnSched  88   debug] default msg 26
[2026-04-10 15:14:02.2735326 UTC-05:00] [5208:7148] [FcVpnSched  88   debug] default msg 30
[2026-04-10 15:14:02.3742116 UTC-05:00] [5208:7148] [FcVpnSched  88   debug] default msg 26
[2026-04-10 15:14:02.3769148 UTC-05:00] [5208:7148] [FcVpnSched  88   debug] default msg 26
[2026-04-10 15:14:02.3794656 UTC-05:00] [5208:7148] [FcVpnSched  88   debug] default msg 26
[2026-04-10 15:14:02.3818166 UTC-05:00] [5208:7148] [FcVpnSched  88   debug] default msg 26
[2026-04-10 15:14:02.3843896 UTC-05:00] [5208:7148] [FcVpnSched  88   debug] default msg 26
[2026-04-10 15:14:02.3870265 UTC-05:00] [5208:7148] [FcVpnSched  88   debug] default msg 26
[2026-04-10 15:14:02.3894100 UTC-05:00] [5208:7148] [FcVpnSched  88   debug] default msg 26
[2026-04-10 15:14:02.3917464 UTC-05:00] [5208:7148] [FcVpnSched  88   debug] default msg 26
[2026-04-10 15:14:02.3940362 UTC-05:00] [5208:7148] [FcVpnSched  88   debug] default msg 26
[2026-04-10 15:14:02.3963789 UTC-05:00] [5208:7148] [FcVpnSched  88   debug] default msg 26
[2026-04-10 15:14:02.3988837 UTC-05:00] [5208:7148] [FcVpnSched  88   debug] default msg 26
[2026-04-10 15:14:02.4014339 UTC-05:00] [5208:7148] [FcVpnSched  88   debug] default msg 26
[2026-04-10 15:14:02.4050653 UTC-05:00] [5208:7148] [FcVpnSched  88   debug] default msg 26
[2026-04-10 15:14:02.4082924 UTC-05:00] [5208:7148] [FcVpnSched  88   debug] default msg 26
[2026-04-10 15:14:02.4118514 UTC-05:00] [5208:7148] [FcVpnSched  88   debug] default msg 26
[2026-04-10 15:14:02.4278168 UTC-05:00] [5208:7148] [FcVpnSched  88   debug] default msg 26
[2026-04-10 15:14:02.4319862 UTC-05:00] [5208:7148] [FcVpnSched  88   debug] default msg 26
[2026-04-10 15:14:02.4351149 UTC-05:00] [5208:7148] [FcVpnSched  88   debug] default msg 26
[2026-04-10 15:14:02.4379697 UTC-05:00] [5208:7148] [FcVpnSched  88   debug] default msg 26
[2026-04-10 15:14:02.4406624 UTC-05:00] [5208:7148] [FcVpnSched  88   debug] default msg 26
[2026-04-10 15:14:02.4437884 UTC-05:00] [5208:7148] [FcVpnSched  88   debug] default msg 26
[2026-04-10 15:14:02.4469318 UTC-05:00] [5208:7148] [FcVpnSched  88   debug] default msg 26
[2026-04-10 15:14:02.4497827 UTC-05:00] [5208:7148] [FcVpnSched  88   debug] default msg 26
[2026-04-10 15:14:02.4526950 UTC-05:00] [5208:7148] [FcVpnSched  88   debug] default msg 26
[2026-04-10 15:14:02.4564587 UTC-05:00] [5208:7148] [FcVpnSched  88   debug] default msg 26
[2026-04-10 15:14:02.4592604 UTC-05:00] [5208:7148] [FcVpnSched  88   debug] default msg 26
[2026-04-10 15:14:02.4619074 UTC-05:00] [5208:7148] [FcVpnSched  88   debug] default msg 26
[2026-04-10 15:14:02.4649914 UTC-05:00] [5208:7148] [FcVpnSched  88   debug] default msg 26
[2026-04-10 15:14:02.4683528 UTC-05:00] [5208:7148] [FcVpnSched  88   debug] default msg 26
[2026-04-10 15:14:02.4712695 UTC-05:00] [5208:7148] [FcVpnSched  88   debug] default msg 26
[2026-04-10 15:14:02.4736577 UTC-05:00] [5208:7148] [FcVpnSched  88   debug] default msg 26
[2026-04-10 15:14:02.4760255 UTC-05:00] [5208:7148] [FcVpnSched  88   debug] default msg 26
[2026-04-10 15:14:02.4788666 UTC-05:00] [5208:7148] [FcVpnSched  88   debug] default msg 26
[2026-04-10 15:14:02.4816768 UTC-05:00] [5208:7148] [FcVpnSched  88   debug] default msg 26
[2026-04-10 15:14:02.4845381 UTC-05:00] [5208:7148] [FcVpnSched  88   debug] default msg 26
[2026-04-10 15:14:02.4870757 UTC-05:00] [5208:7148] [FcVpnSched  88   debug] default msg 26
[2026-04-10 15:14:02.4895476 UTC-05:00] [5208:7148] [FcVpnSched  88   debug] default msg 26
[2026-04-10 15:14:02.4919290 UTC-05:00] [5208:7148] [FcVpnSched  88   debug] default msg 26
[2026-04-10 15:14:02.4944808 UTC-05:00] [5208:7148] [FcVpnSched  88   debug] default msg 26
[2026-04-10 15:14:02.4971604 UTC-05:00] [5208:7148] [FcVpnSched  88   debug] default msg 26
[2026-04-10 15:14:02.4996030 UTC-05:00] [5208:7148] [FcVpnSched  88   debug] default msg 26
[2026-04-10 15:14:02.5019424 UTC-05:00] [5208:7148] [FcVpnSched  88   debug] default msg 26
[2026-04-10 15:14:02.5043572 UTC-05:00] [5208:7148] [FcVpnSched  88   debug] default msg 26
[2026-04-10 15:14:02.5067542 UTC-05:00] [5208:7148] [FcVpnSched  88   debug] default msg 26
[2026-04-10 15:14:02.5098773 UTC-05:00] [5208:7148] [FcVpnSched  88   debug] default msg 26
[2026-04-10 15:14:02.5131978 UTC-05:00] [5208:7148] [FcVpnSched  88   debug] default msg 26
[2026-04-10 15:14:02.5156981 UTC-05:00] [5208:7148] [FcVpnSched  88   debug] default msg 26
[2026-04-10 15:14:02.5180892 UTC-05:00] [5208:7148] [FcVpnSched  88   debug] default msg 26
[2026-04-10 15:14:02.5205106 UTC-05:00] [5208:7148] [FcVpnSched  88   debug] default msg 26
[2026-04-10 15:14:02.5228473 UTC-05:00] [5208:7148] [FcVpnSched  88   debug] default msg 26
[2026-04-10 15:14:02.5251827 UTC-05:00] [5208:7148] [FcVpnSched  88   debug] default msg 26
[2026-04-10 15:14:02.5275730 UTC-05:00] [5208:7148] [FcVpnSched  88   debug] default msg 26
[2026-04-10 15:14:02.5298855 UTC-05:00] [5208:7148] [FcVpnSched  88   debug] default msg 26
[2026-04-10 15:14:02.5321941 UTC-05:00] [5208:7148] [FcVpnSched  88   debug] default msg 26
[2026-04-10 15:14:02.5345017 UTC-05:00] [5208:7148] [FcVpnSched  88   debug] default msg 26
[2026-04-10 15:14:02.5368138 UTC-05:00] [5208:7148] [FcVpnSched  88   debug] default msg 26
[2026-04-10 15:14:02.6784123 UTC-05:00] [5208:7148] [FcVpnSched  88   debug] default msg 26
[2026-04-10 15:14:02.6823566 UTC-05:00] [5208:7148] [FcVpnSched  88   debug] default msg 26
[2026-04-10 15:14:02.6851349 UTC-05:00] [5208:7148] [FcVpnSched  88   debug] default msg 26
[2026-04-10 15:14:02.6878967 UTC-05:00] [5208:7148] [FcVpnSched  88   debug] default msg 26
[2026-04-10 15:14:02.6903649 UTC-05:00] [5208:7148] [FcVpnSched  88   debug] default msg 26
[2026-04-10 15:14:02.6928044 UTC-05:00] [5208:7148] [FcVpnSched  88   debug] default msg 26
[2026-04-10 15:14:02.6952866 UTC-05:00] [5208:7148] [FcVpnSched  88   debug] default msg 26
[2026-04-10 15:14:02.6977116 UTC-05:00] [5208:7148] [FcVpnSched  88   debug] default msg 26
[2026-04-10 15:14:02.7001349 UTC-05:00] [5208:7148] [FcVpnSched  88   debug] default msg 26
[2026-04-10 15:14:02.7028592 UTC-05:00] [5208:7148] [FcVpnSched  88   debug] default msg 26
[2026-04-10 15:14:02.7053274 UTC-05:00] [5208:7148] [FcVpnSched  88   debug] default msg 26
[2026-04-10 15:14:02.7077105 UTC-05:00] [5208:7148] [FcVpnSched  88   debug] default msg 26
[2026-04-10 15:14:02.7102359 UTC-05:00] [5208:7148] [FcVpnSched  88   debug] default msg 26
[2026-04-10 15:14:02.7124319 UTC-05:00] [5208:7148] [FcVpnSched  88   debug] default msg 26
[2026-04-10 15:14:02.7145440 UTC-05:00] [5208:7148] [FcVpnSched  88   debug] default msg 26
[2026-04-10 15:14:02.7169364 UTC-05:00] [5208:7148] [FcVpnSched  88   debug] default msg 26
[2026-04-10 15:14:02.7191460 UTC-05:00] [5208:7148] [FcVpnSched  88   debug] default msg 26
[2026-04-10 15:14:02.7213088 UTC-05:00] [5208:7148] [FcVpnSched  88   debug] default msg 26
[2026-04-10 15:14:02.7234979 UTC-05:00] [5208:7148] [FcVpnSched  88   debug] default msg 26
[2026-04-10 15:14:02.7256428 UTC-05:00] [5208:7148] [FcVpnSched  88   debug] default msg 26
[2026-04-10 15:14:02.7279291 UTC-05:00] [5208:7148] [FcVpnSched  88   debug] default msg 26
[2026-04-10 15:14:02.7300965 UTC-05:00] [5208:7148] [FcVpnSched  88   debug] default msg 26
[2026-04-10 15:14:02.7330477 UTC-05:00] [5208:7148] [FcVpnSched  88   debug] default msg 26
[2026-04-10 15:14:02.7363823 UTC-05:00] [5208:7148] [FcVpnSched  88   debug] default msg 26
[2026-04-10 15:14:02.7398549 UTC-05:00] [5208:7148] [FcVpnSched  88   debug] default msg 26
[2026-04-10 15:14:02.7430047 UTC-05:00] [5208:7148] [FcVpnSched  88   debug] default msg 26
[2026-04-10 15:14:02.7460016 UTC-05:00] [5208:7148] [FcVpnSched  88   debug] default msg 26
[2026-04-10 15:14:02.7503627 UTC-05:00] [5208:7148] [FcVpnSched  88   debug] default msg 26
[2026-04-10 15:14:02.7536578 UTC-05:00] [5208:7148] [FcVpnSched  88   debug] default msg 26
[2026-04-10 15:14:02.7566936 UTC-05:00] [5208:7148] [FcVpnSched  88   debug] default msg 26
[2026-04-10 15:14:02.7596064 UTC-05:00] [5208:7148] [FcVpnSched  88   debug] default msg 26
[2026-04-10 15:14:02.7633223 UTC-05:00] [5208:7148] [FcVpnSched  88   debug] default msg 26
[2026-04-10 15:34:45.1506094 UTC-05:00] [5208:7148] [FcVpnSched  88   debug] default msg 26
[2026-04-10 15:34:45.3947698 UTC-05:00] [5208:7148] [FcVpnSched  88   debug] default msg 26
[2026-04-10 15:34:45.6366437 UTC-05:00] [5208:7148] [FcVpnSched  88   debug] default msg 26
[2026-04-10 15:34:45.9716059 UTC-05:00] [5208:7148] [FcVpnSched  88   debug] default msg 26
[2026-04-10 15:34:46.1901753 UTC-05:00] [5208:7148] [FcVpnSched  88   debug] default msg 26
[2026-04-10 15:34:46.6401728 UTC-05:00] [5208:7148] [FcVpnSched  88   debug] default msg 26
[2026-04-10 15:34:47.0579582 UTC-05:00] [5208:7148] [FcVpnSched  88   debug] default msg 26
[2026-04-10 15:34:47.3867169 UTC-05:00] [5208:7148] [FcVpnSched  88   debug] default msg 26
[2026-04-10 15:55:51.0153689 UTC-05:00] [5208:7148] [FcVpnSched  88   debug] default msg 26
[2026-04-10 15:55:51.3428019 UTC-05:00] [5208:7148] [FcVpnSched  88   debug] default msg 26
[2026-04-10 16:27:01.8384759 UTC-05:00] [5208:7148] [FcVpnSched  88   debug] default msg 30
[2026-04-10 16:27:01.9518975 UTC-05:00] [5208:7148] [FcVpnSched  88   debug] default msg 26
[2026-04-10 16:27:01.9549552 UTC-05:00] [5208:7148] [FcVpnSched  88   debug] default msg 26
[2026-04-10 16:27:01.9578109 UTC-05:00] [5208:7148] [FcVpnSched  88   debug] default msg 26
[2026-04-10 16:27:01.9609379 UTC-05:00] [5208:7148] [FcVpnSched  88   debug] default msg 26
[2026-04-10 16:27:01.9643638 UTC-05:00] [5208:7148] [FcVpnSched  88   debug] default msg 26
[2026-04-10 16:27:01.9673913 UTC-05:00] [5208:7148] [FcVpnSched  88   debug] default msg 26
[2026-04-10 16:27:01.9699170 UTC-05:00] [5208:7148] [FcVpnSched  88   debug] default msg 26
[2026-04-10 16:27:01.9724320 UTC-05:00] [5208:7148] [FcVpnSched  88   debug] default msg 26
[2026-04-10 16:27:01.9750425 UTC-05:00] [5208:7148] [FcVpnSched  88   debug] default msg 26
[2026-04-10 16:27:01.9782555 UTC-05:00] [5208:7148] [FcVpnSched  88   debug] default msg 26
[2026-04-10 16:27:01.9817358 UTC-05:00] [5208:7148] [FcVpnSched  88   debug] default msg 26
[2026-04-10 16:27:01.9846077 UTC-05:00] [5208:7148] [FcVpnSched  88   debug] default msg 26
[2026-04-10 16:27:01.9872039 UTC-05:00] [5208:7148] [FcVpnSched  88   debug] default msg 26
[2026-04-10 16:27:01.9898064 UTC-05:00] [5208:7148] [FcVpnSched  88   debug] default msg 26
[2026-04-10 16:27:01.9924295 UTC-05:00] [5208:7148] [FcVpnSched  88   debug] default msg 26
[2026-04-10 16:27:01.9949304 UTC-05:00] [5208:7148] [FcVpnSched  88   debug] default msg 26
[2026-04-10 16:27:01.9975772 UTC-05:00] [5208:7148] [FcVpnSched  88   debug] default msg 26
[2026-04-10 16:27:02.0010423 UTC-05:00] [5208:7148] [FcVpnSched  88   debug] default msg 26
[2026-04-10 16:27:02.0036656 UTC-05:00] [5208:7148] [FcVpnSched  88   debug] default msg 26
[2026-04-10 16:27:02.0061355 UTC-05:00] [5208:7148] [FcVpnSched  88   debug] default msg 26
[2026-04-10 16:27:02.0083907 UTC-05:00] [5208:7148] [FcVpnSched  88   debug] default msg 26
[2026-04-10 16:27:02.0105628 UTC-05:00] [5208:7148] [FcVpnSched  88   debug] default msg 26
[2026-04-10 16:27:02.0127716 UTC-05:00] [5208:7148] [FcVpnSched  88   debug] default msg 26
[2026-04-10 16:27:02.0150158 UTC-05:00] [5208:7148] [FcVpnSched  88   debug] default msg 26
[2026-04-10 16:27:02.0172242 UTC-05:00] [5208:7148] [FcVpnSched  88   debug] default msg 26
[2026-04-10 16:27:02.0193339 UTC-05:00] [5208:7148] [FcVpnSched  88   debug] default msg 26
[2026-04-10 16:27:02.0214662 UTC-05:00] [5208:7148] [FcVpnSched  88   debug] default msg 26
[2026-04-10 16:27:02.0235436 UTC-05:00] [5208:7148] [FcVpnSched  88   debug] default msg 26
[2026-04-10 16:27:02.0256266 UTC-05:00] [5208:7148] [FcVpnSched  88   debug] default msg 26
[2026-04-10 16:27:02.0277406 UTC-05:00] [5208:7148] [FcVpnSched  88   debug] default msg 26
[2026-04-10 16:27:02.0301278 UTC-05:00] [5208:7148] [FcVpnSched  88   debug] default msg 26
[2026-04-10 16:27:02.0323657 UTC-05:00] [5208:7148] [FcVpnSched  88   debug] default msg 26
[2026-04-10 16:27:02.0344862 UTC-05:00] [5208:7148] [FcVpnSched  88   debug] default msg 26
[2026-04-10 16:27:02.0365695 UTC-05:00] [5208:7148] [FcVpnSched  88   debug] default msg 26
[2026-04-10 16:27:02.0386915 UTC-05:00] [5208:7148] [FcVpnSched  88   debug] default msg 26
[2026-04-10 16:27:02.0407768 UTC-05:00] [5208:7148] [FcVpnSched  88   debug] default msg 26
[2026-04-10 16:27:02.0428223 UTC-05:00] [5208:7148] [FcVpnSched  88   debug] default msg 26
[2026-04-10 16:27:02.0451709 UTC-05:00] [5208:7148] [FcVpnSched  88   debug] default msg 26
[2026-04-10 16:27:02.0480451 UTC-05:00] [5208:7148] [FcVpnSched  88   debug] default msg 26
[2026-04-10 16:27:02.0508165 UTC-05:00] [5208:7148] [FcVpnSched  88   debug] default msg 26
[2026-04-10 16:27:02.0529897 UTC-05:00] [5208:7148] [FcVpnSched  88   debug] default msg 26
[2026-04-10 16:27:02.0551540 UTC-05:00] [5208:7148] [FcVpnSched  88   debug] default msg 26
[2026-04-10 16:27:02.0573432 UTC-05:00] [5208:7148] [FcVpnSched  88   debug] default msg 26
[2026-04-10 16:27:02.0594472 UTC-05:00] [5208:7148] [FcVpnSched  88   debug] default msg 26
[2026-04-10 16:27:02.0620534 UTC-05:00] [5208:7148] [FcVpnSched  88   debug] default msg 26
[2026-04-10 16:27:02.0645850 UTC-05:00] [5208:7148] [FcVpnSched  88   debug] default msg 26
[2026-04-10 16:27:02.0668767 UTC-05:00] [5208:7148] [FcVpnSched  88   debug] default msg 26
[2026-04-10 16:27:02.0691761 UTC-05:00] [5208:7148] [FcVpnSched  88   debug] default msg 26
[2026-04-10 16:27:02.0714734 UTC-05:00] [5208:7148] [FcVpnSched  88   debug] default msg 26
[2026-04-10 16:27:02.0736290 UTC-05:00] [5208:7148] [FcVpnSched  88   debug] default msg 26
[2026-04-10 16:27:02.0757471 UTC-05:00] [5208:7148] [FcVpnSched  88   debug] default msg 26
[2026-04-10 16:27:02.0781387 UTC-05:00] [5208:7148] [FcVpnSched  88   debug] default msg 26
[2026-04-10 16:27:02.0805127 UTC-05:00] [5208:7148] [FcVpnSched  88   debug] default msg 26
[2026-04-10 16:27:02.0828210 UTC-05:00] [5208:7148] [FcVpnSched  88   debug] default msg 26
[2026-04-10 16:27:02.0851361 UTC-05:00] [5208:7148] [FcVpnSched  88   debug] default msg 26
[2026-04-10 16:27:02.0873926 UTC-05:00] [5208:7148] [FcVpnSched  88   debug] default msg 26
[2026-04-10 16:27:02.2349265 UTC-05:00] [5208:7148] [FcVpnSched  88   debug] default msg 26
[2026-04-10 16:27:02.2392080 UTC-05:00] [5208:7148] [FcVpnSched  88   debug] default msg 26
[2026-04-10 16:27:02.2418920 UTC-05:00] [5208:7148] [FcVpnSched  88   debug] default msg 26
[2026-04-10 16:27:02.2442857 UTC-05:00] [5208:7148] [FcVpnSched  88   debug] default msg 26
[2026-04-10 16:27:02.2465511 UTC-05:00] [5208:7148] [FcVpnSched  88   debug] default msg 26
[2026-04-10 16:27:02.2488355 UTC-05:00] [5208:7148] [FcVpnSched  88   debug] default msg 26
[2026-04-10 16:27:02.2511674 UTC-05:00] [5208:7148] [FcVpnSched  88   debug] default msg 26
[2026-04-10 16:27:02.2536751 UTC-05:00] [5208:7148] [FcVpnSched  88   debug] default msg 26
[2026-04-10 16:27:02.2560245 UTC-05:00] [5208:7148] [FcVpnSched  88   debug] default msg 26
[2026-04-10 16:27:02.2583175 UTC-05:00] [5208:7148] [FcVpnSched  88   debug] default msg 26
[2026-04-10 16:27:02.2606085 UTC-05:00] [5208:7148] [FcVpnSched  88   debug] default msg 26
[2026-04-10 16:27:02.2628802 UTC-05:00] [5208:7148] [FcVpnSched  88   debug] default msg 26
[2026-04-10 16:27:02.2650621 UTC-05:00] [5208:7148] [FcVpnSched  88   debug] default msg 26
[2026-04-10 16:27:02.2671681 UTC-05:00] [5208:7148] [FcVpnSched  88   debug] default msg 26
[2026-04-10 16:27:02.2693522 UTC-05:00] [5208:7148] [FcVpnSched  88   debug] default msg 26
[2026-04-10 16:27:02.2714552 UTC-05:00] [5208:7148] [FcVpnSched  88   debug] default msg 26
[2026-04-10 16:27:02.2736087 UTC-05:00] [5208:7148] [FcVpnSched  88   debug] default msg 26
[2026-04-10 16:27:02.2757396 UTC-05:00] [5208:7148] [FcVpnSched  88   debug] default msg 26
[2026-04-10 16:27:02.2778757 UTC-05:00] [5208:7148] [FcVpnSched  88   debug] default msg 26
[2026-04-10 16:27:02.2799858 UTC-05:00] [5208:7148] [FcVpnSched  88   debug] default msg 26
[2026-04-10 16:27:02.2821974 UTC-05:00] [5208:7148] [FcVpnSched  88   debug] default msg 26
[2026-04-10 16:27:02.2847388 UTC-05:00] [5208:7148] [FcVpnSched  88   debug] default msg 26
[2026-04-10 16:27:02.2870060 UTC-05:00] [5208:7148] [FcVpnSched  88   debug] default msg 26
[2026-04-10 16:27:02.2890996 UTC-05:00] [5208:7148] [FcVpnSched  88   debug] default msg 26
[2026-04-10 16:27:02.2912017 UTC-05:00] [5208:7148] [FcVpnSched  88   debug] default msg 26
[2026-04-10 16:27:02.2933309 UTC-05:00] [5208:7148] [FcVpnSched  88   debug] default msg 26
[2026-04-10 16:27:02.2954589 UTC-05:00] [5208:7148] [FcVpnSched  88   debug] default msg 26
[2026-04-10 16:27:02.2975043 UTC-05:00] [5208:7148] [FcVpnSched  88   debug] default msg 26
[2026-04-10 16:27:02.3007348 UTC-05:00] [5208:7148] [FcVpnSched  88   debug] default msg 26
[2026-04-10 16:27:02.3046376 UTC-05:00] [5208:7148] [FcVpnSched  88   debug] default msg 26
[2026-04-10 16:27:02.3072730 UTC-05:00] [5208:7148] [FcVpnSched  88   debug] default msg 26
[2026-04-10 16:27:02.3097524 UTC-05:00] [5208:7148] [FcVpnSched  88   debug] default msg 26
[2026-04-10 16:42:45.8118794 UTC-05:00] [5208:7148] [FcVpnSched  88   debug] default msg 26
[2026-04-10 16:42:46.0982268 UTC-05:00] [5208:7148] [FcVpnSched  88   debug] default msg 26
[2026-04-10 16:42:46.3585713 UTC-05:00] [5208:7148] [FcVpnSched  88   debug] default msg 26
[2026-04-10 16:42:46.6844365 UTC-05:00] [5208:7148] [FcVpnSched  88   debug] default msg 26
[2026-04-10 16:42:46.9059349 UTC-05:00] [5208:7148] [FcVpnSched  88   debug] default msg 26
[2026-04-10 16:42:47.3430926 UTC-05:00] [5208:7148] [FcVpnSched  88   debug] default msg 26
[2026-04-10 16:42:47.7460375 UTC-05:00] [5208:7148] [FcVpnSched  88   debug] default msg 26
[2026-04-10 16:42:48.0861539 UTC-05:00] [5208:7148] [FcVpnSched  88   debug] default msg 26
[2026-04-10 17:47:51.7146025 UTC-05:00] [5208:7148] [FcVpnSched  88   debug] default msg 26
[2026-04-10 17:47:52.0274943 UTC-05:00] [5208:7148] [FcVpnSched  88   debug] default msg 26
[2026-04-10 17:50:44.8263686 UTC-05:00] [5208:7148] [FcVpnSched  88   debug] default msg 26
[2026-04-10 17:50:45.0724450 UTC-05:00] [5208:7148] [FcVpnSched  88   debug] default msg 26
[2026-04-10 17:50:45.3141689 UTC-05:00] [5208:7148] [FcVpnSched  88   debug] default msg 26
[2026-04-10 17:50:45.6572242 UTC-05:00] [5208:7148] [FcVpnSched  88   debug] default msg 26
[2026-04-10 17:50:45.9148108 UTC-05:00] [5208:7148] [FcVpnSched  88   debug] default msg 26
[2026-04-10 17:50:46.4367459 UTC-05:00] [5208:7148] [FcVpnSched  88   debug] default msg 26
[2026-04-10 17:50:46.8515498 UTC-05:00] [5208:7148] [FcVpnSched  88   debug] default msg 26
[2026-04-10 17:50:47.1858773 UTC-05:00] [5208:7148] [FcVpnSched  88   debug] default msg 26
[2026-04-10 18:58:45.1642447 UTC-05:00] [5208:7148] [FcVpnSched  88   debug] default msg 26
[2026-04-10 18:58:45.3958429 UTC-05:00] [5208:7148] [FcVpnSched  88   debug] default msg 26
[2026-04-10 18:58:45.6411653 UTC-05:00] [5208:7148] [FcVpnSched  88   debug] default msg 26
[2026-04-10 18:58:45.9628943 UTC-05:00] [5208:7148] [FcVpnSched  88   debug] default msg 26
[2026-04-10 18:58:46.1881505 UTC-05:00] [5208:7148] [FcVpnSched  88   debug] default msg 26
[2026-04-10 18:58:46.6227160 UTC-05:00] [5208:7148] [FcVpnSched  88   debug] default msg 26
[2026-04-10 18:58:47.0567505 UTC-05:00] [5208:7148] [FcVpnSched  88   debug] default msg 26
[2026-04-10 18:58:47.4071398 UTC-05:00] [5208:7148] [FcVpnSched  88   debug] default msg 26
[2026-04-10 19:39:50.8000504 UTC-05:00] [5208:7148] [FcVpnSched  88   debug] default msg 26
[2026-04-10 19:39:51.1565675 UTC-05:00] [5208:7148] [FcVpnSched  88   debug] default msg 26
[2026-04-10 20:06:45.1740283 UTC-05:00] [5208:7148] [FcVpnSched  88   debug] default msg 26
[2026-04-10 20:06:45.4190190 UTC-05:00] [5208:7148] [FcVpnSched  88   debug] default msg 26
[2026-04-10 20:06:45.6771662 UTC-05:00] [5208:7148] [FcVpnSched  88   debug] default msg 26
[2026-04-10 20:06:45.9866807 UTC-05:00] [5208:7148] [FcVpnSched  88   debug] default msg 26
[2026-04-10 20:06:46.2154095 UTC-05:00] [5208:7148] [FcVpnSched  88   debug] default msg 26
[2026-04-10 20:06:46.6771542 UTC-05:00] [5208:7148] [FcVpnSched  88   debug] default msg 26
[2026-04-10 20:06:47.0806481 UTC-05:00] [5208:7148] [FcVpnSched  88   debug] default msg 26
[2026-04-10 20:06:47.4001322 UTC-05:00] [5208:7148] [FcVpnSched  88   debug] default msg 26
[2026-04-10 20:17:02.3689861 UTC-05:00] [5208:7148] [FcVpnSched  88   debug] default msg 30
[2026-04-10 20:17:02.4643923 UTC-05:00] [5208:7148] [FcVpnSched  88   debug] default msg 26
[2026-04-10 20:17:02.4670750 UTC-05:00] [5208:7148] [FcVpnSched  88   debug] default msg 26
[2026-04-10 20:17:02.4695007 UTC-05:00] [5208:7148] [FcVpnSched  88   debug] default msg 26
[2026-04-10 20:17:02.4717394 UTC-05:00] [5208:7148] [FcVpnSched  88   debug] default msg 26
[2026-04-10 20:17:02.4741020 UTC-05:00] [5208:7148] [FcVpnSched  88   debug] default msg 26
[2026-04-10 20:17:02.4764903 UTC-05:00] [5208:7148] [FcVpnSched  88   debug] default msg 26
[2026-04-10 20:17:02.4787865 UTC-05:00] [5208:7148] [FcVpnSched  88   debug] default msg 26
[2026-04-10 20:17:02.4810125 UTC-05:00] [5208:7148] [FcVpnSched  88   debug] default msg 26
[2026-04-10 20:17:02.4831634 UTC-05:00] [5208:7148] [FcVpnSched  88   debug] default msg 26
[2026-04-10 20:17:02.4853694 UTC-05:00] [5208:7148] [FcVpnSched  88   debug] default msg 26
[2026-04-10 20:17:02.4876906 UTC-05:00] [5208:7148] [FcVpnSched  88   debug] default msg 26
[2026-04-10 20:17:02.4903995 UTC-05:00] [5208:7148] [FcVpnSched  88   debug] default msg 26
[2026-04-10 20:17:02.4928638 UTC-05:00] [5208:7148] [FcVpnSched  88   debug] default msg 26
[2026-04-10 20:17:02.4952832 UTC-05:00] [5208:7148] [FcVpnSched  88   debug] default msg 26
[2026-04-10 20:17:02.4976587 UTC-05:00] [5208:7148] [FcVpnSched  88   debug] default msg 26
[2026-04-10 20:17:02.4999896 UTC-05:00] [5208:7148] [FcVpnSched  88   debug] default msg 26
[2026-04-10 20:17:02.5022937 UTC-05:00] [5208:7148] [FcVpnSched  88   debug] default msg 26
[2026-04-10 20:17:02.5045746 UTC-05:00] [5208:7148] [FcVpnSched  88   debug] default msg 26
[2026-04-10 20:17:02.5071067 UTC-05:00] [5208:7148] [FcVpnSched  88   debug] default msg 26
[2026-04-10 20:17:02.5094895 UTC-05:00] [5208:7148] [FcVpnSched  88   debug] default msg 26
[2026-04-10 20:17:02.5122618 UTC-05:00] [5208:7148] [FcVpnSched  88   debug] default msg 26
[2026-04-10 20:17:02.5145908 UTC-05:00] [5208:7148] [FcVpnSched  88   debug] default msg 26
[2026-04-10 20:17:02.5170181 UTC-05:00] [5208:7148] [FcVpnSched  88   debug] default msg 26
[2026-04-10 20:17:02.5195245 UTC-05:00] [5208:7148] [FcVpnSched  88   debug] default msg 26
[2026-04-10 20:17:02.5217939 UTC-05:00] [5208:7148] [FcVpnSched  88   debug] default msg 26
[2026-04-10 20:17:02.5239559 UTC-05:00] [5208:7148] [FcVpnSched  88   debug] default msg 26
[2026-04-10 20:17:02.5260359 UTC-05:00] [5208:7148] [FcVpnSched  88   debug] default msg 26
[2026-04-10 20:17:02.5281104 UTC-05:00] [5208:7148] [FcVpnSched  88   debug] default msg 26
[2026-04-10 20:17:02.5301891 UTC-05:00] [5208:7148] [FcVpnSched  88   debug] default msg 26
[2026-04-10 20:17:02.5322949 UTC-05:00] [5208:7148] [FcVpnSched  88   debug] default msg 26
[2026-04-10 20:17:02.5345935 UTC-05:00] [5208:7148] [FcVpnSched  88   debug] default msg 26
[2026-04-10 20:17:02.5368675 UTC-05:00] [5208:7148] [FcVpnSched  88   debug] default msg 26
[2026-04-10 20:17:02.5390637 UTC-05:00] [5208:7148] [FcVpnSched  88   debug] default msg 26
[2026-04-10 20:17:02.5412491 UTC-05:00] [5208:7148] [FcVpnSched  88   debug] default msg 26
[2026-04-10 20:17:02.5435003 UTC-05:00] [5208:7148] [FcVpnSched  88   debug] default msg 26
[2026-04-10 20:17:02.5457422 UTC-05:00] [5208:7148] [FcVpnSched  88   debug] default msg 26
[2026-04-10 20:17:02.5480303 UTC-05:00] [5208:7148] [FcVpnSched  88   debug] default msg 26
[2026-04-10 20:17:02.5504172 UTC-05:00] [5208:7148] [FcVpnSched  88   debug] default msg 26
[2026-04-10 20:17:02.5533468 UTC-05:00] [5208:7148] [FcVpnSched  88   debug] default msg 26
[2026-04-10 20:17:02.5558372 UTC-05:00] [5208:7148] [FcVpnSched  88   debug] default msg 26
[2026-04-10 20:17:02.5581594 UTC-05:00] [5208:7148] [FcVpnSched  88   debug] default msg 26
[2026-04-10 20:17:02.5604646 UTC-05:00] [5208:7148] [FcVpnSched  88   debug] default msg 26
[2026-04-10 20:17:02.5627171 UTC-05:00] [5208:7148] [FcVpnSched  88   debug] default msg 26
[2026-04-10 20:17:02.5648783 UTC-05:00] [5208:7148] [FcVpnSched  88   debug] default msg 26
[2026-04-10 20:17:02.5674778 UTC-05:00] [5208:7148] [FcVpnSched  88   debug] default msg 26
[2026-04-10 20:17:02.5700442 UTC-05:00] [5208:7148] [FcVpnSched  88   debug] default msg 26
[2026-04-10 20:17:02.5723316 UTC-05:00] [5208:7148] [FcVpnSched  88   debug] default msg 26
[2026-04-10 20:17:02.5747368 UTC-05:00] [5208:7148] [FcVpnSched  88   debug] default msg 26
[2026-04-10 20:17:02.5770251 UTC-05:00] [5208:7148] [FcVpnSched  88   debug] default msg 26
[2026-04-10 20:17:02.5793580 UTC-05:00] [5208:7148] [FcVpnSched  88   debug] default msg 26
[2026-04-10 20:17:02.5815401 UTC-05:00] [5208:7148] [FcVpnSched  88   debug] default msg 26
[2026-04-10 20:17:02.5838413 UTC-05:00] [5208:7148] [FcVpnSched  88   debug] default msg 26
[2026-04-10 20:17:02.5860932 UTC-05:00] [5208:7148] [FcVpnSched  88   debug] default msg 26
[2026-04-10 20:17:02.5883610 UTC-05:00] [5208:7148] [FcVpnSched  88   debug] default msg 26
[2026-04-10 20:17:02.5906302 UTC-05:00] [5208:7148] [FcVpnSched  88   debug] default msg 26
[2026-04-10 20:17:02.5929282 UTC-05:00] [5208:7148] [FcVpnSched  88   debug] default msg 26
[2026-04-10 20:17:02.7363254 UTC-05:00] [5208:7148] [FcVpnSched  88   debug] default msg 26
[2026-04-10 20:17:02.7392983 UTC-05:00] [5208:7148] [FcVpnSched  88   debug] default msg 26
[2026-04-10 20:17:02.7416793 UTC-05:00] [5208:7148] [FcVpnSched  88   debug] default msg 26
[2026-04-10 20:17:02.7442908 UTC-05:00] [5208:7148] [FcVpnSched  88   debug] default msg 26
[2026-04-10 20:17:02.7468506 UTC-05:00] [5208:7148] [FcVpnSched  88   debug] default msg 26
[2026-04-10 20:17:02.7492315 UTC-05:00] [5208:7148] [FcVpnSched  88   debug] default msg 26
[2026-04-10 20:17:02.7515939 UTC-05:00] [5208:7148] [FcVpnSched  88   debug] default msg 26
[2026-04-10 20:17:02.7540910 UTC-05:00] [5208:7148] [FcVpnSched  88   debug] default msg 26
[2026-04-10 20:17:02.7563690 UTC-05:00] [5208:7148] [FcVpnSched  88   debug] default msg 26
[2026-04-10 20:17:02.7588180 UTC-05:00] [5208:7148] [FcVpnSched  88   debug] default msg 26
[2026-04-10 20:17:02.7612882 UTC-05:00] [5208:7148] [FcVpnSched  88   debug] default msg 26
[2026-04-10 20:17:02.7637039 UTC-05:00] [5208:7148] [FcVpnSched  88   debug] default msg 26
[2026-04-10 20:17:02.7659567 UTC-05:00] [5208:7148] [FcVpnSched  88   debug] default msg 26
[2026-04-10 20:17:02.7682368 UTC-05:00] [5208:7148] [FcVpnSched  88   debug] default msg 26
[2026-04-10 20:17:02.7704639 UTC-05:00] [5208:7148] [FcVpnSched  88   debug] default msg 26
[2026-04-10 20:17:02.7725947 UTC-05:00] [5208:7148] [FcVpnSched  88   debug] default msg 26
[2026-04-10 20:17:02.7748370 UTC-05:00] [5208:7148] [FcVpnSched  88   debug] default msg 26
[2026-04-10 20:17:02.7771716 UTC-05:00] [5208:7148] [FcVpnSched  88   debug] default msg 26
[2026-04-10 20:17:02.7794214 UTC-05:00] [5208:7148] [FcVpnSched  88   debug] default msg 26
[2026-04-10 20:17:02.7816593 UTC-05:00] [5208:7148] [FcVpnSched  88   debug] default msg 26
[2026-04-10 20:17:02.7838821 UTC-05:00] [5208:7148] [FcVpnSched  88   debug] default msg 26
[2026-04-10 20:17:02.7861532 UTC-05:00] [5208:7148] [FcVpnSched  88   debug] default msg 26
[2026-04-10 20:17:02.7883063 UTC-05:00] [5208:7148] [FcVpnSched  88   debug] default msg 26
[2026-04-10 20:17:02.7909377 UTC-05:00] [5208:7148] [FcVpnSched  88   debug] default msg 26
[2026-04-10 20:17:02.7938003 UTC-05:00] [5208:7148] [FcVpnSched  88   debug] default msg 26
[2026-04-10 20:17:02.7967491 UTC-05:00] [5208:7148] [FcVpnSched  88   debug] default msg 26
[2026-04-10 20:17:02.7998818 UTC-05:00] [5208:7148] [FcVpnSched  88   debug] default msg 26
[2026-04-10 20:17:02.8030251 UTC-05:00] [5208:7148] [FcVpnSched  88   debug] default msg 26
[2026-04-10 20:17:02.8061374 UTC-05:00] [5208:7148] [FcVpnSched  88   debug] default msg 26
[2026-04-10 20:17:02.8093651 UTC-05:00] [5208:7148] [FcVpnSched  88   debug] default msg 26
[2026-04-10 20:17:02.8126442 UTC-05:00] [5208:7148] [FcVpnSched  88   debug] default msg 26
[2026-04-10 20:17:02.8165530 UTC-05:00] [5208:7148] [FcVpnSched  88   debug] default msg 26
[2026-04-10 21:14:45.3419292 UTC-05:00] [5208:7148] [FcVpnSched  88   debug] default msg 26
[2026-04-10 21:14:45.5803636 UTC-05:00] [5208:7148] [FcVpnSched  88   debug] default msg 26
[2026-04-10 21:14:45.8304825 UTC-05:00] [5208:7148] [FcVpnSched  88   debug] default msg 26
[2026-04-10 21:14:46.1463079 UTC-05:00] [5208:7148] [FcVpnSched  88   debug] default msg 26
[2026-04-10 21:14:46.3668354 UTC-05:00] [5208:7148] [FcVpnSched  88   debug] default msg 26
[2026-04-10 21:14:46.7965382 UTC-05:00] [5208:7148] [FcVpnSched  88   debug] default msg 26
[2026-04-10 21:14:47.2262301 UTC-05:00] [5208:7148] [FcVpnSched  88   debug] default msg 26
[2026-04-10 21:14:47.5396148 UTC-05:00] [5208:7148] [FcVpnSched  88   debug] default msg 26
[2026-04-10 21:31:51.0729345 UTC-05:00] [5208:7148] [FcVpnSched  88   debug] default msg 26
[2026-04-10 21:31:51.3772994 UTC-05:00] [5208:7148] [FcVpnSched  88   debug] default msg 26
[2026-04-10 22:22:45.6662097 UTC-05:00] [5208:7148] [FcVpnSched  88   debug] default msg 26
[2026-04-10 22:22:45.9027323 UTC-05:00] [5208:7148] [FcVpnSched  88   debug] default msg 26
[2026-04-10 22:22:46.1524714 UTC-05:00] [5208:7148] [FcVpnSched  88   debug] default msg 26
[2026-04-10 22:22:46.4566052 UTC-05:00] [5208:7148] [FcVpnSched  88   debug] default msg 26
[2026-04-10 22:22:46.6707312 UTC-05:00] [5208:7148] [FcVpnSched  88   debug] default msg 26
[2026-04-10 22:22:47.1107947 UTC-05:00] [5208:7148] [FcVpnSched  88   debug] default msg 26
[2026-04-10 22:22:47.5219403 UTC-05:00] [5208:7148] [FcVpnSched  88   debug] default msg 26
[2026-04-10 22:22:47.8273529 UTC-05:00] [5208:7148] [FcVpnSched  88   debug] default msg 26
[2026-04-10 23:14:02.0889603 UTC-05:00] [5208:7148] [FcVpnSched  88   debug] default msg 30
[2026-04-10 23:14:02.1846536 UTC-05:00] [5208:7148] [FcVpnSched  88   debug] default msg 26
[2026-04-10 23:14:02.1873860 UTC-05:00] [5208:7148] [FcVpnSched  88   debug] default msg 26
[2026-04-10 23:14:02.1897413 UTC-05:00] [5208:7148] [FcVpnSched  88   debug] default msg 26
[2026-04-10 23:14:02.1924717 UTC-05:00] [5208:7148] [FcVpnSched  88   debug] default msg 26
[2026-04-10 23:14:02.1950131 UTC-05:00] [5208:7148] [FcVpnSched  88   debug] default msg 26
[2026-04-10 23:14:02.1973119 UTC-05:00] [5208:7148] [FcVpnSched  88   debug] default msg 26
[2026-04-10 23:14:02.1994945 UTC-05:00] [5208:7148] [FcVpnSched  88   debug] default msg 26
[2026-04-10 23:14:02.2016934 UTC-05:00] [5208:7148] [FcVpnSched  88   debug] default msg 26
[2026-04-10 23:14:02.2038638 UTC-05:00] [5208:7148] [FcVpnSched  88   debug] default msg 26
[2026-04-10 23:14:02.2059428 UTC-05:00] [5208:7148] [FcVpnSched  88   debug] default msg 26
[2026-04-10 23:14:02.2083294 UTC-05:00] [5208:7148] [FcVpnSched  88   debug] default msg 26
[2026-04-10 23:14:02.2108985 UTC-05:00] [5208:7148] [FcVpnSched  88   debug] default msg 26
[2026-04-10 23:14:02.2134093 UTC-05:00] [5208:7148] [FcVpnSched  88   debug] default msg 26
[2026-04-10 23:14:02.2156167 UTC-05:00] [5208:7148] [FcVpnSched  88   debug] default msg 26
[2026-04-10 23:14:02.2178142 UTC-05:00] [5208:7148] [FcVpnSched  88   debug] default msg 26
[2026-04-10 23:14:02.2200215 UTC-05:00] [5208:7148] [FcVpnSched  88   debug] default msg 26
[2026-04-10 23:14:02.2224567 UTC-05:00] [5208:7148] [FcVpnSched  88   debug] default msg 26
[2026-04-10 23:14:02.2251837 UTC-05:00] [5208:7148] [FcVpnSched  88   debug] default msg 26
[2026-04-10 23:14:02.2276449 UTC-05:00] [5208:7148] [FcVpnSched  88   debug] default msg 26
[2026-04-10 23:14:02.2299407 UTC-05:00] [5208:7148] [FcVpnSched  88   debug] default msg 26
[2026-04-10 23:14:02.2322304 UTC-05:00] [5208:7148] [FcVpnSched  88   debug] default msg 26
[2026-04-10 23:14:02.2344999 UTC-05:00] [5208:7148] [FcVpnSched  88   debug] default msg 26
[2026-04-10 23:14:02.2367290 UTC-05:00] [5208:7148] [FcVpnSched  88   debug] default msg 26
[2026-04-10 23:14:02.2391799 UTC-05:00] [5208:7148] [FcVpnSched  88   debug] default msg 26
[2026-04-10 23:14:02.2415758 UTC-05:00] [5208:7148] [FcVpnSched  88   debug] default msg 26
[2026-04-10 23:14:02.2437598 UTC-05:00] [5208:7148] [FcVpnSched  88   debug] default msg 26
[2026-04-10 23:14:02.2461104 UTC-05:00] [5208:7148] [FcVpnSched  88   debug] default msg 26
[2026-04-10 23:14:02.2482377 UTC-05:00] [5208:7148] [FcVpnSched  88   debug] default msg 26
[2026-04-10 23:14:02.2503846 UTC-05:00] [5208:7148] [FcVpnSched  88   debug] default msg 26
[2026-04-10 23:14:02.2524912 UTC-05:00] [5208:7148] [FcVpnSched  88   debug] default msg 26
[2026-04-10 23:14:02.2547147 UTC-05:00] [5208:7148] [FcVpnSched  88   debug] default msg 26
[2026-04-10 23:14:02.2569190 UTC-05:00] [5208:7148] [FcVpnSched  88   debug] default msg 26
[2026-04-10 23:14:02.2591233 UTC-05:00] [5208:7148] [FcVpnSched  88   debug] default msg 26
[2026-04-10 23:14:02.2613673 UTC-05:00] [5208:7148] [FcVpnSched  88   debug] default msg 26
[2026-04-10 23:14:02.2635562 UTC-05:00] [5208:7148] [FcVpnSched  88   debug] default msg 26
[2026-04-10 23:14:02.2657989 UTC-05:00] [5208:7148] [FcVpnSched  88   debug] default msg 26
[2026-04-10 23:14:02.2680831 UTC-05:00] [5208:7148] [FcVpnSched  88   debug] default msg 26
[2026-04-10 23:14:02.2704945 UTC-05:00] [5208:7148] [FcVpnSched  88   debug] default msg 26
[2026-04-10 23:14:02.2730625 UTC-05:00] [5208:7148] [FcVpnSched  88   debug] default msg 26
[2026-04-10 23:14:02.2753917 UTC-05:00] [5208:7148] [FcVpnSched  88   debug] default msg 26
[2026-04-10 23:14:02.2777519 UTC-05:00] [5208:7148] [FcVpnSched  88   debug] default msg 26
[2026-04-10 23:14:02.2800647 UTC-05:00] [5208:7148] [FcVpnSched  88   debug] default msg 26
[2026-04-10 23:14:02.2823558 UTC-05:00] [5208:7148] [FcVpnSched  88   debug] default msg 26
[2026-04-10 23:14:02.2847166 UTC-05:00] [5208:7148] [FcVpnSched  88   debug] default msg 26
[2026-04-10 23:14:02.2883947 UTC-05:00] [5208:7148] [FcVpnSched  88   debug] default msg 26
[2026-04-10 23:14:02.2910904 UTC-05:00] [5208:7148] [FcVpnSched  88   debug] default msg 26
[2026-04-10 23:14:02.2934987 UTC-05:00] [5208:7148] [FcVpnSched  88   debug] default msg 26
[2026-04-10 23:14:02.2959664 UTC-05:00] [5208:7148] [FcVpnSched  88   debug] default msg 26
[2026-04-10 23:14:02.2984598 UTC-05:00] [5208:7148] [FcVpnSched  88   debug] default msg 26
[2026-04-10 23:14:02.3009436 UTC-05:00] [5208:7148] [FcVpnSched  88   debug] default msg 26
[2026-04-10 23:14:02.3034077 UTC-05:00] [5208:7148] [FcVpnSched  88   debug] default msg 26
[2026-04-10 23:14:02.3057632 UTC-05:00] [5208:7148] [FcVpnSched  88   debug] default msg 26
[2026-04-10 23:14:02.3082106 UTC-05:00] [5208:7148] [FcVpnSched  88   debug] default msg 26
[2026-04-10 23:14:02.3106464 UTC-05:00] [5208:7148] [FcVpnSched  88   debug] default msg 26
[2026-04-10 23:14:02.3130697 UTC-05:00] [5208:7148] [FcVpnSched  88   debug] default msg 26
[2026-04-10 23:14:02.3154520 UTC-05:00] [5208:7148] [FcVpnSched  88   debug] default msg 26
[2026-04-10 23:14:02.4758936 UTC-05:00] [5208:7148] [FcVpnSched  88   debug] default msg 26
[2026-04-10 23:14:02.4807664 UTC-05:00] [5208:7148] [FcVpnSched  88   debug] default msg 26
[2026-04-10 23:14:02.4836382 UTC-05:00] [5208:7148] [FcVpnSched  88   debug] default msg 26
[2026-04-10 23:14:02.4862035 UTC-05:00] [5208:7148] [FcVpnSched  88   debug] default msg 26
[2026-04-10 23:14:02.4887098 UTC-05:00] [5208:7148] [FcVpnSched  88   debug] default msg 26
[2026-04-10 23:14:02.4913127 UTC-05:00] [5208:7148] [FcVpnSched  88   debug] default msg 26
[2026-04-10 23:14:02.4939429 UTC-05:00] [5208:7148] [FcVpnSched  88   debug] default msg 26
[2026-04-10 23:14:02.4964377 UTC-05:00] [5208:7148] [FcVpnSched  88   debug] default msg 26
[2026-04-10 23:14:02.4988701 UTC-05:00] [5208:7148] [FcVpnSched  88   debug] default msg 26
[2026-04-10 23:14:02.5014579 UTC-05:00] [5208:7148] [FcVpnSched  88   debug] default msg 26
[2026-04-10 23:14:02.5036460 UTC-05:00] [5208:7148] [FcVpnSched  88   debug] default msg 26
[2026-04-10 23:14:02.5058329 UTC-05:00] [5208:7148] [FcVpnSched  88   debug] default msg 26
[2026-04-10 23:14:02.5080902 UTC-05:00] [5208:7148] [FcVpnSched  88   debug] default msg 26
[2026-04-10 23:14:02.5103073 UTC-05:00] [5208:7148] [FcVpnSched  88   debug] default msg 26
[2026-04-10 23:14:02.5124857 UTC-05:00] [5208:7148] [FcVpnSched  88   debug] default msg 26
[2026-04-10 23:14:02.5146833 UTC-05:00] [5208:7148] [FcVpnSched  88   debug] default msg 26
[2026-04-10 23:14:02.5168573 UTC-05:00] [5208:7148] [FcVpnSched  88   debug] default msg 26
[2026-04-10 23:14:02.5190969 UTC-05:00] [5208:7148] [FcVpnSched  88   debug] default msg 26
[2026-04-10 23:14:02.5212375 UTC-05:00] [5208:7148] [FcVpnSched  88   debug] default msg 26
[2026-04-10 23:14:02.5235714 UTC-05:00] [5208:7148] [FcVpnSched  88   debug] default msg 26
[2026-04-10 23:14:02.5261143 UTC-05:00] [5208:7148] [FcVpnSched  88   debug] default msg 26
[2026-04-10 23:14:02.5284744 UTC-05:00] [5208:7148] [FcVpnSched  88   debug] default msg 26
[2026-04-10 23:14:02.5308419 UTC-05:00] [5208:7148] [FcVpnSched  88   debug] default msg 26
[2026-04-10 23:14:02.5331945 UTC-05:00] [5208:7148] [FcVpnSched  88   debug] default msg 26
[2026-04-10 23:14:02.5355579 UTC-05:00] [5208:7148] [FcVpnSched  88   debug] default msg 26
[2026-04-10 23:14:02.5383256 UTC-05:00] [5208:7148] [FcVpnSched  88   debug] default msg 26
[2026-04-10 23:14:02.5426049 UTC-05:00] [5208:7148] [FcVpnSched  88   debug] default msg 26
[2026-04-10 23:14:02.5455167 UTC-05:00] [5208:7148] [FcVpnSched  88   debug] default msg 26
[2026-04-10 23:14:02.5480872 UTC-05:00] [5208:7148] [FcVpnSched  88   debug] default msg 26
[2026-04-10 23:14:02.5505009 UTC-05:00] [5208:7148] [FcVpnSched  88   debug] default msg 26
[2026-04-10 23:14:02.5530204 UTC-05:00] [5208:7148] [FcVpnSched  88   debug] default msg 26
[2026-04-10 23:14:02.5563818 UTC-05:00] [5208:7148] [FcVpnSched  88   debug] default msg 26
[2026-04-10 23:23:50.8897879 UTC-05:00] [5208:7148] [FcVpnSched  88   debug] default msg 26
[2026-04-10 23:23:51.1979206 UTC-05:00] [5208:7148] [FcVpnSched  88   debug] default msg 26
[2026-04-10 23:30:44.7433614 UTC-05:00] [5208:7148] [FcVpnSched  88   debug] default msg 26
[2026-04-10 23:30:44.9702911 UTC-05:00] [5208:7148] [FcVpnSched  88   debug] default msg 26
[2026-04-10 23:30:45.2220129 UTC-05:00] [5208:7148] [FcVpnSched  88   debug] default msg 26
[2026-04-10 23:30:45.5482908 UTC-05:00] [5208:7148] [FcVpnSched  88   debug] default msg 26
[2026-04-10 23:30:45.7694017 UTC-05:00] [5208:7148] [FcVpnSched  88   debug] default msg 26
[2026-04-10 23:30:46.2087340 UTC-05:00] [5208:7148] [FcVpnSched  88   debug] default msg 26
[2026-04-10 23:30:46.6203792 UTC-05:00] [5208:7148] [FcVpnSched  88   debug] default msg 26
[2026-04-10 23:30:46.9362151 UTC-05:00] [5208:7148] [FcVpnSched  88   debug] default msg 26
[2026-04-11 00:07:01.6373085 UTC-05:00] [5208:7148] [FcVpnSched  88   debug] default msg 30
[2026-04-11 00:07:01.7284126 UTC-05:00] [5208:7148] [FcVpnSched  88   debug] default msg 26
[2026-04-11 00:07:01.7311528 UTC-05:00] [5208:7148] [FcVpnSched  88   debug] default msg 26
[2026-04-11 00:07:01.7334471 UTC-05:00] [5208:7148] [FcVpnSched  88   debug] default msg 26
[2026-04-11 00:07:01.7357122 UTC-05:00] [5208:7148] [FcVpnSched  88   debug] default msg 26
[2026-04-11 00:07:01.7380173 UTC-05:00] [5208:7148] [FcVpnSched  88   debug] default msg 26
[2026-04-11 00:07:01.7406013 UTC-05:00] [5208:7148] [FcVpnSched  88   debug] default msg 26
[2026-04-11 00:07:01.7433006 UTC-05:00] [5208:7148] [FcVpnSched  88   debug] default msg 26
[2026-04-11 00:07:01.7457324 UTC-05:00] [5208:7148] [FcVpnSched  88   debug] default msg 26
[2026-04-11 00:07:01.7480453 UTC-05:00] [5208:7148] [FcVpnSched  88   debug] default msg 26
[2026-04-11 00:07:01.7503657 UTC-05:00] [5208:7148] [FcVpnSched  88   debug] default msg 26
[2026-04-11 00:07:01.7526991 UTC-05:00] [5208:7148] [FcVpnSched  88   debug] default msg 26
[2026-04-11 00:07:01.7549916 UTC-05:00] [5208:7148] [FcVpnSched  88   debug] default msg 26
[2026-04-11 00:07:01.7582950 UTC-05:00] [5208:7148] [FcVpnSched  88   debug] default msg 26
[2026-04-11 00:07:01.7611279 UTC-05:00] [5208:7148] [FcVpnSched  88   debug] default msg 26
[2026-04-11 00:07:01.7634794 UTC-05:00] [5208:7148] [FcVpnSched  88   debug] default msg 26
[2026-04-11 00:07:01.7657830 UTC-05:00] [5208:7148] [FcVpnSched  88   debug] default msg 26
[2026-04-11 00:07:01.7680451 UTC-05:00] [5208:7148] [FcVpnSched  88   debug] default msg 26
[2026-04-11 00:07:01.7703044 UTC-05:00] [5208:7148] [FcVpnSched  88   debug] default msg 26
[2026-04-11 00:07:01.7730220 UTC-05:00] [5208:7148] [FcVpnSched  88   debug] default msg 26
[2026-04-11 00:07:01.7762632 UTC-05:00] [5208:7148] [FcVpnSched  88   debug] default msg 26
[2026-04-11 00:07:01.7794868 UTC-05:00] [5208:7148] [FcVpnSched  88   debug] default msg 26
[2026-04-11 00:07:01.7826101 UTC-05:00] [5208:7148] [FcVpnSched  88   debug] default msg 26
[2026-04-11 00:07:01.7857748 UTC-05:00] [5208:7148] [FcVpnSched  88   debug] default msg 26
[2026-04-11 00:07:01.7887592 UTC-05:00] [5208:7148] [FcVpnSched  88   debug] default msg 26
[2026-04-11 00:07:01.7914289 UTC-05:00] [5208:7148] [FcVpnSched  88   debug] default msg 26
[2026-04-11 00:07:01.7937444 UTC-05:00] [5208:7148] [FcVpnSched  88   debug] default msg 26
[2026-04-11 00:07:01.7960453 UTC-05:00] [5208:7148] [FcVpnSched  88   debug] default msg 26
[2026-04-11 00:07:01.7983155 UTC-05:00] [5208:7148] [FcVpnSched  88   debug] default msg 26
[2026-04-11 00:07:01.8006204 UTC-05:00] [5208:7148] [FcVpnSched  88   debug] default msg 26
[2026-04-11 00:07:01.8030438 UTC-05:00] [5208:7148] [FcVpnSched  88   debug] default msg 26
[2026-04-11 00:07:01.8059448 UTC-05:00] [5208:7148] [FcVpnSched  88   debug] default msg 26
[2026-04-11 00:07:01.8095900 UTC-05:00] [5208:7148] [FcVpnSched  88   debug] default msg 26
[2026-04-11 00:07:01.8120355 UTC-05:00] [5208:7148] [FcVpnSched  88   debug] default msg 26
[2026-04-11 00:07:01.8143762 UTC-05:00] [5208:7148] [FcVpnSched  88   debug] default msg 26
[2026-04-11 00:07:01.8166885 UTC-05:00] [5208:7148] [FcVpnSched  88   debug] default msg 26
[2026-04-11 00:07:01.8191707 UTC-05:00] [5208:7148] [FcVpnSched  88   debug] default msg 26
[2026-04-11 00:07:01.8219527 UTC-05:00] [5208:7148] [FcVpnSched  88   debug] default msg 26
[2026-04-11 00:07:01.8250878 UTC-05:00] [5208:7148] [FcVpnSched  88   debug] default msg 26
[2026-04-11 00:07:01.8275953 UTC-05:00] [5208:7148] [FcVpnSched  88   debug] default msg 26
[2026-04-11 00:07:01.8297847 UTC-05:00] [5208:7148] [FcVpnSched  88   debug] default msg 26
[2026-04-11 00:07:01.8320182 UTC-05:00] [5208:7148] [FcVpnSched  88   debug] default msg 26
[2026-04-11 00:07:01.8347451 UTC-05:00] [5208:7148] [FcVpnSched  88   debug] default msg 26
[2026-04-11 00:07:01.8378272 UTC-05:00] [5208:7148] [FcVpnSched  88   debug] default msg 26
[2026-04-11 00:07:01.8410273 UTC-05:00] [5208:7148] [FcVpnSched  88   debug] default msg 26
[2026-04-11 00:07:01.8436783 UTC-05:00] [5208:7148] [FcVpnSched  88   debug] default msg 26
[2026-04-11 00:07:01.8460405 UTC-05:00] [5208:7148] [FcVpnSched  88   debug] default msg 26
[2026-04-11 00:07:01.8483155 UTC-05:00] [5208:7148] [FcVpnSched  88   debug] default msg 26
[2026-04-11 00:07:01.8506057 UTC-05:00] [5208:7148] [FcVpnSched  88   debug] default msg 26
[2026-04-11 00:07:01.8528979 UTC-05:00] [5208:7148] [FcVpnSched  88   debug] default msg 26
[2026-04-11 00:07:01.8549799 UTC-05:00] [5208:7148] [FcVpnSched  88   debug] default msg 26
[2026-04-11 00:07:01.8571108 UTC-05:00] [5208:7148] [FcVpnSched  88   debug] default msg 26
[2026-04-11 00:07:01.8590550 UTC-05:00] [5208:7148] [FcVpnSched  88   debug] default msg 26
[2026-04-11 00:07:01.8610518 UTC-05:00] [5208:7148] [FcVpnSched  88   debug] default msg 26
[2026-04-11 00:07:01.8630749 UTC-05:00] [5208:7148] [FcVpnSched  88   debug] default msg 26
[2026-04-11 00:07:01.8651318 UTC-05:00] [5208:7148] [FcVpnSched  88   debug] default msg 26
[2026-04-11 00:07:01.8676890 UTC-05:00] [5208:7148] [FcVpnSched  88   debug] default msg 26
[2026-04-11 00:07:02.0120588 UTC-05:00] [5208:7148] [FcVpnSched  88   debug] default msg 26
[2026-04-11 00:07:02.0146903 UTC-05:00] [5208:7148] [FcVpnSched  88   debug] default msg 26
[2026-04-11 00:07:02.0172643 UTC-05:00] [5208:7148] [FcVpnSched  88   debug] default msg 26
[2026-04-11 00:07:02.0196474 UTC-05:00] [5208:7148] [FcVpnSched  88   debug] default msg 26
[2026-04-11 00:07:02.0219591 UTC-05:00] [5208:7148] [FcVpnSched  88   debug] default msg 26
[2026-04-11 00:07:02.0243586 UTC-05:00] [5208:7148] [FcVpnSched  88   debug] default msg 26
[2026-04-11 00:07:02.0267663 UTC-05:00] [5208:7148] [FcVpnSched  88   debug] default msg 26
[2026-04-11 00:07:02.0291304 UTC-05:00] [5208:7148] [FcVpnSched  88   debug] default msg 26
[2026-04-11 00:07:02.0314933 UTC-05:00] [5208:7148] [FcVpnSched  88   debug] default msg 26
[2026-04-11 00:07:02.0338177 UTC-05:00] [5208:7148] [FcVpnSched  88   debug] default msg 26
[2026-04-11 00:07:02.0362032 UTC-05:00] [5208:7148] [FcVpnSched  88   debug] default msg 26
[2026-04-11 00:07:02.0385171 UTC-05:00] [5208:7148] [FcVpnSched  88   debug] default msg 26
[2026-04-11 00:07:02.0413617 UTC-05:00] [5208:7148] [FcVpnSched  88   debug] default msg 26
[2026-04-11 00:07:02.0437271 UTC-05:00] [5208:7148] [FcVpnSched  88   debug] default msg 26
[2026-04-11 00:07:02.0467995 UTC-05:00] [5208:7148] [FcVpnSched  88   debug] default msg 26
[2026-04-11 00:07:02.0491286 UTC-05:00] [5208:7148] [FcVpnSched  88   debug] default msg 26
[2026-04-11 00:07:02.0514679 UTC-05:00] [5208:7148] [FcVpnSched  88   debug] default msg 26
[2026-04-11 00:07:02.0537988 UTC-05:00] [5208:7148] [FcVpnSched  88   debug] default msg 26
[2026-04-11 00:07:02.0565813 UTC-05:00] [5208:7148] [FcVpnSched  88   debug] default msg 26
[2026-04-11 00:07:02.0596623 UTC-05:00] [5208:7148] [FcVpnSched  88   debug] default msg 26
[2026-04-11 00:07:02.0619370 UTC-05:00] [5208:7148] [FcVpnSched  88   debug] default msg 26
[2026-04-11 00:07:02.0642814 UTC-05:00] [5208:7148] [FcVpnSched  88   debug] default msg 26
[2026-04-11 00:07:02.0665979 UTC-05:00] [5208:7148] [FcVpnSched  88   debug] default msg 26
[2026-04-11 00:07:02.0689151 UTC-05:00] [5208:7148] [FcVpnSched  88   debug] default msg 26
[2026-04-11 00:07:02.0827828 UTC-05:00] [5208:7148] [FcVpnSched  88   debug] default msg 26
[2026-04-11 00:07:02.0867730 UTC-05:00] [5208:7148] [FcVpnSched  88   debug] default msg 26
[2026-04-11 00:07:02.0897190 UTC-05:00] [5208:7148] [FcVpnSched  88   debug] default msg 26
[2026-04-11 00:07:02.0921087 UTC-05:00] [5208:7148] [FcVpnSched  88   debug] default msg 26
[2026-04-11 00:07:02.0943669 UTC-05:00] [5208:7148] [FcVpnSched  88   debug] default msg 26
[2026-04-11 00:07:02.0965727 UTC-05:00] [5208:7148] [FcVpnSched  88   debug] default msg 26
[2026-04-11 00:07:02.0986414 UTC-05:00] [5208:7148] [FcVpnSched  88   debug] default msg 26
[2026-04-11 00:07:02.1007048 UTC-05:00] [5208:7148] [FcVpnSched  88   debug] default msg 26
[2026-04-11 00:38:45.6773953 UTC-05:00] [5208:7148] [FcVpnSched  88   debug] default msg 26
[2026-04-11 00:38:45.9078696 UTC-05:00] [5208:7148] [FcVpnSched  88   debug] default msg 26
[2026-04-11 00:38:46.1477207 UTC-05:00] [5208:7148] [FcVpnSched  88   debug] default msg 26
[2026-04-11 00:38:46.4545742 UTC-05:00] [5208:7148] [FcVpnSched  88   debug] default msg 26
[2026-04-11 00:38:46.6708896 UTC-05:00] [5208:7148] [FcVpnSched  88   debug] default msg 26
[2026-04-11 00:38:47.1018211 UTC-05:00] [5208:7148] [FcVpnSched  88   debug] default msg 26
[2026-04-11 00:38:47.4968810 UTC-05:00] [5208:7148] [FcVpnSched  88   debug] default msg 26
[2026-04-11 00:38:47.8252414 UTC-05:00] [5208:7148] [FcVpnSched  88   debug] default msg 26
[2026-04-11 01:15:51.4671080 UTC-05:00] [5208:7148] [FcVpnSched  88   debug] default msg 26
[2026-04-11 01:15:51.7634532 UTC-05:00] [5208:7148] [FcVpnSched  88   debug] default msg 26
[2026-04-11 01:46:45.7721823 UTC-05:00] [5208:7148] [FcVpnSched  88   debug] default msg 26
[2026-04-11 01:46:46.0097254 UTC-05:00] [5208:7148] [FcVpnSched  88   debug] default msg 26
[2026-04-11 01:46:46.2761300 UTC-05:00] [5208:7148] [FcVpnSched  88   debug] default msg 26
[2026-04-11 01:46:46.6093509 UTC-05:00] [5208:7148] [FcVpnSched  88   debug] default msg 26
[2026-04-11 01:46:46.8363876 UTC-05:00] [5208:7148] [FcVpnSched  88   debug] default msg 26
[2026-04-11 01:46:47.2656369 UTC-05:00] [5208:7148] [FcVpnSched  88   debug] default msg 26
[2026-04-11 01:46:47.6956617 UTC-05:00] [5208:7148] [FcVpnSched  88   debug] default msg 26
[2026-04-11 01:46:48.0086899 UTC-05:00] [5208:7148] [FcVpnSched  88   debug] default msg 26
[2026-04-11 02:54:45.0087417 UTC-05:00] [5208:7148] [FcVpnSched  88   debug] default msg 26
[2026-04-11 02:54:45.2443106 UTC-05:00] [5208:7148] [FcVpnSched  88   debug] default msg 26
[2026-04-11 02:54:45.5000916 UTC-05:00] [5208:7148] [FcVpnSched  88   debug] default msg 26
[2026-04-11 02:54:45.8095696 UTC-05:00] [5208:7148] [FcVpnSched  88   debug] default msg 26
[2026-04-11 02:54:46.0307669 UTC-05:00] [5208:7148] [FcVpnSched  88   debug] default msg 26
[2026-04-11 02:54:46.4662371 UTC-05:00] [5208:7148] [FcVpnSched  88   debug] default msg 26
[2026-04-11 02:54:46.8595151 UTC-05:00] [5208:7148] [FcVpnSched  88   debug] default msg 26
[2026-04-11 02:54:47.1617985 UTC-05:00] [5208:7148] [FcVpnSched  88   debug] default msg 26
[2026-04-11 03:07:51.4669330 UTC-05:00] [5208:7148] [FcVpnSched  88   debug] default msg 26
[2026-04-11 03:07:51.7726234 UTC-05:00] [5208:7148] [FcVpnSched  88   debug] default msg 26
[2026-04-11 03:57:02.3134083 UTC-05:00] [5208:7148] [FcVpnSched  88   debug] default msg 30
[2026-04-11 03:57:02.4278577 UTC-05:00] [5208:7148] [FcVpnSched  88   debug] default msg 26
[2026-04-11 03:57:02.4311188 UTC-05:00] [5208:7148] [FcVpnSched  88   debug] default msg 26
[2026-04-11 03:57:02.4346270 UTC-05:00] [5208:7148] [FcVpnSched  88   debug] default msg 26
[2026-04-11 03:57:02.4378526 UTC-05:00] [5208:7148] [FcVpnSched  88   debug] default msg 26
[2026-04-11 03:57:02.4407397 UTC-05:00] [5208:7148] [FcVpnSched  88   debug] default msg 26
[2026-04-11 03:57:02.4438945 UTC-05:00] [5208:7148] [FcVpnSched  88   debug] default msg 26
[2026-04-11 03:57:02.4469208 UTC-05:00] [5208:7148] [FcVpnSched  88   debug] default msg 26
[2026-04-11 03:57:02.4498883 UTC-05:00] [5208:7148] [FcVpnSched  88   debug] default msg 26
[2026-04-11 03:57:02.4528065 UTC-05:00] [5208:7148] [FcVpnSched  88   debug] default msg 26
[2026-04-11 03:57:02.4556576 UTC-05:00] [5208:7148] [FcVpnSched  88   debug] default msg 26
[2026-04-11 03:57:02.4591961 UTC-05:00] [5208:7148] [FcVpnSched  88   debug] default msg 26
[2026-04-11 03:57:02.4624894 UTC-05:00] [5208:7148] [FcVpnSched  88   debug] default msg 26
[2026-04-11 03:57:02.4655279 UTC-05:00] [5208:7148] [FcVpnSched  88   debug] default msg 26
[2026-04-11 03:57:02.4682649 UTC-05:00] [5208:7148] [FcVpnSched  88   debug] default msg 26
[2026-04-11 03:57:02.4711590 UTC-05:00] [5208:7148] [FcVpnSched  88   debug] default msg 26
[2026-04-11 03:57:02.4742549 UTC-05:00] [5208:7148] [FcVpnSched  88   debug] default msg 26
[2026-04-11 03:57:02.4775919 UTC-05:00] [5208:7148] [FcVpnSched  88   debug] default msg 26
[2026-04-11 03:57:02.4806434 UTC-05:00] [5208:7148] [FcVpnSched  88   debug] default msg 26
[2026-04-11 03:57:02.4836014 UTC-05:00] [5208:7148] [FcVpnSched  88   debug] default msg 26
[2026-04-11 03:57:02.4870137 UTC-05:00] [5208:7148] [FcVpnSched  88   debug] default msg 26
[2026-04-11 03:57:02.4900032 UTC-05:00] [5208:7148] [FcVpnSched  88   debug] default msg 26
[2026-04-11 03:57:02.4930382 UTC-05:00] [5208:7148] [FcVpnSched  88   debug] default msg 26
[2026-04-11 03:57:02.4959367 UTC-05:00] [5208:7148] [FcVpnSched  88   debug] default msg 26
[2026-04-11 03:57:02.4986008 UTC-05:00] [5208:7148] [FcVpnSched  88   debug] default msg 26
[2026-04-11 03:57:02.5017750 UTC-05:00] [5208:7148] [FcVpnSched  88   debug] default msg 26
[2026-04-11 03:57:02.5043644 UTC-05:00] [5208:7148] [FcVpnSched  88   debug] default msg 26
[2026-04-11 03:57:02.5068787 UTC-05:00] [5208:7148] [FcVpnSched  88   debug] default msg 26
[2026-04-11 03:57:02.5092800 UTC-05:00] [5208:7148] [FcVpnSched  88   debug] default msg 26
[2026-04-11 03:57:02.5115511 UTC-05:00] [5208:7148] [FcVpnSched  88   debug] default msg 26
[2026-04-11 03:57:02.5139221 UTC-05:00] [5208:7148] [FcVpnSched  88   debug] default msg 26
[2026-04-11 03:57:02.5160100 UTC-05:00] [5208:7148] [FcVpnSched  88   debug] default msg 26
[2026-04-11 03:57:02.5180102 UTC-05:00] [5208:7148] [FcVpnSched  88   debug] default msg 26
[2026-04-11 03:57:02.5201067 UTC-05:00] [5208:7148] [FcVpnSched  88   debug] default msg 26
[2026-04-11 03:57:02.5224394 UTC-05:00] [5208:7148] [FcVpnSched  88   debug] default msg 26
[2026-04-11 03:57:02.5248264 UTC-05:00] [5208:7148] [FcVpnSched  88   debug] default msg 26
[2026-04-11 03:57:02.5269362 UTC-05:00] [5208:7148] [FcVpnSched  88   debug] default msg 26
[2026-04-11 03:57:02.5289631 UTC-05:00] [5208:7148] [FcVpnSched  88   debug] default msg 26
[2026-04-11 03:57:02.5310162 UTC-05:00] [5208:7148] [FcVpnSched  88   debug] default msg 26
[2026-04-11 03:57:02.5330454 UTC-05:00] [5208:7148] [FcVpnSched  88   debug] default msg 26
[2026-04-11 03:57:02.5350790 UTC-05:00] [5208:7148] [FcVpnSched  88   debug] default msg 26
[2026-04-11 03:57:02.5371407 UTC-05:00] [5208:7148] [FcVpnSched  88   debug] default msg 26
[2026-04-11 03:57:02.5413018 UTC-05:00] [5208:7148] [FcVpnSched  88   debug] default msg 26
[2026-04-11 03:57:02.5442948 UTC-05:00] [5208:7148] [FcVpnSched  88   debug] default msg 26
[2026-04-11 03:57:02.5467379 UTC-05:00] [5208:7148] [FcVpnSched  88   debug] default msg 26
[2026-04-11 03:57:02.5491905 UTC-05:00] [5208:7148] [FcVpnSched  88   debug] default msg 26
[2026-04-11 03:57:02.5515054 UTC-05:00] [5208:7148] [FcVpnSched  88   debug] default msg 26
[2026-04-11 03:57:02.5543541 UTC-05:00] [5208:7148] [FcVpnSched  88   debug] default msg 26
[2026-04-11 03:57:02.5570810 UTC-05:00] [5208:7148] [FcVpnSched  88   debug] default msg 26
[2026-04-11 03:57:02.5595887 UTC-05:00] [5208:7148] [FcVpnSched  88   debug] default msg 26
[2026-04-11 03:57:02.5620850 UTC-05:00] [5208:7148] [FcVpnSched  88   debug] default msg 26
[2026-04-11 03:57:02.5645050 UTC-05:00] [5208:7148] [FcVpnSched  88   debug] default msg 26
[2026-04-11 03:57:02.5669188 UTC-05:00] [5208:7148] [FcVpnSched  88   debug] default msg 26
[2026-04-11 03:57:02.5694855 UTC-05:00] [5208:7148] [FcVpnSched  88   debug] default msg 26
[2026-04-11 03:57:02.5719891 UTC-05:00] [5208:7148] [FcVpnSched  88   debug] default msg 26
[2026-04-11 03:57:02.5743173 UTC-05:00] [5208:7148] [FcVpnSched  88   debug] default msg 26
[2026-04-11 03:57:02.5766189 UTC-05:00] [5208:7148] [FcVpnSched  88   debug] default msg 26
[2026-04-11 03:57:02.7249352 UTC-05:00] [5208:7148] [FcVpnSched  88   debug] default msg 26
[2026-04-11 03:57:02.7294085 UTC-05:00] [5208:7148] [FcVpnSched  88   debug] default msg 26
[2026-04-11 03:57:02.7325852 UTC-05:00] [5208:7148] [FcVpnSched  88   debug] default msg 26
[2026-04-11 03:57:02.7353012 UTC-05:00] [5208:7148] [FcVpnSched  88   debug] default msg 26
[2026-04-11 03:57:02.7380289 UTC-05:00] [5208:7148] [FcVpnSched  88   debug] default msg 26
[2026-04-11 03:57:02.7407727 UTC-05:00] [5208:7148] [FcVpnSched  88   debug] default msg 26
[2026-04-11 03:57:02.7434891 UTC-05:00] [5208:7148] [FcVpnSched  88   debug] default msg 26
[2026-04-11 03:57:02.7460289 UTC-05:00] [5208:7148] [FcVpnSched  88   debug] default msg 26
[2026-04-11 03:57:02.7484667 UTC-05:00] [5208:7148] [FcVpnSched  88   debug] default msg 26
[2026-04-11 03:57:02.7510127 UTC-05:00] [5208:7148] [FcVpnSched  88   debug] default msg 26
[2026-04-11 03:57:02.7533711 UTC-05:00] [5208:7148] [FcVpnSched  88   debug] default msg 26
[2026-04-11 03:57:02.7557696 UTC-05:00] [5208:7148] [FcVpnSched  88   debug] default msg 26
[2026-04-11 03:57:02.7582516 UTC-05:00] [5208:7148] [FcVpnSched  88   debug] default msg 26
[2026-04-11 03:57:02.7607276 UTC-05:00] [5208:7148] [FcVpnSched  88   debug] default msg 26
[2026-04-11 03:57:02.7631438 UTC-05:00] [5208:7148] [FcVpnSched  88   debug] default msg 26
[2026-04-11 03:57:02.7655772 UTC-05:00] [5208:7148] [FcVpnSched  88   debug] default msg 26
[2026-04-11 03:57:02.7679449 UTC-05:00] [5208:7148] [FcVpnSched  88   debug] default msg 26
[2026-04-11 03:57:02.7704013 UTC-05:00] [5208:7148] [FcVpnSched  88   debug] default msg 26
[2026-04-11 03:57:02.7727912 UTC-05:00] [5208:7148] [FcVpnSched  88   debug] default msg 26
[2026-04-11 03:57:02.7756298 UTC-05:00] [5208:7148] [FcVpnSched  88   debug] default msg 26
[2026-04-11 03:57:02.7783491 UTC-05:00] [5208:7148] [FcVpnSched  88   debug] default msg 26
[2026-04-11 03:57:02.7808692 UTC-05:00] [5208:7148] [FcVpnSched  88   debug] default msg 26
[2026-04-11 03:57:02.7833243 UTC-05:00] [5208:7148] [FcVpnSched  88   debug] default msg 26
[2026-04-11 03:57:02.7857482 UTC-05:00] [5208:7148] [FcVpnSched  88   debug] default msg 26
[2026-04-11 03:57:02.7880942 UTC-05:00] [5208:7148] [FcVpnSched  88   debug] default msg 26
[2026-04-11 03:57:02.7905807 UTC-05:00] [5208:7148] [FcVpnSched  88   debug] default msg 26
[2026-04-11 03:57:02.7932785 UTC-05:00] [5208:7148] [FcVpnSched  88   debug] default msg 26
[2026-04-11 03:57:02.7956974 UTC-05:00] [5208:7148] [FcVpnSched  88   debug] default msg 26
[2026-04-11 03:57:02.7981072 UTC-05:00] [5208:7148] [FcVpnSched  88   debug] default msg 26
[2026-04-11 03:57:02.8005300 UTC-05:00] [5208:7148] [FcVpnSched  88   debug] default msg 26
[2026-04-11 03:57:02.8029082 UTC-05:00] [5208:7148] [FcVpnSched  88   debug] default msg 26
[2026-04-11 03:57:02.8053877 UTC-05:00] [5208:7148] [FcVpnSched  88   debug] default msg 26
[2026-04-11 04:02:45.1440569 UTC-05:00] [5208:7148] [FcVpnSched  88   debug] default msg 26
[2026-04-11 04:02:45.3862489 UTC-05:00] [5208:7148] [FcVpnSched  88   debug] default msg 26
[2026-04-11 04:02:45.6982003 UTC-05:00] [5208:7148] [FcVpnSched  88   debug] default msg 26
[2026-04-11 04:02:47.7516398 UTC-05:00] [5208:7148] [FcVpnSched  88   debug] default msg 26
[2026-04-11 04:02:47.9656029 UTC-05:00] [5208:7148] [FcVpnSched  88   debug] default msg 26
[2026-04-11 04:02:48.3923849 UTC-05:00] [5208:7148] [FcVpnSched  88   debug] default msg 26
[2026-04-11 04:02:48.7919584 UTC-05:00] [5208:7148] [FcVpnSched  88   debug] default msg 26
[2026-04-11 04:02:49.1147121 UTC-05:00] [5208:7148] [FcVpnSched  88   debug] default msg 26
[2026-04-11 04:59:51.1814283 UTC-05:00] [5208:7148] [FcVpnSched  88   debug] default msg 26
[2026-04-11 04:59:51.4936795 UTC-05:00] [5208:7148] [FcVpnSched  88   debug] default msg 26
[2026-04-11 05:10:44.8583938 UTC-05:00] [5208:7148] [FcVpnSched  88   debug] default msg 26
[2026-04-11 05:10:45.0910414 UTC-05:00] [5208:7148] [FcVpnSched  88   debug] default msg 26
[2026-04-11 05:10:45.3102674 UTC-05:00] [5208:7148] [FcVpnSched  88   debug] default msg 26
[2026-04-11 05:10:45.6309896 UTC-05:00] [5208:7148] [FcVpnSched  88   debug] default msg 26
[2026-04-11 05:10:45.8688302 UTC-05:00] [5208:7148] [FcVpnSched  88   debug] default msg 26
[2026-04-11 05:10:46.3138984 UTC-05:00] [5208:7148] [FcVpnSched  88   debug] default msg 26
[2026-04-11 05:10:46.7208902 UTC-05:00] [5208:7148] [FcVpnSched  88   debug] default msg 26
[2026-04-11 05:10:47.0607246 UTC-05:00] [5208:7148] [FcVpnSched  88   debug] default msg 26
[2026-04-11 06:18:45.0822215 UTC-05:00] [5208:7148] [FcVpnSched  88   debug] default msg 26
[2026-04-11 06:18:45.3200643 UTC-05:00] [5208:7148] [FcVpnSched  88   debug] default msg 26
[2026-04-11 06:18:45.5746249 UTC-05:00] [5208:7148] [FcVpnSched  88   debug] default msg 26
[2026-04-11 06:18:45.8900175 UTC-05:00] [5208:7148] [FcVpnSched  88   debug] default msg 26
[2026-04-11 06:18:46.1154071 UTC-05:00] [5208:7148] [FcVpnSched  88   debug] default msg 26
[2026-04-11 06:18:46.5704637 UTC-05:00] [5208:7148] [FcVpnSched  88   debug] default msg 26
[2026-04-11 06:18:46.9602326 UTC-05:00] [5208:7148] [FcVpnSched  88   debug] default msg 26
[2026-04-11 06:18:47.2640066 UTC-05:00] [5208:7148] [FcVpnSched  88   debug] default msg 26
[2026-04-11 06:51:51.5677019 UTC-05:00] [5208:7148] [FcVpnSched  88   debug] default msg 26
[2026-04-11 06:51:51.8794490 UTC-05:00] [5208:7148] [FcVpnSched  88   debug] default msg 26
[2026-04-11 07:14:01.8707492 UTC-05:00] [5208:7148] [FcVpnSched  88   debug] default msg 30
[2026-04-11 07:14:01.9639097 UTC-05:00] [5208:7148] [FcVpnSched  88   debug] default msg 26
[2026-04-11 07:14:01.9665848 UTC-05:00] [5208:7148] [FcVpnSched  88   debug] default msg 26
[2026-04-11 07:14:01.9690822 UTC-05:00] [5208:7148] [FcVpnSched  88   debug] default msg 26
[2026-04-11 07:14:01.9716019 UTC-05:00] [5208:7148] [FcVpnSched  88   debug] default msg 26
[2026-04-11 07:14:01.9739895 UTC-05:00] [5208:7148] [FcVpnSched  88   debug] default msg 26
[2026-04-11 07:14:01.9769629 UTC-05:00] [5208:7148] [FcVpnSched  88   debug] default msg 26
[2026-04-11 07:14:01.9794539 UTC-05:00] [5208:7148] [FcVpnSched  88   debug] default msg 26
[2026-04-11 07:14:01.9820143 UTC-05:00] [5208:7148] [FcVpnSched  88   debug] default msg 26
[2026-04-11 07:14:01.9845763 UTC-05:00] [5208:7148] [FcVpnSched  88   debug] default msg 26
[2026-04-11 07:14:01.9871365 UTC-05:00] [5208:7148] [FcVpnSched  88   debug] default msg 26
[2026-04-11 07:14:01.9896430 UTC-05:00] [5208:7148] [FcVpnSched  88   debug] default msg 26
[2026-04-11 07:14:01.9921750 UTC-05:00] [5208:7148] [FcVpnSched  88   debug] default msg 26
[2026-04-11 07:14:01.9947491 UTC-05:00] [5208:7148] [FcVpnSched  88   debug] default msg 26
[2026-04-11 07:14:01.9972621 UTC-05:00] [5208:7148] [FcVpnSched  88   debug] default msg 26
[2026-04-11 07:14:02.0002509 UTC-05:00] [5208:7148] [FcVpnSched  88   debug] default msg 26
[2026-04-11 07:14:02.0027614 UTC-05:00] [5208:7148] [FcVpnSched  88   debug] default msg 26
[2026-04-11 07:14:02.0052379 UTC-05:00] [5208:7148] [FcVpnSched  88   debug] default msg 26
[2026-04-11 07:14:02.0078829 UTC-05:00] [5208:7148] [FcVpnSched  88   debug] default msg 26
[2026-04-11 07:14:02.0102354 UTC-05:00] [5208:7148] [FcVpnSched  88   debug] default msg 26
[2026-04-11 07:14:02.0124871 UTC-05:00] [5208:7148] [FcVpnSched  88   debug] default msg 26
[2026-04-11 07:14:02.0145134 UTC-05:00] [5208:7148] [FcVpnSched  88   debug] default msg 26
[2026-04-11 07:14:02.0165239 UTC-05:00] [5208:7148] [FcVpnSched  88   debug] default msg 26
[2026-04-11 07:14:02.0185093 UTC-05:00] [5208:7148] [FcVpnSched  88   debug] default msg 26
[2026-04-11 07:14:02.0205443 UTC-05:00] [5208:7148] [FcVpnSched  88   debug] default msg 26
[2026-04-11 07:14:02.0226246 UTC-05:00] [5208:7148] [FcVpnSched  88   debug] default msg 26
[2026-04-11 07:14:02.0248109 UTC-05:00] [5208:7148] [FcVpnSched  88   debug] default msg 26
[2026-04-11 07:14:02.0268431 UTC-05:00] [5208:7148] [FcVpnSched  88   debug] default msg 26
[2026-04-11 07:14:02.0288891 UTC-05:00] [5208:7148] [FcVpnSched  88   debug] default msg 26
[2026-04-11 07:14:02.0309204 UTC-05:00] [5208:7148] [FcVpnSched  88   debug] default msg 26
[2026-04-11 07:14:02.0329394 UTC-05:00] [5208:7148] [FcVpnSched  88   debug] default msg 26
[2026-04-11 07:14:02.0349403 UTC-05:00] [5208:7148] [FcVpnSched  88   debug] default msg 26
[2026-04-11 07:14:02.0369560 UTC-05:00] [5208:7148] [FcVpnSched  88   debug] default msg 26
[2026-04-11 07:14:02.0395149 UTC-05:00] [5208:7148] [FcVpnSched  88   debug] default msg 26
[2026-04-11 07:14:02.0423832 UTC-05:00] [5208:7148] [FcVpnSched  88   debug] default msg 26
[2026-04-11 07:14:02.0452474 UTC-05:00] [5208:7148] [FcVpnSched  88   debug] default msg 26
[2026-04-11 07:14:02.0477698 UTC-05:00] [5208:7148] [FcVpnSched  88   debug] default msg 26
[2026-04-11 07:14:02.0502262 UTC-05:00] [5208:7148] [FcVpnSched  88   debug] default msg 26
[2026-04-11 07:14:02.0527173 UTC-05:00] [5208:7148] [FcVpnSched  88   debug] default msg 26
[2026-04-11 07:14:02.0554662 UTC-05:00] [5208:7148] [FcVpnSched  88   debug] default msg 26
[2026-04-11 07:14:02.0581600 UTC-05:00] [5208:7148] [FcVpnSched  88   debug] default msg 26
[2026-04-11 07:14:02.0606760 UTC-05:00] [5208:7148] [FcVpnSched  88   debug] default msg 26
[2026-04-11 07:14:02.0631712 UTC-05:00] [5208:7148] [FcVpnSched  88   debug] default msg 26
[2026-04-11 07:14:02.0655747 UTC-05:00] [5208:7148] [FcVpnSched  88   debug] default msg 26
[2026-04-11 07:14:02.0680506 UTC-05:00] [5208:7148] [FcVpnSched  88   debug] default msg 26
[2026-04-11 07:14:02.0705400 UTC-05:00] [5208:7148] [FcVpnSched  88   debug] default msg 26
[2026-04-11 07:14:02.0730150 UTC-05:00] [5208:7148] [FcVpnSched  88   debug] default msg 26
[2026-04-11 07:14:02.0753729 UTC-05:00] [5208:7148] [FcVpnSched  88   debug] default msg 26
[2026-04-11 07:14:02.0776249 UTC-05:00] [5208:7148] [FcVpnSched  88   debug] default msg 26
[2026-04-11 07:14:02.0798270 UTC-05:00] [5208:7148] [FcVpnSched  88   debug] default msg 26
[2026-04-11 07:14:02.0818472 UTC-05:00] [5208:7148] [FcVpnSched  88   debug] default msg 26
[2026-04-11 07:14:02.0838468 UTC-05:00] [5208:7148] [FcVpnSched  88   debug] default msg 26
[2026-04-11 07:14:02.0858233 UTC-05:00] [5208:7148] [FcVpnSched  88   debug] default msg 26
[2026-04-11 07:14:02.0878327 UTC-05:00] [5208:7148] [FcVpnSched  88   debug] default msg 26
[2026-04-11 07:14:02.0898465 UTC-05:00] [5208:7148] [FcVpnSched  88   debug] default msg 26
[2026-04-11 07:14:02.0918473 UTC-05:00] [5208:7148] [FcVpnSched  88   debug] default msg 26
[2026-04-11 07:14:02.0938460 UTC-05:00] [5208:7148] [FcVpnSched  88   debug] default msg 26
[2026-04-11 07:14:02.2574630 UTC-05:00] [5208:7148] [FcVpnSched  88   debug] default msg 26
[2026-04-11 07:14:02.2600647 UTC-05:00] [5208:7148] [FcVpnSched  88   debug] default msg 26
[2026-04-11 07:14:02.2626376 UTC-05:00] [5208:7148] [FcVpnSched  88   debug] default msg 26
[2026-04-11 07:14:02.2649659 UTC-05:00] [5208:7148] [FcVpnSched  88   debug] default msg 26
[2026-04-11 07:14:02.2672411 UTC-05:00] [5208:7148] [FcVpnSched  88   debug] default msg 26
[2026-04-11 07:14:02.2694089 UTC-05:00] [5208:7148] [FcVpnSched  88   debug] default msg 26
[2026-04-11 07:14:02.2715217 UTC-05:00] [5208:7148] [FcVpnSched  88   debug] default msg 26
[2026-04-11 07:14:02.2736494 UTC-05:00] [5208:7148] [FcVpnSched  88   debug] default msg 26
[2026-04-11 07:14:02.2758356 UTC-05:00] [5208:7148] [FcVpnSched  88   debug] default msg 26
[2026-04-11 07:14:02.2782280 UTC-05:00] [5208:7148] [FcVpnSched  88   debug] default msg 26
[2026-04-11 07:14:02.2803501 UTC-05:00] [5208:7148] [FcVpnSched  88   debug] default msg 26
[2026-04-11 07:14:02.2824481 UTC-05:00] [5208:7148] [FcVpnSched  88   debug] default msg 26
[2026-04-11 07:14:02.2845129 UTC-05:00] [5208:7148] [FcVpnSched  88   debug] default msg 26
[2026-04-11 07:14:02.2866064 UTC-05:00] [5208:7148] [FcVpnSched  88   debug] default msg 26
[2026-04-11 07:14:02.2887152 UTC-05:00] [5208:7148] [FcVpnSched  88   debug] default msg 26
[2026-04-11 07:14:02.2907602 UTC-05:00] [5208:7148] [FcVpnSched  88   debug] default msg 26
[2026-04-11 07:14:02.2932566 UTC-05:00] [5208:7148] [FcVpnSched  88   debug] default msg 26
[2026-04-11 07:14:02.2962358 UTC-05:00] [5208:7148] [FcVpnSched  88   debug] default msg 26
[2026-04-11 07:14:02.2990909 UTC-05:00] [5208:7148] [FcVpnSched  88   debug] default msg 26
[2026-04-11 07:14:02.3017537 UTC-05:00] [5208:7148] [FcVpnSched  88   debug] default msg 26
[2026-04-11 07:14:02.3043048 UTC-05:00] [5208:7148] [FcVpnSched  88   debug] default msg 26
[2026-04-11 07:14:02.3067401 UTC-05:00] [5208:7148] [FcVpnSched  88   debug] default msg 26
[2026-04-11 07:14:02.3095687 UTC-05:00] [5208:7148] [FcVpnSched  88   debug] default msg 26
[2026-04-11 07:14:02.3122373 UTC-05:00] [5208:7148] [FcVpnSched  88   debug] default msg 26
[2026-04-11 07:14:02.3148110 UTC-05:00] [5208:7148] [FcVpnSched  88   debug] default msg 26
[2026-04-11 07:14:02.3173680 UTC-05:00] [5208:7148] [FcVpnSched  88   debug] default msg 26
[2026-04-11 07:14:02.3199476 UTC-05:00] [5208:7148] [FcVpnSched  88   debug] default msg 26
[2026-04-11 07:14:02.3223780 UTC-05:00] [5208:7148] [FcVpnSched  88   debug] default msg 26
[2026-04-11 07:14:02.3249114 UTC-05:00] [5208:7148] [FcVpnSched  88   debug] default msg 26
[2026-04-11 07:14:02.3273545 UTC-05:00] [5208:7148] [FcVpnSched  88   debug] default msg 26
[2026-04-11 07:14:02.3296989 UTC-05:00] [5208:7148] [FcVpnSched  88   debug] default msg 26
[2026-04-11 07:14:02.3321097 UTC-05:00] [5208:7148] [FcVpnSched  88   debug] default msg 26
[2026-04-11 07:26:45.8321705 UTC-05:00] [5208:7148] [FcVpnSched  88   debug] default msg 26
[2026-04-11 07:26:46.0646714 UTC-05:00] [5208:7148] [FcVpnSched  88   debug] default msg 26
[2026-04-11 07:26:46.3188023 UTC-05:00] [5208:7148] [FcVpnSched  88   debug] default msg 26
[2026-04-11 07:26:46.6401056 UTC-05:00] [5208:7148] [FcVpnSched  88   debug] default msg 26
[2026-04-11 07:26:46.8752913 UTC-05:00] [5208:7148] [FcVpnSched  88   debug] default msg 26
[2026-04-11 07:26:47.3054811 UTC-05:00] [5208:7148] [FcVpnSched  88   debug] default msg 26
[2026-04-11 07:26:47.7156250 UTC-05:00] [5208:7148] [FcVpnSched  88   debug] default msg 26
[2026-04-11 07:26:48.0327149 UTC-05:00] [5208:7148] [FcVpnSched  88   debug] default msg 26
[2026-04-11 07:47:02.3671381 UTC-05:00] [5208:7148] [FcVpnSched  88   debug] default msg 30
[2026-04-11 07:47:02.4589689 UTC-05:00] [5208:7148] [FcVpnSched  88   debug] default msg 26
[2026-04-11 07:47:02.4619367 UTC-05:00] [5208:7148] [FcVpnSched  88   debug] default msg 26
[2026-04-11 07:47:02.4646346 UTC-05:00] [5208:7148] [FcVpnSched  88   debug] default msg 26
[2026-04-11 07:47:02.4670495 UTC-05:00] [5208:7148] [FcVpnSched  88   debug] default msg 26
[2026-04-11 07:47:02.4693936 UTC-05:00] [5208:7148] [FcVpnSched  88   debug] default msg 26
[2026-04-11 07:47:02.4715929 UTC-05:00] [5208:7148] [FcVpnSched  88   debug] default msg 26
[2026-04-11 07:47:02.4738216 UTC-05:00] [5208:7148] [FcVpnSched  88   debug] default msg 26
[2026-04-11 07:47:02.4765015 UTC-05:00] [5208:7148] [FcVpnSched  88   debug] default msg 26
[2026-04-11 07:47:02.4794617 UTC-05:00] [5208:7148] [FcVpnSched  88   debug] default msg 26
[2026-04-11 07:47:02.4819282 UTC-05:00] [5208:7148] [FcVpnSched  88   debug] default msg 26
[2026-04-11 07:47:02.4842028 UTC-05:00] [5208:7148] [FcVpnSched  88   debug] default msg 26
[2026-04-11 07:47:02.4865527 UTC-05:00] [5208:7148] [FcVpnSched  88   debug] default msg 26
[2026-04-11 07:47:02.4889188 UTC-05:00] [5208:7148] [FcVpnSched  88   debug] default msg 26
[2026-04-11 07:47:02.4911712 UTC-05:00] [5208:7148] [FcVpnSched  88   debug] default msg 26
[2026-04-11 07:47:02.4934834 UTC-05:00] [5208:7148] [FcVpnSched  88   debug] default msg 26
[2026-04-11 07:47:02.4962451 UTC-05:00] [5208:7148] [FcVpnSched  88   debug] default msg 26
[2026-04-11 07:47:02.4985866 UTC-05:00] [5208:7148] [FcVpnSched  88   debug] default msg 26
[2026-04-11 07:47:02.5008427 UTC-05:00] [5208:7148] [FcVpnSched  88   debug] default msg 26
[2026-04-11 07:47:02.5031239 UTC-05:00] [5208:7148] [FcVpnSched  88   debug] default msg 26
[2026-04-11 07:47:02.5052587 UTC-05:00] [5208:7148] [FcVpnSched  88   debug] default msg 26
[2026-04-11 07:47:02.5073106 UTC-05:00] [5208:7148] [FcVpnSched  88   debug] default msg 26
[2026-04-11 07:47:02.5094302 UTC-05:00] [5208:7148] [FcVpnSched  88   debug] default msg 26
[2026-04-11 07:47:02.5115794 UTC-05:00] [5208:7148] [FcVpnSched  88   debug] default msg 26
[2026-04-11 07:47:02.5136437 UTC-05:00] [5208:7148] [FcVpnSched  88   debug] default msg 26
[2026-04-11 07:47:02.5157333 UTC-05:00] [5208:7148] [FcVpnSched  88   debug] default msg 26
[2026-04-11 07:47:02.5177774 UTC-05:00] [5208:7148] [FcVpnSched  88   debug] default msg 26
[2026-04-11 07:47:02.5197977 UTC-05:00] [5208:7148] [FcVpnSched  88   debug] default msg 26
[2026-04-11 07:47:02.5218494 UTC-05:00] [5208:7148] [FcVpnSched  88   debug] default msg 26
[2026-04-11 07:47:02.5241268 UTC-05:00] [5208:7148] [FcVpnSched  88   debug] default msg 26
[2026-04-11 07:47:02.5269119 UTC-05:00] [5208:7148] [FcVpnSched  88   debug] default msg 26
[2026-04-11 07:47:02.5293433 UTC-05:00] [5208:7148] [FcVpnSched  88   debug] default msg 26
[2026-04-11 07:47:02.5316293 UTC-05:00] [5208:7148] [FcVpnSched  88   debug] default msg 26
[2026-04-11 07:47:02.5339022 UTC-05:00] [5208:7148] [FcVpnSched  88   debug] default msg 26
[2026-04-11 07:47:02.5361660 UTC-05:00] [5208:7148] [FcVpnSched  88   debug] default msg 26
[2026-04-11 07:47:02.5383844 UTC-05:00] [5208:7148] [FcVpnSched  88   debug] default msg 26
[2026-04-11 07:47:02.5407179 UTC-05:00] [5208:7148] [FcVpnSched  88   debug] default msg 26
[2026-04-11 07:47:02.5429555 UTC-05:00] [5208:7148] [FcVpnSched  88   debug] default msg 26
[2026-04-11 07:47:02.5450321 UTC-05:00] [5208:7148] [FcVpnSched  88   debug] default msg 26
[2026-04-11 07:47:02.5472036 UTC-05:00] [5208:7148] [FcVpnSched  88   debug] default msg 26
[2026-04-11 07:47:02.5493607 UTC-05:00] [5208:7148] [FcVpnSched  88   debug] default msg 26
[2026-04-11 07:47:02.5515186 UTC-05:00] [5208:7148] [FcVpnSched  88   debug] default msg 26
[2026-04-11 07:47:02.5536713 UTC-05:00] [5208:7148] [FcVpnSched  88   debug] default msg 26
[2026-04-11 07:47:02.5559041 UTC-05:00] [5208:7148] [FcVpnSched  88   debug] default msg 26
[2026-04-11 07:47:02.5582237 UTC-05:00] [5208:7148] [FcVpnSched  88   debug] default msg 26
[2026-04-11 07:47:02.5605344 UTC-05:00] [5208:7148] [FcVpnSched  88   debug] default msg 26
[2026-04-11 07:47:02.5626953 UTC-05:00] [5208:7148] [FcVpnSched  88   debug] default msg 26
[2026-04-11 07:47:02.5647125 UTC-05:00] [5208:7148] [FcVpnSched  88   debug] default msg 26
[2026-04-11 07:47:02.5667251 UTC-05:00] [5208:7148] [FcVpnSched  88   debug] default msg 26
[2026-04-11 07:47:02.5687525 UTC-05:00] [5208:7148] [FcVpnSched  88   debug] default msg 26
[2026-04-11 07:47:02.5707061 UTC-05:00] [5208:7148] [FcVpnSched  88   debug] default msg 26
[2026-04-11 07:47:02.5737821 UTC-05:00] [5208:7148] [FcVpnSched  88   debug] default msg 26
[2026-04-11 07:47:02.5763275 UTC-05:00] [5208:7148] [FcVpnSched  88   debug] default msg 26
[2026-04-11 07:47:02.5785528 UTC-05:00] [5208:7148] [FcVpnSched  88   debug] default msg 26
[2026-04-11 07:47:02.5805761 UTC-05:00] [5208:7148] [FcVpnSched  88   debug] default msg 26
[2026-04-11 07:47:02.5825576 UTC-05:00] [5208:7148] [FcVpnSched  88   debug] default msg 26
[2026-04-11 07:47:02.5845381 UTC-05:00] [5208:7148] [FcVpnSched  88   debug] default msg 26
[2026-04-11 07:47:02.7175106 UTC-05:00] [5208:7148] [FcVpnSched  88   debug] default msg 26
[2026-04-11 07:47:02.7214986 UTC-05:00] [5208:7148] [FcVpnSched  88   debug] default msg 26
[2026-04-11 07:47:02.7240315 UTC-05:00] [5208:7148] [FcVpnSched  88   debug] default msg 26
[2026-04-11 07:47:02.7264924 UTC-05:00] [5208:7148] [FcVpnSched  88   debug] default msg 26
[2026-04-11 07:47:02.7289168 UTC-05:00] [5208:7148] [FcVpnSched  88   debug] default msg 26
[2026-04-11 07:47:02.7314803 UTC-05:00] [5208:7148] [FcVpnSched  88   debug] default msg 26
[2026-04-11 07:47:02.7339890 UTC-05:00] [5208:7148] [FcVpnSched  88   debug] default msg 26
[2026-04-11 07:47:02.7363439 UTC-05:00] [5208:7148] [FcVpnSched  88   debug] default msg 26
[2026-04-11 07:47:02.7386887 UTC-05:00] [5208:7148] [FcVpnSched  88   debug] default msg 26
[2026-04-11 07:47:02.7410621 UTC-05:00] [5208:7148] [FcVpnSched  88   debug] default msg 26
[2026-04-11 07:47:02.7434041 UTC-05:00] [5208:7148] [FcVpnSched  88   debug] default msg 26
[2026-04-11 07:47:02.7458709 UTC-05:00] [5208:7148] [FcVpnSched  88   debug] default msg 26
[2026-04-11 07:47:02.7484821 UTC-05:00] [5208:7148] [FcVpnSched  88   debug] default msg 26
[2026-04-11 07:47:02.7510755 UTC-05:00] [5208:7148] [FcVpnSched  88   debug] default msg 26
[2026-04-11 07:47:02.7533091 UTC-05:00] [5208:7148] [FcVpnSched  88   debug] default msg 26
[2026-04-11 07:47:02.7556290 UTC-05:00] [5208:7148] [FcVpnSched  88   debug] default msg 26
[2026-04-11 07:47:02.7582728 UTC-05:00] [5208:7148] [FcVpnSched  88   debug] default msg 26
[2026-04-11 07:47:02.7606168 UTC-05:00] [5208:7148] [FcVpnSched  88   debug] default msg 26
[2026-04-11 07:47:02.7629646 UTC-05:00] [5208:7148] [FcVpnSched  88   debug] default msg 26
[2026-04-11 07:47:02.7654314 UTC-05:00] [5208:7148] [FcVpnSched  88   debug] default msg 26
[2026-04-11 07:47:02.7677932 UTC-05:00] [5208:7148] [FcVpnSched  88   debug] default msg 26
[2026-04-11 07:47:02.7700733 UTC-05:00] [5208:7148] [FcVpnSched  88   debug] default msg 26
[2026-04-11 07:47:02.7724169 UTC-05:00] [5208:7148] [FcVpnSched  88   debug] default msg 26
[2026-04-11 07:47:02.7746431 UTC-05:00] [5208:7148] [FcVpnSched  88   debug] default msg 26
[2026-04-11 07:47:02.7769068 UTC-05:00] [5208:7148] [FcVpnSched  88   debug] default msg 26
[2026-04-11 07:47:02.7794275 UTC-05:00] [5208:7148] [FcVpnSched  88   debug] default msg 26
[2026-04-11 07:47:02.7820090 UTC-05:00] [5208:7148] [FcVpnSched  88   debug] default msg 26
[2026-04-11 07:47:02.7844203 UTC-05:00] [5208:7148] [FcVpnSched  88   debug] default msg 26
[2026-04-11 07:47:02.7868194 UTC-05:00] [5208:7148] [FcVpnSched  88   debug] default msg 26
[2026-04-11 07:47:02.7891988 UTC-05:00] [5208:7148] [FcVpnSched  88   debug] default msg 26
[2026-04-11 07:47:02.7916185 UTC-05:00] [5208:7148] [FcVpnSched  88   debug] default msg 26
[2026-04-11 07:47:02.7940123 UTC-05:00] [5208:7148] [FcVpnSched  88   debug] default msg 26
[2026-04-11 08:34:45.3522803 UTC-05:00] [5208:7148] [FcVpnSched  88   debug] default msg 26
[2026-04-11 08:34:45.5844708 UTC-05:00] [5208:7148] [FcVpnSched  88   debug] default msg 26
[2026-04-11 08:34:45.8382444 UTC-05:00] [5208:7148] [FcVpnSched  88   debug] default msg 26
[2026-04-11 08:34:46.1502012 UTC-05:00] [5208:7148] [FcVpnSched  88   debug] default msg 26
[2026-04-11 08:34:46.3744308 UTC-05:00] [5208:7148] [FcVpnSched  88   debug] default msg 26
[2026-04-11 08:34:46.8357383 UTC-05:00] [5208:7148] [FcVpnSched  88   debug] default msg 26
[2026-04-11 08:34:47.2468955 UTC-05:00] [5208:7148] [FcVpnSched  88   debug] default msg 26
[2026-04-11 08:34:47.5542315 UTC-05:00] [5208:7148] [FcVpnSched  88   debug] default msg 26
[2026-04-11 08:43:50.9290520 UTC-05:00] [5208:7148] [FcVpnSched  88   debug] default msg 26
[2026-04-11 08:43:51.2435363 UTC-05:00] [5208:7148] [FcVpnSched  88   debug] default msg 26
[2026-04-11 09:42:45.4857289 UTC-05:00] [5208:7148] [FcVpnSched  88   debug] default msg 26
[2026-04-11 09:42:45.7465688 UTC-05:00] [5208:7148] [FcVpnSched  88   debug] default msg 26
[2026-04-11 09:42:46.0018338 UTC-05:00] [5208:7148] [FcVpnSched  88   debug] default msg 26
[2026-04-11 09:42:46.3155932 UTC-05:00] [5208:7148] [FcVpnSched  88   debug] default msg 26
[2026-04-11 09:42:46.5442770 UTC-05:00] [5208:7148] [FcVpnSched  88   debug] default msg 26
[2026-04-11 09:42:47.0036357 UTC-05:00] [5208:7148] [FcVpnSched  88   debug] default msg 26
[2026-04-11 09:42:47.4034136 UTC-05:00] [5208:7148] [FcVpnSched  88   debug] default msg 26
[2026-04-11 09:42:47.7219832 UTC-05:00] [5208:7148] [FcVpnSched  88   debug] default msg 26
[2026-04-11 10:35:51.2301550 UTC-05:00] [5208:7148] [FcVpnSched  88   debug] default msg 26
[2026-04-11 10:35:51.5425028 UTC-05:00] [5208:7148] [FcVpnSched  88   debug] default msg 26
[2026-04-11 10:50:45.8065672 UTC-05:00] [5208:7148] [FcVpnSched  88   debug] default msg 26
[2026-04-11 10:50:46.0360039 UTC-05:00] [5208:7148] [FcVpnSched  88   debug] default msg 26
[2026-04-11 10:50:46.2713183 UTC-05:00] [5208:7148] [FcVpnSched  88   debug] default msg 26
[2026-04-11 10:50:46.5843345 UTC-05:00] [5208:7148] [FcVpnSched  88   debug] default msg 26
[2026-04-11 10:50:46.8344932 UTC-05:00] [5208:7148] [FcVpnSched  88   debug] default msg 26
[2026-04-11 10:50:47.2771228 UTC-05:00] [5208:7148] [FcVpnSched  88   debug] default msg 26
[2026-04-11 10:50:47.7048424 UTC-05:00] [5208:7148] [FcVpnSched  88   debug] default msg 26
[2026-04-11 10:50:48.0084636 UTC-05:00] [5208:7148] [FcVpnSched  88   debug] default msg 26
[2026-04-11 11:37:02.1869339 UTC-05:00] [5208:7148] [FcVpnSched  88   debug] default msg 30
[2026-04-11 11:37:02.2838236 UTC-05:00] [5208:7148] [FcVpnSched  88   debug] default msg 26
[2026-04-11 11:37:02.2864313 UTC-05:00] [5208:7148] [FcVpnSched  88   debug] default msg 26
[2026-04-11 11:37:02.2888092 UTC-05:00] [5208:7148] [FcVpnSched  88   debug] default msg 26
[2026-04-11 11:37:02.2910262 UTC-05:00] [5208:7148] [FcVpnSched  88   debug] default msg 26
[2026-04-11 11:37:02.2933180 UTC-05:00] [5208:7148] [FcVpnSched  88   debug] default msg 26
[2026-04-11 11:37:02.2958054 UTC-05:00] [5208:7148] [FcVpnSched  88   debug] default msg 26
[2026-04-11 11:37:02.2982419 UTC-05:00] [5208:7148] [FcVpnSched  88   debug] default msg 26
[2026-04-11 11:37:02.3012499 UTC-05:00] [5208:7148] [FcVpnSched  88   debug] default msg 26
[2026-04-11 11:37:02.3036178 UTC-05:00] [5208:7148] [FcVpnSched  88   debug] default msg 26
[2026-04-11 11:37:02.3058190 UTC-05:00] [5208:7148] [FcVpnSched  88   debug] default msg 26
[2026-04-11 11:37:02.3081206 UTC-05:00] [5208:7148] [FcVpnSched  88   debug] default msg 26
[2026-04-11 11:37:02.3102987 UTC-05:00] [5208:7148] [FcVpnSched  88   debug] default msg 26
[2026-04-11 11:37:02.3125021 UTC-05:00] [5208:7148] [FcVpnSched  88   debug] default msg 26
[2026-04-11 11:37:02.3147236 UTC-05:00] [5208:7148] [FcVpnSched  88   debug] default msg 26
[2026-04-11 11:37:02.3168884 UTC-05:00] [5208:7148] [FcVpnSched  88   debug] default msg 26
[2026-04-11 11:37:02.3188459 UTC-05:00] [5208:7148] [FcVpnSched  88   debug] default msg 26
[2026-04-11 11:37:02.3209249 UTC-05:00] [5208:7148] [FcVpnSched  88   debug] default msg 26
[2026-04-11 11:37:02.3229396 UTC-05:00] [5208:7148] [FcVpnSched  88   debug] default msg 26
[2026-04-11 11:37:02.3249330 UTC-05:00] [5208:7148] [FcVpnSched  88   debug] default msg 26
[2026-04-11 11:37:02.3268935 UTC-05:00] [5208:7148] [FcVpnSched  88   debug] default msg 26
[2026-04-11 11:37:02.3289453 UTC-05:00] [5208:7148] [FcVpnSched  88   debug] default msg 26
[2026-04-11 11:37:02.3309908 UTC-05:00] [5208:7148] [FcVpnSched  88   debug] default msg 26
[2026-04-11 11:37:02.3329645 UTC-05:00] [5208:7148] [FcVpnSched  88   debug] default msg 26
[2026-04-11 11:37:02.3349343 UTC-05:00] [5208:7148] [FcVpnSched  88   debug] default msg 26
[2026-04-11 11:37:02.3369823 UTC-05:00] [5208:7148] [FcVpnSched  88   debug] default msg 26
[2026-04-11 11:37:02.3389614 UTC-05:00] [5208:7148] [FcVpnSched  88   debug] default msg 26
[2026-04-11 11:37:02.3408787 UTC-05:00] [5208:7148] [FcVpnSched  88   debug] default msg 26
[2026-04-11 11:37:02.3429028 UTC-05:00] [5208:7148] [FcVpnSched  88   debug] default msg 26
[2026-04-11 11:37:02.3448817 UTC-05:00] [5208:7148] [FcVpnSched  88   debug] default msg 26
[2026-04-11 11:37:02.3468278 UTC-05:00] [5208:7148] [FcVpnSched  88   debug] default msg 26
[2026-04-11 11:37:02.3488373 UTC-05:00] [5208:7148] [FcVpnSched  88   debug] default msg 26
[2026-04-11 11:37:02.3508014 UTC-05:00] [5208:7148] [FcVpnSched  88   debug] default msg 26
[2026-04-11 11:37:02.3528531 UTC-05:00] [5208:7148] [FcVpnSched  88   debug] default msg 26
[2026-04-11 11:37:02.3548221 UTC-05:00] [5208:7148] [FcVpnSched  88   debug] default msg 26
[2026-04-11 11:37:02.3567797 UTC-05:00] [5208:7148] [FcVpnSched  88   debug] default msg 26
[2026-04-11 11:37:02.3591644 UTC-05:00] [5208:7148] [FcVpnSched  88   debug] default msg 26
[2026-04-11 11:37:02.3616478 UTC-05:00] [5208:7148] [FcVpnSched  88   debug] default msg 26
[2026-04-11 11:37:02.3643690 UTC-05:00] [5208:7148] [FcVpnSched  88   debug] default msg 26
[2026-04-11 11:37:02.3666561 UTC-05:00] [5208:7148] [FcVpnSched  88   debug] default msg 26
[2026-04-11 11:37:02.3689140 UTC-05:00] [5208:7148] [FcVpnSched  88   debug] default msg 26
[2026-04-11 11:37:02.3712020 UTC-05:00] [5208:7148] [FcVpnSched  88   debug] default msg 26
[2026-04-11 11:37:02.3735058 UTC-05:00] [5208:7148] [FcVpnSched  88   debug] default msg 26
[2026-04-11 11:37:02.3757306 UTC-05:00] [5208:7148] [FcVpnSched  88   debug] default msg 26
[2026-04-11 11:37:02.3777304 UTC-05:00] [5208:7148] [FcVpnSched  88   debug] default msg 26
[2026-04-11 11:37:02.3796569 UTC-05:00] [5208:7148] [FcVpnSched  88   debug] default msg 26
[2026-04-11 11:37:02.3817098 UTC-05:00] [5208:7148] [FcVpnSched  88   debug] default msg 26
[2026-04-11 11:37:02.3839147 UTC-05:00] [5208:7148] [FcVpnSched  88   debug] default msg 26
[2026-04-11 11:37:02.3860285 UTC-05:00] [5208:7148] [FcVpnSched  88   debug] default msg 26
[2026-04-11 11:37:02.3879702 UTC-05:00] [5208:7148] [FcVpnSched  88   debug] default msg 26
[2026-04-11 11:37:02.3903226 UTC-05:00] [5208:7148] [FcVpnSched  88   debug] default msg 26
[2026-04-11 11:37:02.3930094 UTC-05:00] [5208:7148] [FcVpnSched  88   debug] default msg 26
[2026-04-11 11:37:02.3952986 UTC-05:00] [5208:7148] [FcVpnSched  88   debug] default msg 26
[2026-04-11 11:37:02.3974638 UTC-05:00] [5208:7148] [FcVpnSched  88   debug] default msg 26
[2026-04-11 11:37:02.3994613 UTC-05:00] [5208:7148] [FcVpnSched  88   debug] default msg 26
[2026-04-11 11:37:02.4014278 UTC-05:00] [5208:7148] [FcVpnSched  88   debug] default msg 26
[2026-04-11 11:37:02.4033719 UTC-05:00] [5208:7148] [FcVpnSched  88   debug] default msg 26
[2026-04-11 11:37:02.5880406 UTC-05:00] [5208:7148] [FcVpnSched  88   debug] default msg 26
[2026-04-11 11:37:02.5930895 UTC-05:00] [5208:7148] [FcVpnSched  88   debug] default msg 26
[2026-04-11 11:37:02.5966111 UTC-05:00] [5208:7148] [FcVpnSched  88   debug] default msg 26
[2026-04-11 11:37:02.5997884 UTC-05:00] [5208:7148] [FcVpnSched  88   debug] default msg 26
[2026-04-11 11:37:02.6030718 UTC-05:00] [5208:7148] [FcVpnSched  88   debug] default msg 26
[2026-04-11 11:37:02.6062712 UTC-05:00] [5208:7148] [FcVpnSched  88   debug] default msg 26
[2026-04-11 11:37:02.6093547 UTC-05:00] [5208:7148] [FcVpnSched  88   debug] default msg 26
[2026-04-11 11:37:02.6126809 UTC-05:00] [5208:7148] [FcVpnSched  88   debug] default msg 26
[2026-04-11 11:37:02.6156307 UTC-05:00] [5208:7148] [FcVpnSched  88   debug] default msg 26
[2026-04-11 11:37:02.6190880 UTC-05:00] [5208:7148] [FcVpnSched  88   debug] default msg 26
[2026-04-11 11:37:02.6223181 UTC-05:00] [5208:7148] [FcVpnSched  88   debug] default msg 26
[2026-04-11 11:37:02.6254333 UTC-05:00] [5208:7148] [FcVpnSched  88   debug] default msg 26
[2026-04-11 11:37:02.6287612 UTC-05:00] [5208:7148] [FcVpnSched  88   debug] default msg 26
[2026-04-11 11:37:02.6318268 UTC-05:00] [5208:7148] [FcVpnSched  88   debug] default msg 26
[2026-04-11 11:37:02.6350593 UTC-05:00] [5208:7148] [FcVpnSched  88   debug] default msg 26
[2026-04-11 11:37:02.6380911 UTC-05:00] [5208:7148] [FcVpnSched  88   debug] default msg 26
[2026-04-11 11:37:02.6410785 UTC-05:00] [5208:7148] [FcVpnSched  88   debug] default msg 26
[2026-04-11 11:37:02.6442265 UTC-05:00] [5208:7148] [FcVpnSched  88   debug] default msg 26
[2026-04-11 11:37:02.6472772 UTC-05:00] [5208:7148] [FcVpnSched  88   debug] default msg 26
[2026-04-11 11:37:02.6501367 UTC-05:00] [5208:7148] [FcVpnSched  88   debug] default msg 26
[2026-04-11 11:37:02.6529676 UTC-05:00] [5208:7148] [FcVpnSched  88   debug] default msg 26
[2026-04-11 11:37:02.6566440 UTC-05:00] [5208:7148] [FcVpnSched  88   debug] default msg 26
[2026-04-11 11:37:02.6603467 UTC-05:00] [5208:7148] [FcVpnSched  88   debug] default msg 26
[2026-04-11 11:37:02.6634729 UTC-05:00] [5208:7148] [FcVpnSched  88   debug] default msg 26
[2026-04-11 11:37:02.6664864 UTC-05:00] [5208:7148] [FcVpnSched  88   debug] default msg 26
[2026-04-11 11:37:02.6694523 UTC-05:00] [5208:7148] [FcVpnSched  88   debug] default msg 26
[2026-04-11 11:37:02.6721743 UTC-05:00] [5208:7148] [FcVpnSched  88   debug] default msg 26
[2026-04-11 11:37:02.6754801 UTC-05:00] [5208:7148] [FcVpnSched  88   debug] default msg 26
[2026-04-11 11:37:02.6785910 UTC-05:00] [5208:7148] [FcVpnSched  88   debug] default msg 26
[2026-04-11 11:37:02.6819810 UTC-05:00] [5208:7148] [FcVpnSched  88   debug] default msg 26
[2026-04-11 11:37:02.6848420 UTC-05:00] [5208:7148] [FcVpnSched  88   debug] default msg 26
[2026-04-11 11:37:02.6882936 UTC-05:00] [5208:7148] [FcVpnSched  88   debug] default msg 26
[2026-04-11 11:58:45.0265564 UTC-05:00] [5208:7148] [FcVpnSched  88   debug] default msg 26
[2026-04-11 11:58:45.2639180 UTC-05:00] [5208:7148] [FcVpnSched  88   debug] default msg 26
[2026-04-11 11:58:45.4850420 UTC-05:00] [5208:7148] [FcVpnSched  88   debug] default msg 26
[2026-04-11 11:58:45.7971487 UTC-05:00] [5208:7148] [FcVpnSched  88   debug] default msg 26
[2026-04-11 11:58:46.0130210 UTC-05:00] [5208:7148] [FcVpnSched  88   debug] default msg 26
[2026-04-11 11:58:46.4579688 UTC-05:00] [5208:7148] [FcVpnSched  88   debug] default msg 26
[2026-04-11 11:58:46.8765742 UTC-05:00] [5208:7148] [FcVpnSched  88   debug] default msg 26
[2026-04-11 11:58:47.1830376 UTC-05:00] [5208:7148] [FcVpnSched  88   debug] default msg 26
[2026-04-11 12:27:50.9180710 UTC-05:00] [5208:7148] [FcVpnSched  88   debug] default msg 26
[2026-04-11 12:27:51.2275837 UTC-05:00] [5208:7148] [FcVpnSched  88   debug] default msg 26
[2026-04-11 13:06:45.2032275 UTC-05:00] [5208:7148] [FcVpnSched  88   debug] default msg 26
[2026-04-11 13:06:45.4526512 UTC-05:00] [5208:7148] [FcVpnSched  88   debug] default msg 26
[2026-04-11 13:06:45.7545427 UTC-05:00] [5208:7148] [FcVpnSched  88   debug] default msg 26
[2026-04-11 13:06:46.0641434 UTC-05:00] [5208:7148] [FcVpnSched  88   debug] default msg 26
[2026-04-11 13:06:46.2792165 UTC-05:00] [5208:7148] [FcVpnSched  88   debug] default msg 26
[2026-04-11 13:06:46.7197047 UTC-05:00] [5208:7148] [FcVpnSched  88   debug] default msg 26
[2026-04-11 13:06:47.1443468 UTC-05:00] [5208:7148] [FcVpnSched  88   debug] default msg 26
[2026-04-11 13:06:47.4478051 UTC-05:00] [5208:7148] [FcVpnSched  88   debug] default msg 26
[2026-04-11 14:14:45.4913960 UTC-05:00] [5208:7148] [FcVpnSched  88   debug] default msg 26
[2026-04-11 14:14:45.7312616 UTC-05:00] [5208:7148] [FcVpnSched  88   debug] default msg 26
[2026-04-11 14:14:45.9926548 UTC-05:00] [5208:7148] [FcVpnSched  88   debug] default msg 26
[2026-04-11 14:14:46.3168934 UTC-05:00] [5208:7148] [FcVpnSched  88   debug] default msg 26
[2026-04-11 14:14:46.5319048 UTC-05:00] [5208:7148] [FcVpnSched  88   debug] default msg 26
[2026-04-11 14:14:46.9844227 UTC-05:00] [5208:7148] [FcVpnSched  88   debug] default msg 26
[2026-04-11 14:14:47.4434646 UTC-05:00] [5208:7148] [FcVpnSched  88   debug] default msg 26
[2026-04-11 14:14:47.7496462 UTC-05:00] [5208:7148] [FcVpnSched  88   debug] default msg 26
[2026-04-11 14:19:51.0058911 UTC-05:00] [5208:7148] [FcVpnSched  88   debug] default msg 26
[2026-04-11 14:19:51.3085251 UTC-05:00] [5208:7148] [FcVpnSched  88   debug] default msg 26
[2026-04-11 15:14:02.1855471 UTC-05:00] [5208:7148] [FcVpnSched  88   debug] default msg 30
[2026-04-11 15:14:02.4297464 UTC-05:00] [5208:7148] [FcVpnSched  88   debug] default msg 26
[2026-04-11 15:14:02.4325230 UTC-05:00] [5208:7148] [FcVpnSched  88   debug] default msg 26
[2026-04-11 15:14:02.4352429 UTC-05:00] [5208:7148] [FcVpnSched  88   debug] default msg 26
[2026-04-11 15:14:02.4379289 UTC-05:00] [5208:7148] [FcVpnSched  88   debug] default msg 26
[2026-04-11 15:14:02.4406724 UTC-05:00] [5208:7148] [FcVpnSched  88   debug] default msg 26
[2026-04-11 15:14:02.4434509 UTC-05:00] [5208:7148] [FcVpnSched  88   debug] default msg 26
[2026-04-11 15:14:02.4462438 UTC-05:00] [5208:7148] [FcVpnSched  88   debug] default msg 26
[2026-04-11 15:14:02.4489434 UTC-05:00] [5208:7148] [FcVpnSched  88   debug] default msg 26
[2026-04-11 15:14:02.4516187 UTC-05:00] [5208:7148] [FcVpnSched  88   debug] default msg 26
[2026-04-11 15:14:02.4544220 UTC-05:00] [5208:7148] [FcVpnSched  88   debug] default msg 26
[2026-04-11 15:14:02.4579481 UTC-05:00] [5208:7148] [FcVpnSched  88   debug] default msg 26
[2026-04-11 15:14:02.4610243 UTC-05:00] [5208:7148] [FcVpnSched  88   debug] default msg 26
[2026-04-11 15:14:02.4637247 UTC-05:00] [5208:7148] [FcVpnSched  88   debug] default msg 26
[2026-04-11 15:14:02.4664019 UTC-05:00] [5208:7148] [FcVpnSched  88   debug] default msg 26
[2026-04-11 15:14:02.4689883 UTC-05:00] [5208:7148] [FcVpnSched  88   debug] default msg 26
[2026-04-11 15:14:02.4713893 UTC-05:00] [5208:7148] [FcVpnSched  88   debug] default msg 26
[2026-04-11 15:14:02.4739006 UTC-05:00] [5208:7148] [FcVpnSched  88   debug] default msg 26
[2026-04-11 15:14:02.4763164 UTC-05:00] [5208:7148] [FcVpnSched  88   debug] default msg 26
[2026-04-11 15:14:02.4786069 UTC-05:00] [5208:7148] [FcVpnSched  88   debug] default msg 26
[2026-04-11 15:14:02.4809017 UTC-05:00] [5208:7148] [FcVpnSched  88   debug] default msg 26
[2026-04-11 15:14:02.4835040 UTC-05:00] [5208:7148] [FcVpnSched  88   debug] default msg 26
[2026-04-11 15:14:02.4862809 UTC-05:00] [5208:7148] [FcVpnSched  88   debug] default msg 26
[2026-04-11 15:14:02.4889977 UTC-05:00] [5208:7148] [FcVpnSched  88   debug] default msg 26
[2026-04-11 15:14:02.4915892 UTC-05:00] [5208:7148] [FcVpnSched  88   debug] default msg 26
[2026-04-11 15:14:02.4942069 UTC-05:00] [5208:7148] [FcVpnSched  88   debug] default msg 26
[2026-04-11 15:14:02.4967961 UTC-05:00] [5208:7148] [FcVpnSched  88   debug] default msg 26
[2026-04-11 15:14:02.4993210 UTC-05:00] [5208:7148] [FcVpnSched  88   debug] default msg 26
[2026-04-11 15:14:02.5057797 UTC-05:00] [5208:7148] [FcVpnSched  88   debug] default msg 26
[2026-04-11 15:14:02.5089505 UTC-05:00] [5208:7148] [FcVpnSched  88   debug] default msg 26
[2026-04-11 15:14:02.5117291 UTC-05:00] [5208:7148] [FcVpnSched  88   debug] default msg 26
[2026-04-11 15:14:02.5143239 UTC-05:00] [5208:7148] [FcVpnSched  88   debug] default msg 26
[2026-04-11 15:14:02.5181181 UTC-05:00] [5208:7148] [FcVpnSched  88   debug] default msg 26
[2026-04-11 15:14:02.5228388 UTC-05:00] [5208:7148] [FcVpnSched  88   debug] default msg 26
[2026-04-11 15:14:02.5265440 UTC-05:00] [5208:7148] [FcVpnSched  88   debug] default msg 26
[2026-04-11 15:14:02.5320574 UTC-05:00] [5208:7148] [FcVpnSched  88   debug] default msg 26
[2026-04-11 15:14:02.5388932 UTC-05:00] [5208:7148] [FcVpnSched  88   debug] default msg 26
[2026-04-11 15:14:02.5421643 UTC-05:00] [5208:7148] [FcVpnSched  88   debug] default msg 26
[2026-04-11 15:14:02.5450508 UTC-05:00] [5208:7148] [FcVpnSched  88   debug] default msg 26
[2026-04-11 15:14:02.5479883 UTC-05:00] [5208:7148] [FcVpnSched  88   debug] default msg 26
[2026-04-11 15:14:02.5515456 UTC-05:00] [5208:7148] [FcVpnSched  88   debug] default msg 26
[2026-04-11 15:14:02.5546310 UTC-05:00] [5208:7148] [FcVpnSched  88   debug] default msg 26
[2026-04-11 15:14:02.5575693 UTC-05:00] [5208:7148] [FcVpnSched  88   debug] default msg 26
[2026-04-11 15:14:02.5603770 UTC-05:00] [5208:7148] [FcVpnSched  88   debug] default msg 26
[2026-04-11 15:14:02.5633795 UTC-05:00] [5208:7148] [FcVpnSched  88   debug] default msg 26
[2026-04-11 15:14:02.5660465 UTC-05:00] [5208:7148] [FcVpnSched  88   debug] default msg 26
[2026-04-11 15:14:02.5687255 UTC-05:00] [5208:7148] [FcVpnSched  88   debug] default msg 26
[2026-04-11 15:14:02.5712597 UTC-05:00] [5208:7148] [FcVpnSched  88   debug] default msg 26
[2026-04-11 15:14:02.5738648 UTC-05:00] [5208:7148] [FcVpnSched  88   debug] default msg 26
[2026-04-11 15:14:02.5764557 UTC-05:00] [5208:7148] [FcVpnSched  88   debug] default msg 26
[2026-04-11 15:14:02.5791288 UTC-05:00] [5208:7148] [FcVpnSched  88   debug] default msg 26
[2026-04-11 15:14:02.5820661 UTC-05:00] [5208:7148] [FcVpnSched  88   debug] default msg 26
[2026-04-11 15:14:02.5849603 UTC-05:00] [5208:7148] [FcVpnSched  88   debug] default msg 26
[2026-04-11 15:14:02.5887644 UTC-05:00] [5208:7148] [FcVpnSched  88   debug] default msg 26
[2026-04-11 15:14:02.5917559 UTC-05:00] [5208:7148] [FcVpnSched  88   debug] default msg 26
[2026-04-11 15:14:02.5944879 UTC-05:00] [5208:7148] [FcVpnSched  88   debug] default msg 26
[2026-04-11 15:14:02.5971505 UTC-05:00] [5208:7148] [FcVpnSched  88   debug] default msg 26
[2026-04-11 15:14:02.7883405 UTC-05:00] [5208:7148] [FcVpnSched  88   debug] default msg 26
[2026-04-11 15:14:02.7917787 UTC-05:00] [5208:7148] [FcVpnSched  88   debug] default msg 26
[2026-04-11 15:14:02.7947337 UTC-05:00] [5208:7148] [FcVpnSched  88   debug] default msg 26
[2026-04-11 15:14:02.7977481 UTC-05:00] [5208:7148] [FcVpnSched  88   debug] default msg 26
[2026-04-11 15:14:02.8009390 UTC-05:00] [5208:7148] [FcVpnSched  88   debug] default msg 26
[2026-04-11 15:14:02.8040761 UTC-05:00] [5208:7148] [FcVpnSched  88   debug] default msg 26
[2026-04-11 15:14:02.8071752 UTC-05:00] [5208:7148] [FcVpnSched  88   debug] default msg 26
[2026-04-11 15:14:02.8100393 UTC-05:00] [5208:7148] [FcVpnSched  88   debug] default msg 26
[2026-04-11 15:14:02.8126582 UTC-05:00] [5208:7148] [FcVpnSched  88   debug] default msg 26
[2026-04-11 15:14:02.8151477 UTC-05:00] [5208:7148] [FcVpnSched  88   debug] default msg 26
[2026-04-11 15:14:02.8176570 UTC-05:00] [5208:7148] [FcVpnSched  88   debug] default msg 26
[2026-04-11 15:14:02.8205917 UTC-05:00] [5208:7148] [FcVpnSched  88   debug] default msg 26
[2026-04-11 15:14:02.8238902 UTC-05:00] [5208:7148] [FcVpnSched  88   debug] default msg 26
[2026-04-11 15:14:02.8267986 UTC-05:00] [5208:7148] [FcVpnSched  88   debug] default msg 26
[2026-04-11 15:14:02.8295672 UTC-05:00] [5208:7148] [FcVpnSched  88   debug] default msg 26
[2026-04-11 15:14:02.8325242 UTC-05:00] [5208:7148] [FcVpnSched  88   debug] default msg 26
[2026-04-11 15:14:02.8368109 UTC-05:00] [5208:7148] [FcVpnSched  88   debug] default msg 26
[2026-04-11 15:14:02.8400938 UTC-05:00] [5208:7148] [FcVpnSched  88   debug] default msg 26
[2026-04-11 15:14:02.8430078 UTC-05:00] [5208:7148] [FcVpnSched  88   debug] default msg 26
[2026-04-11 15:14:02.8456357 UTC-05:00] [5208:7148] [FcVpnSched  88   debug] default msg 26
[2026-04-11 15:14:02.8482782 UTC-05:00] [5208:7148] [FcVpnSched  88   debug] default msg 26
[2026-04-11 15:14:02.8512080 UTC-05:00] [5208:7148] [FcVpnSched  88   debug] default msg 26
[2026-04-11 15:14:02.8538278 UTC-05:00] [5208:7148] [FcVpnSched  88   debug] default msg 26
[2026-04-11 15:14:02.8564952 UTC-05:00] [5208:7148] [FcVpnSched  88   debug] default msg 26
[2026-04-11 15:14:02.8591971 UTC-05:00] [5208:7148] [FcVpnSched  88   debug] default msg 26
[2026-04-11 15:14:02.8617176 UTC-05:00] [5208:7148] [FcVpnSched  88   debug] default msg 26
[2026-04-11 15:14:02.8640814 UTC-05:00] [5208:7148] [FcVpnSched  88   debug] default msg 26
[2026-04-11 15:14:02.8672635 UTC-05:00] [5208:7148] [FcVpnSched  88   debug] default msg 26
[2026-04-11 15:14:02.8700706 UTC-05:00] [5208:7148] [FcVpnSched  88   debug] default msg 26
[2026-04-11 15:14:02.8726254 UTC-05:00] [5208:7148] [FcVpnSched  88   debug] default msg 26
[2026-04-11 15:14:02.8752254 UTC-05:00] [5208:7148] [FcVpnSched  88   debug] default msg 26
[2026-04-11 15:14:02.8779061 UTC-05:00] [5208:7148] [FcVpnSched  88   debug] default msg 26
[2026-04-11 15:22:45.0749257 UTC-05:00] [5208:7148] [FcVpnSched  88   debug] default msg 26
[2026-04-11 15:22:45.3169461 UTC-05:00] [5208:7148] [FcVpnSched  88   debug] default msg 26
[2026-04-11 15:22:45.5708355 UTC-05:00] [5208:7148] [FcVpnSched  88   debug] default msg 26
[2026-04-11 15:22:45.9121196 UTC-05:00] [5208:7148] [FcVpnSched  88   debug] default msg 26
[2026-04-11 15:22:46.1381026 UTC-05:00] [5208:7148] [FcVpnSched  88   debug] default msg 26
[2026-04-11 15:22:46.5886353 UTC-05:00] [5208:7148] [FcVpnSched  88   debug] default msg 26
[2026-04-11 15:22:46.9922015 UTC-05:00] [5208:7148] [FcVpnSched  88   debug] default msg 26
[2026-04-11 15:22:47.3102064 UTC-05:00] [5208:7148] [FcVpnSched  88   debug] default msg 26
[2026-04-11 15:27:01.6866364 UTC-05:00] [5208:7148] [FcVpnSched  88   debug] default msg 30
[2026-04-11 15:27:01.7834774 UTC-05:00] [5208:7148] [FcVpnSched  88   debug] default msg 26
[2026-04-11 15:27:01.7874586 UTC-05:00] [5208:7148] [FcVpnSched  88   debug] default msg 26
[2026-04-11 15:27:01.7908186 UTC-05:00] [5208:7148] [FcVpnSched  88   debug] default msg 26
[2026-04-11 15:27:01.7935473 UTC-05:00] [5208:7148] [FcVpnSched  88   debug] default msg 26
[2026-04-11 15:27:01.7969512 UTC-05:00] [5208:7148] [FcVpnSched  88   debug] default msg 26
[2026-04-11 15:27:01.8003983 UTC-05:00] [5208:7148] [FcVpnSched  88   debug] default msg 26
[2026-04-11 15:27:01.8031890 UTC-05:00] [5208:7148] [FcVpnSched  88   debug] default msg 26
[2026-04-11 15:27:01.8058619 UTC-05:00] [5208:7148] [FcVpnSched  88   debug] default msg 26
[2026-04-11 15:27:01.8086843 UTC-05:00] [5208:7148] [FcVpnSched  88   debug] default msg 26
[2026-04-11 15:27:01.8112729 UTC-05:00] [5208:7148] [FcVpnSched  88   debug] default msg 26
[2026-04-11 15:27:01.8148584 UTC-05:00] [5208:7148] [FcVpnSched  88   debug] default msg 26
[2026-04-11 15:27:01.8178660 UTC-05:00] [5208:7148] [FcVpnSched  88   debug] default msg 26
[2026-04-11 15:27:01.8207170 UTC-05:00] [5208:7148] [FcVpnSched  88   debug] default msg 26
[2026-04-11 15:27:01.8234040 UTC-05:00] [5208:7148] [FcVpnSched  88   debug] default msg 26
[2026-04-11 15:27:01.8260865 UTC-05:00] [5208:7148] [FcVpnSched  88   debug] default msg 26
[2026-04-11 15:27:01.8287845 UTC-05:00] [5208:7148] [FcVpnSched  88   debug] default msg 26
[2026-04-11 15:27:01.8320156 UTC-05:00] [5208:7148] [FcVpnSched  88   debug] default msg 26
[2026-04-11 15:27:01.8348201 UTC-05:00] [5208:7148] [FcVpnSched  88   debug] default msg 26
[2026-04-11 15:27:01.8375399 UTC-05:00] [5208:7148] [FcVpnSched  88   debug] default msg 26
[2026-04-11 15:27:01.8402594 UTC-05:00] [5208:7148] [FcVpnSched  88   debug] default msg 26
[2026-04-11 15:27:01.8429056 UTC-05:00] [5208:7148] [FcVpnSched  88   debug] default msg 26
[2026-04-11 15:27:01.8463394 UTC-05:00] [5208:7148] [FcVpnSched  88   debug] default msg 26
[2026-04-11 15:27:01.8492777 UTC-05:00] [5208:7148] [FcVpnSched  88   debug] default msg 26
[2026-04-11 15:27:01.8520731 UTC-05:00] [5208:7148] [FcVpnSched  88   debug] default msg 26
[2026-04-11 15:27:01.8549132 UTC-05:00] [5208:7148] [FcVpnSched  88   debug] default msg 26
[2026-04-11 15:27:01.8575332 UTC-05:00] [5208:7148] [FcVpnSched  88   debug] default msg 26
[2026-04-11 15:27:01.8600921 UTC-05:00] [5208:7148] [FcVpnSched  88   debug] default msg 26
[2026-04-11 15:27:01.8630914 UTC-05:00] [5208:7148] [FcVpnSched  88   debug] default msg 26
[2026-04-11 15:27:01.8658983 UTC-05:00] [5208:7148] [FcVpnSched  88   debug] default msg 26
[2026-04-11 15:27:01.8686614 UTC-05:00] [5208:7148] [FcVpnSched  88   debug] default msg 26
[2026-04-11 15:27:01.8713858 UTC-05:00] [5208:7148] [FcVpnSched  88   debug] default msg 26
[2026-04-11 15:27:01.8740328 UTC-05:00] [5208:7148] [FcVpnSched  88   debug] default msg 26
[2026-04-11 15:27:01.8775023 UTC-05:00] [5208:7148] [FcVpnSched  88   debug] default msg 26
[2026-04-11 15:27:01.8800839 UTC-05:00] [5208:7148] [FcVpnSched  88   debug] default msg 26
[2026-04-11 15:27:01.8823863 UTC-05:00] [5208:7148] [FcVpnSched  88   debug] default msg 26
[2026-04-11 15:27:01.8846882 UTC-05:00] [5208:7148] [FcVpnSched  88   debug] default msg 26
[2026-04-11 15:27:01.8869722 UTC-05:00] [5208:7148] [FcVpnSched  88   debug] default msg 26
[2026-04-11 15:27:01.8891935 UTC-05:00] [5208:7148] [FcVpnSched  88   debug] default msg 26
[2026-04-11 15:27:01.8914548 UTC-05:00] [5208:7148] [FcVpnSched  88   debug] default msg 26
[2026-04-11 15:27:01.8941464 UTC-05:00] [5208:7148] [FcVpnSched  88   debug] default msg 26
[2026-04-11 15:27:01.8968217 UTC-05:00] [5208:7148] [FcVpnSched  88   debug] default msg 26
[2026-04-11 15:27:01.8994582 UTC-05:00] [5208:7148] [FcVpnSched  88   debug] default msg 26
[2026-04-11 15:27:01.9020908 UTC-05:00] [5208:7148] [FcVpnSched  88   debug] default msg 26
[2026-04-11 15:27:01.9046352 UTC-05:00] [5208:7148] [FcVpnSched  88   debug] default msg 26
[2026-04-11 15:27:01.9076363 UTC-05:00] [5208:7148] [FcVpnSched  88   debug] default msg 26
[2026-04-11 15:27:01.9104965 UTC-05:00] [5208:7148] [FcVpnSched  88   debug] default msg 26
[2026-04-11 15:27:01.9130289 UTC-05:00] [5208:7148] [FcVpnSched  88   debug] default msg 26
[2026-04-11 15:27:01.9155450 UTC-05:00] [5208:7148] [FcVpnSched  88   debug] default msg 26
[2026-04-11 15:27:01.9179411 UTC-05:00] [5208:7148] [FcVpnSched  88   debug] default msg 26
[2026-04-11 15:27:01.9202999 UTC-05:00] [5208:7148] [FcVpnSched  88   debug] default msg 26
[2026-04-11 15:27:01.9228108 UTC-05:00] [5208:7148] [FcVpnSched  88   debug] default msg 26
[2026-04-11 15:27:01.9257007 UTC-05:00] [5208:7148] [FcVpnSched  88   debug] default msg 26
[2026-04-11 15:27:01.9281440 UTC-05:00] [5208:7148] [FcVpnSched  88   debug] default msg 26
[2026-04-11 15:27:01.9306049 UTC-05:00] [5208:7148] [FcVpnSched  88   debug] default msg 26
[2026-04-11 15:27:01.9329630 UTC-05:00] [5208:7148] [FcVpnSched  88   debug] default msg 26
[2026-04-11 15:27:01.9353454 UTC-05:00] [5208:7148] [FcVpnSched  88   debug] default msg 26
[2026-04-11 15:27:02.0878591 UTC-05:00] [5208:7148] [FcVpnSched  88   debug] default msg 26
[2026-04-11 15:27:02.0906543 UTC-05:00] [5208:7148] [FcVpnSched  88   debug] default msg 26
[2026-04-11 15:27:02.0938012 UTC-05:00] [5208:7148] [FcVpnSched  88   debug] default msg 26
[2026-04-11 15:27:02.0967442 UTC-05:00] [5208:7148] [FcVpnSched  88   debug] default msg 26
[2026-04-11 15:27:02.0999497 UTC-05:00] [5208:7148] [FcVpnSched  88   debug] default msg 26
[2026-04-11 15:27:02.1027043 UTC-05:00] [5208:7148] [FcVpnSched  88   debug] default msg 26
[2026-04-11 15:27:02.1054327 UTC-05:00] [5208:7148] [FcVpnSched  88   debug] default msg 26
[2026-04-11 15:27:02.1079925 UTC-05:00] [5208:7148] [FcVpnSched  88   debug] default msg 26
[2026-04-11 15:27:02.1104820 UTC-05:00] [5208:7148] [FcVpnSched  88   debug] default msg 26
[2026-04-11 15:27:02.1137877 UTC-05:00] [5208:7148] [FcVpnSched  88   debug] default msg 26
[2026-04-11 15:27:02.1173814 UTC-05:00] [5208:7148] [FcVpnSched  88   debug] default msg 26
[2026-04-11 15:27:02.1200158 UTC-05:00] [5208:7148] [FcVpnSched  88   debug] default msg 26
[2026-04-11 15:27:02.1225564 UTC-05:00] [5208:7148] [FcVpnSched  88   debug] default msg 26
[2026-04-11 15:27:02.1250690 UTC-05:00] [5208:7148] [FcVpnSched  88   debug] default msg 26
[2026-04-11 15:27:02.1291079 UTC-05:00] [5208:7148] [FcVpnSched  88   debug] default msg 26
[2026-04-11 15:27:02.1501249 UTC-05:00] [5208:7148] [FcVpnSched  88   debug] default msg 26
[2026-04-11 15:27:02.1694750 UTC-05:00] [5208:7148] [FcVpnSched  88   debug] default msg 26
[2026-04-11 15:27:02.1740058 UTC-05:00] [5208:7148] [FcVpnSched  88   debug] default msg 26
[2026-04-11 15:27:02.1779084 UTC-05:00] [5208:7148] [FcVpnSched  88   debug] default msg 26
[2026-04-11 15:27:02.1813950 UTC-05:00] [5208:7148] [FcVpnSched  88   debug] default msg 26
[2026-04-11 15:27:02.1853652 UTC-05:00] [5208:7148] [FcVpnSched  88   debug] default msg 26
[2026-04-11 15:27:02.1895895 UTC-05:00] [5208:7148] [FcVpnSched  88   debug] default msg 26
[2026-04-11 15:27:02.1929135 UTC-05:00] [5208:7148] [FcVpnSched  88   debug] default msg 26
[2026-04-11 15:27:02.1968151 UTC-05:00] [5208:7148] [FcVpnSched  88   debug] default msg 26
[2026-04-11 15:27:02.1999408 UTC-05:00] [5208:7148] [FcVpnSched  88   debug] default msg 26
[2026-04-11 15:27:02.2027837 UTC-05:00] [5208:7148] [FcVpnSched  88   debug] default msg 26
[2026-04-11 15:27:02.2068994 UTC-05:00] [5208:7148] [FcVpnSched  88   debug] default msg 26
[2026-04-11 15:27:02.2112451 UTC-05:00] [5208:7148] [FcVpnSched  88   debug] default msg 26
[2026-04-11 15:27:02.2174704 UTC-05:00] [5208:7148] [FcVpnSched  88   debug] default msg 26
[2026-04-11 15:27:02.2234257 UTC-05:00] [5208:7148] [FcVpnSched  88   debug] default msg 26
[2026-04-11 15:27:02.2272675 UTC-05:00] [5208:7148] [FcVpnSched  88   debug] default msg 26
[2026-04-11 15:27:02.2321758 UTC-05:00] [5208:7148] [FcVpnSched  88   debug] default msg 26
[2026-04-11 16:11:51.5356651 UTC-05:00] [5208:7148] [FcVpnSched  88   debug] default msg 26
[2026-04-11 16:11:51.8468910 UTC-05:00] [5208:7148] [FcVpnSched  88   debug] default msg 26
[2026-04-11 16:30:45.5614425 UTC-05:00] [5208:7148] [FcVpnSched  88   debug] default msg 26
[2026-04-11 16:30:45.7947251 UTC-05:00] [5208:7148] [FcVpnSched  88   debug] default msg 26
[2026-04-11 16:30:46.0477571 UTC-05:00] [5208:7148] [FcVpnSched  88   debug] default msg 26
[2026-04-11 16:30:46.3613938 UTC-05:00] [5208:7148] [FcVpnSched  88   debug] default msg 26
[2026-04-11 16:30:46.5821312 UTC-05:00] [5208:7148] [FcVpnSched  88   debug] default msg 26
[2026-04-11 16:30:47.0229867 UTC-05:00] [5208:7148] [FcVpnSched  88   debug] default msg 26
[2026-04-11 16:30:47.4212900 UTC-05:00] [5208:7148] [FcVpnSched  88   debug] default msg 26
[2026-04-11 16:30:47.7366485 UTC-05:00] [5208:7148] [FcVpnSched  88   debug] default msg 26
[2026-04-11 17:38:45.7725327 UTC-05:00] [5208:7148] [FcVpnSched  88   debug] default msg 26
[2026-04-11 17:38:46.0179233 UTC-05:00] [5208:7148] [FcVpnSched  88   debug] default msg 26
[2026-04-11 17:38:46.2733403 UTC-05:00] [5208:7148] [FcVpnSched  88   debug] default msg 26
[2026-04-11 17:38:46.5972389 UTC-05:00] [5208:7148] [FcVpnSched  88   debug] default msg 26
[2026-04-11 17:38:46.8097223 UTC-05:00] [5208:7148] [FcVpnSched  88   debug] default msg 26
[2026-04-11 17:38:47.2442674 UTC-05:00] [5208:7148] [FcVpnSched  88   debug] default msg 26
[2026-04-11 17:38:47.6547479 UTC-05:00] [5208:7148] [FcVpnSched  88   debug] default msg 26
[2026-04-11 17:38:47.9703693 UTC-05:00] [5208:7148] [FcVpnSched  88   debug] default msg 26
[2026-04-11 18:03:51.7687404 UTC-05:00] [5208:7148] [FcVpnSched  88   debug] default msg 26
[2026-04-11 18:03:52.0892077 UTC-05:00] [5208:7148] [FcVpnSched  88   debug] default msg 26
[2026-04-11 18:46:44.7738525 UTC-05:00] [5208:7148] [FcVpnSched  88   debug] default msg 26
[2026-04-11 18:46:45.0116210 UTC-05:00] [5208:7148] [FcVpnSched  88   debug] default msg 26
[2026-04-11 18:46:45.2647117 UTC-05:00] [5208:7148] [FcVpnSched  88   debug] default msg 26
[2026-04-11 18:46:45.5876783 UTC-05:00] [5208:7148] [FcVpnSched  88   debug] default msg 26
[2026-04-11 18:46:45.8026591 UTC-05:00] [5208:7148] [FcVpnSched  88   debug] default msg 26
[2026-04-11 18:46:46.2337948 UTC-05:00] [5208:7148] [FcVpnSched  88   debug] default msg 26
[2026-04-11 18:46:46.6486182 UTC-05:00] [5208:7148] [FcVpnSched  88   debug] default msg 26
[2026-04-11 18:46:46.9835539 UTC-05:00] [5208:7148] [FcVpnSched  88   debug] default msg 26
[2026-04-11 19:17:02.5218359 UTC-05:00] [5208:7148] [FcVpnSched  88   debug] default msg 30
[2026-04-11 19:17:02.6163700 UTC-05:00] [5208:7148] [FcVpnSched  88   debug] default msg 26
[2026-04-11 19:17:02.6197937 UTC-05:00] [5208:7148] [FcVpnSched  88   debug] default msg 26
[2026-04-11 19:17:02.6221554 UTC-05:00] [5208:7148] [FcVpnSched  88   debug] default msg 26
[2026-04-11 19:17:02.6244322 UTC-05:00] [5208:7148] [FcVpnSched  88   debug] default msg 26
[2026-04-11 19:17:02.6267223 UTC-05:00] [5208:7148] [FcVpnSched  88   debug] default msg 26
[2026-04-11 19:17:02.6289425 UTC-05:00] [5208:7148] [FcVpnSched  88   debug] default msg 26
[2026-04-11 19:17:02.6320364 UTC-05:00] [5208:7148] [FcVpnSched  88   debug] default msg 26
[2026-04-11 19:17:02.6351507 UTC-05:00] [5208:7148] [FcVpnSched  88   debug] default msg 26
[2026-04-11 19:17:02.6374453 UTC-05:00] [5208:7148] [FcVpnSched  88   debug] default msg 26
[2026-04-11 19:17:02.6396039 UTC-05:00] [5208:7148] [FcVpnSched  88   debug] default msg 26
[2026-04-11 19:17:02.6417909 UTC-05:00] [5208:7148] [FcVpnSched  88   debug] default msg 26
[2026-04-11 19:17:02.6439080 UTC-05:00] [5208:7148] [FcVpnSched  88   debug] default msg 26
[2026-04-11 19:17:02.6463400 UTC-05:00] [5208:7148] [FcVpnSched  88   debug] default msg 26
[2026-04-11 19:17:02.6493238 UTC-05:00] [5208:7148] [FcVpnSched  88   debug] default msg 26
[2026-04-11 19:17:02.6516167 UTC-05:00] [5208:7148] [FcVpnSched  88   debug] default msg 26
[2026-04-11 19:17:02.6537368 UTC-05:00] [5208:7148] [FcVpnSched  88   debug] default msg 26
[2026-04-11 19:17:02.6559320 UTC-05:00] [5208:7148] [FcVpnSched  88   debug] default msg 26
[2026-04-11 19:17:02.6582048 UTC-05:00] [5208:7148] [FcVpnSched  88   debug] default msg 26
[2026-04-11 19:17:02.6603495 UTC-05:00] [5208:7148] [FcVpnSched  88   debug] default msg 26
[2026-04-11 19:17:02.6629841 UTC-05:00] [5208:7148] [FcVpnSched  88   debug] default msg 26
[2026-04-11 19:17:02.6661076 UTC-05:00] [5208:7148] [FcVpnSched  88   debug] default msg 26
[2026-04-11 19:17:02.6685234 UTC-05:00] [5208:7148] [FcVpnSched  88   debug] default msg 26
[2026-04-11 19:17:02.6707603 UTC-05:00] [5208:7148] [FcVpnSched  88   debug] default msg 26
[2026-04-11 19:17:02.6729560 UTC-05:00] [5208:7148] [FcVpnSched  88   debug] default msg 26
[2026-04-11 19:17:02.6750070 UTC-05:00] [5208:7148] [FcVpnSched  88   debug] default msg 26
[2026-04-11 19:17:02.6771002 UTC-05:00] [5208:7148] [FcVpnSched  88   debug] default msg 26
[2026-04-11 19:17:02.6793393 UTC-05:00] [5208:7148] [FcVpnSched  88   debug] default msg 26
[2026-04-11 19:17:02.6819189 UTC-05:00] [5208:7148] [FcVpnSched  88   debug] default msg 26
[2026-04-11 19:17:02.6840252 UTC-05:00] [5208:7148] [FcVpnSched  88   debug] default msg 26
[2026-04-11 19:17:02.6860642 UTC-05:00] [5208:7148] [FcVpnSched  88   debug] default msg 26
[2026-04-11 19:17:02.6880922 UTC-05:00] [5208:7148] [FcVpnSched  88   debug] default msg 26
[2026-04-11 19:17:02.6900807 UTC-05:00] [5208:7148] [FcVpnSched  88   debug] default msg 26
[2026-04-11 19:17:02.6923995 UTC-05:00] [5208:7148] [FcVpnSched  88   debug] default msg 26
[2026-04-11 19:17:02.6952484 UTC-05:00] [5208:7148] [FcVpnSched  88   debug] default msg 26
[2026-04-11 19:17:02.6978741 UTC-05:00] [5208:7148] [FcVpnSched  88   debug] default msg 26
[2026-04-11 19:17:02.7002049 UTC-05:00] [5208:7148] [FcVpnSched  88   debug] default msg 26
[2026-04-11 19:17:02.7024479 UTC-05:00] [5208:7148] [FcVpnSched  88   debug] default msg 26
[2026-04-11 19:17:02.7047787 UTC-05:00] [5208:7148] [FcVpnSched  88   debug] default msg 26
[2026-04-11 19:17:02.7136597 UTC-05:00] [5208:7148] [FcVpnSched  88   debug] default msg 26
[2026-04-11 19:17:02.7166888 UTC-05:00] [5208:7148] [FcVpnSched  88   debug] default msg 26
[2026-04-11 19:17:02.7199961 UTC-05:00] [5208:7148] [FcVpnSched  88   debug] default msg 26
[2026-04-11 19:17:02.7233745 UTC-05:00] [5208:7148] [FcVpnSched  88   debug] default msg 26
[2026-04-11 19:17:02.7314425 UTC-05:00] [5208:7148] [FcVpnSched  88   debug] default msg 26
[2026-04-11 19:17:02.7353647 UTC-05:00] [5208:7148] [FcVpnSched  88   debug] default msg 26
[2026-04-11 19:17:02.7387562 UTC-05:00] [5208:7148] [FcVpnSched  88   debug] default msg 26
[2026-04-11 19:17:02.7446380 UTC-05:00] [5208:7148] [FcVpnSched  88   debug] default msg 26
[2026-04-11 19:17:02.7484767 UTC-05:00] [5208:7148] [FcVpnSched  88   debug] default msg 26
[2026-04-11 19:17:02.7514892 UTC-05:00] [5208:7148] [FcVpnSched  88   debug] default msg 26
[2026-04-11 19:17:02.7545232 UTC-05:00] [5208:7148] [FcVpnSched  88   debug] default msg 26
[2026-04-11 19:17:02.7576104 UTC-05:00] [5208:7148] [FcVpnSched  88   debug] default msg 26
[2026-04-11 19:17:02.7616899 UTC-05:00] [5208:7148] [FcVpnSched  88   debug] default msg 26
[2026-04-11 19:17:02.7656880 UTC-05:00] [5208:7148] [FcVpnSched  88   debug] default msg 26
[2026-04-11 19:17:02.7684246 UTC-05:00] [5208:7148] [FcVpnSched  88   debug] default msg 26
[2026-04-11 19:17:02.7707244 UTC-05:00] [5208:7148] [FcVpnSched  88   debug] default msg 26
[2026-04-11 19:17:02.7730574 UTC-05:00] [5208:7148] [FcVpnSched  88   debug] default msg 26
[2026-04-11 19:17:02.7753348 UTC-05:00] [5208:7148] [FcVpnSched  88   debug] default msg 26
[2026-04-11 19:17:02.9193258 UTC-05:00] [5208:7148] [FcVpnSched  88   debug] default msg 26
[2026-04-11 19:17:02.9222424 UTC-05:00] [5208:7148] [FcVpnSched  88   debug] default msg 26
[2026-04-11 19:17:02.9248160 UTC-05:00] [5208:7148] [FcVpnSched  88   debug] default msg 26
[2026-04-11 19:17:02.9273230 UTC-05:00] [5208:7148] [FcVpnSched  88   debug] default msg 26
[2026-04-11 19:17:02.9300202 UTC-05:00] [5208:7148] [FcVpnSched  88   debug] default msg 26
[2026-04-11 19:17:02.9328807 UTC-05:00] [5208:7148] [FcVpnSched  88   debug] default msg 26
[2026-04-11 19:17:02.9354861 UTC-05:00] [5208:7148] [FcVpnSched  88   debug] default msg 26
[2026-04-11 19:17:02.9380640 UTC-05:00] [5208:7148] [FcVpnSched  88   debug] default msg 26
[2026-04-11 19:17:02.9405699 UTC-05:00] [5208:7148] [FcVpnSched  88   debug] default msg 26
[2026-04-11 19:17:02.9430351 UTC-05:00] [5208:7148] [FcVpnSched  88   debug] default msg 26
[2026-04-11 19:17:02.9456555 UTC-05:00] [5208:7148] [FcVpnSched  88   debug] default msg 26
[2026-04-11 19:17:02.9487860 UTC-05:00] [5208:7148] [FcVpnSched  88   debug] default msg 26
[2026-04-11 19:17:02.9514577 UTC-05:00] [5208:7148] [FcVpnSched  88   debug] default msg 26
[2026-04-11 19:17:02.9540587 UTC-05:00] [5208:7148] [FcVpnSched  88   debug] default msg 26
[2026-04-11 19:17:02.9567400 UTC-05:00] [5208:7148] [FcVpnSched  88   debug] default msg 26
[2026-04-11 19:17:02.9592266 UTC-05:00] [5208:7148] [FcVpnSched  88   debug] default msg 26
[2026-04-11 19:17:02.9620070 UTC-05:00] [5208:7148] [FcVpnSched  88   debug] default msg 26
[2026-04-11 19:17:02.9644855 UTC-05:00] [5208:7148] [FcVpnSched  88   debug] default msg 26
[2026-04-11 19:17:02.9669272 UTC-05:00] [5208:7148] [FcVpnSched  88   debug] default msg 26
[2026-04-11 19:17:02.9693546 UTC-05:00] [5208:7148] [FcVpnSched  88   debug] default msg 26
[2026-04-11 19:17:02.9717830 UTC-05:00] [5208:7148] [FcVpnSched  88   debug] default msg 26
[2026-04-11 19:17:02.9741860 UTC-05:00] [5208:7148] [FcVpnSched  88   debug] default msg 26
[2026-04-11 19:17:02.9775411 UTC-05:00] [5208:7148] [FcVpnSched  88   debug] default msg 26
[2026-04-11 19:17:02.9804855 UTC-05:00] [5208:7148] [FcVpnSched  88   debug] default msg 26
[2026-04-11 19:17:02.9829421 UTC-05:00] [5208:7148] [FcVpnSched  88   debug] default msg 26
[2026-04-11 19:17:02.9853775 UTC-05:00] [5208:7148] [FcVpnSched  88   debug] default msg 26
[2026-04-11 19:17:02.9877980 UTC-05:00] [5208:7148] [FcVpnSched  88   debug] default msg 26
[2026-04-11 19:17:02.9901515 UTC-05:00] [5208:7148] [FcVpnSched  88   debug] default msg 26
[2026-04-11 19:17:02.9927567 UTC-05:00] [5208:7148] [FcVpnSched  88   debug] default msg 26
[2026-04-11 19:17:02.9953502 UTC-05:00] [5208:7148] [FcVpnSched  88   debug] default msg 26
[2026-04-11 19:17:02.9978461 UTC-05:00] [5208:7148] [FcVpnSched  88   debug] default msg 26
[2026-04-11 19:17:03.0002586 UTC-05:00] [5208:7148] [FcVpnSched  88   debug] default msg 26
[2026-04-11 19:54:45.4854081 UTC-05:00] [5208:7148] [FcVpnSched  88   debug] default msg 26
[2026-04-11 19:54:45.7229745 UTC-05:00] [5208:7148] [FcVpnSched  88   debug] default msg 26
[2026-04-11 19:54:45.9743318 UTC-05:00] [5208:7148] [FcVpnSched  88   debug] default msg 26
[2026-04-11 19:54:46.2805905 UTC-05:00] [5208:7148] [FcVpnSched  88   debug] default msg 26
[2026-04-11 19:54:46.5003821 UTC-05:00] [5208:7148] [FcVpnSched  88   debug] default msg 26
[2026-04-11 19:54:46.9525008 UTC-05:00] [5208:7148] [FcVpnSched  88   debug] default msg 26
[2026-04-11 19:54:47.3441896 UTC-05:00] [5208:7148] [FcVpnSched  88   debug] default msg 26
[2026-04-11 19:54:47.6485643 UTC-05:00] [5208:7148] [FcVpnSched  88   debug] default msg 26
[2026-04-11 19:55:51.0031707 UTC-05:00] [5208:7148] [FcVpnSched  88   debug] default msg 26
[2026-04-11 19:55:51.2955634 UTC-05:00] [5208:7148] [FcVpnSched  88   debug] default msg 26
[2026-04-11 21:02:45.5901246 UTC-05:00] [5208:7148] [FcVpnSched  88   debug] default msg 26
[2026-04-11 21:02:45.8314912 UTC-05:00] [5208:7148] [FcVpnSched  88   debug] default msg 26
[2026-04-11 21:02:46.0728580 UTC-05:00] [5208:7148] [FcVpnSched  88   debug] default msg 26
[2026-04-11 21:02:48.0383161 UTC-05:00] [5208:7148] [FcVpnSched  88   debug] default msg 26
[2026-04-11 21:02:48.2599712 UTC-05:00] [5208:7148] [FcVpnSched  88   debug] default msg 26
[2026-04-11 21:02:48.6934513 UTC-05:00] [5208:7148] [FcVpnSched  88   debug] default msg 26
[2026-04-11 21:02:49.0912489 UTC-05:00] [5208:7148] [FcVpnSched  88   debug] default msg 26
[2026-04-11 21:02:49.4326181 UTC-05:00] [5208:7148] [FcVpnSched  88   debug] default msg 26
[2026-04-11 21:47:51.1701530 UTC-05:00] [5208:7148] [FcVpnSched  88   debug] default msg 26
[2026-04-11 21:47:51.4886852 UTC-05:00] [5208:7148] [FcVpnSched  88   debug] default msg 26
[2026-04-11 22:10:45.2581068 UTC-05:00] [5208:7148] [FcVpnSched  88   debug] default msg 26
[2026-04-11 22:10:45.4932236 UTC-05:00] [5208:7148] [FcVpnSched  88   debug] default msg 26
[2026-04-11 22:10:45.7576734 UTC-05:00] [5208:7148] [FcVpnSched  88   debug] default msg 26
[2026-04-11 22:10:46.0639728 UTC-05:00] [5208:7148] [FcVpnSched  88   debug] default msg 26
[2026-04-11 22:10:46.2996552 UTC-05:00] [5208:7148] [FcVpnSched  88   debug] default msg 26
[2026-04-11 22:10:46.7306905 UTC-05:00] [5208:7148] [FcVpnSched  88   debug] default msg 26
[2026-04-11 22:10:47.1313145 UTC-05:00] [5208:7148] [FcVpnSched  88   debug] default msg 26
[2026-04-11 22:10:47.4367898 UTC-05:00] [5208:7148] [FcVpnSched  88   debug] default msg 26
[2026-04-11 23:07:02.2145583 UTC-05:00] [5208:7148] [FcVpnSched  88   debug] default msg 30
[2026-04-11 23:07:02.3213816 UTC-05:00] [5208:7148] [FcVpnSched  88   debug] default msg 26
[2026-04-11 23:07:02.3239667 UTC-05:00] [5208:7148] [FcVpnSched  88   debug] default msg 26
[2026-04-11 23:07:02.3262415 UTC-05:00] [5208:7148] [FcVpnSched  88   debug] default msg 26
[2026-04-11 23:07:02.3287059 UTC-05:00] [5208:7148] [FcVpnSched  88   debug] default msg 26
[2026-04-11 23:07:02.3319023 UTC-05:00] [5208:7148] [FcVpnSched  88   debug] default msg 26
[2026-04-11 23:07:02.3345585 UTC-05:00] [5208:7148] [FcVpnSched  88   debug] default msg 26
[2026-04-11 23:07:02.3368494 UTC-05:00] [5208:7148] [FcVpnSched  88   debug] default msg 26
[2026-04-11 23:07:02.3390725 UTC-05:00] [5208:7148] [FcVpnSched  88   debug] default msg 26
[2026-04-11 23:07:02.3412937 UTC-05:00] [5208:7148] [FcVpnSched  88   debug] default msg 26
[2026-04-11 23:07:02.3436581 UTC-05:00] [5208:7148] [FcVpnSched  88   debug] default msg 26
[2026-04-11 23:07:02.3461195 UTC-05:00] [5208:7148] [FcVpnSched  88   debug] default msg 26
[2026-04-11 23:07:02.3484248 UTC-05:00] [5208:7148] [FcVpnSched  88   debug] default msg 26
[2026-04-11 23:07:02.3506806 UTC-05:00] [5208:7148] [FcVpnSched  88   debug] default msg 26
[2026-04-11 23:07:02.3529232 UTC-05:00] [5208:7148] [FcVpnSched  88   debug] default msg 26
[2026-04-11 23:07:02.3551873 UTC-05:00] [5208:7148] [FcVpnSched  88   debug] default msg 26
[2026-04-11 23:07:02.3574656 UTC-05:00] [5208:7148] [FcVpnSched  88   debug] default msg 26
[2026-04-11 23:07:02.3598822 UTC-05:00] [5208:7148] [FcVpnSched  88   debug] default msg 26
[2026-04-11 23:07:02.3630013 UTC-05:00] [5208:7148] [FcVpnSched  88   debug] default msg 26
[2026-04-11 23:07:02.3656484 UTC-05:00] [5208:7148] [FcVpnSched  88   debug] default msg 26
[2026-04-11 23:07:02.3681769 UTC-05:00] [5208:7148] [FcVpnSched  88   debug] default msg 26
[2026-04-11 23:07:02.3706466 UTC-05:00] [5208:7148] [FcVpnSched  88   debug] default msg 26
[2026-04-11 23:07:02.3730937 UTC-05:00] [5208:7148] [FcVpnSched  88   debug] default msg 26
[2026-04-11 23:07:02.3774715 UTC-05:00] [5208:7148] [FcVpnSched  88   debug] default msg 26
[2026-04-11 23:07:02.3808031 UTC-05:00] [5208:7148] [FcVpnSched  88   debug] default msg 26
[2026-04-11 23:07:02.3833873 UTC-05:00] [5208:7148] [FcVpnSched  88   debug] default msg 26
[2026-04-11 23:07:02.3858806 UTC-05:00] [5208:7148] [FcVpnSched  88   debug] default msg 26
[2026-04-11 23:07:02.3883504 UTC-05:00] [5208:7148] [FcVpnSched  88   debug] default msg 26
[2026-04-11 23:07:02.3909947 UTC-05:00] [5208:7148] [FcVpnSched  88   debug] default msg 26
[2026-04-11 23:07:02.3940526 UTC-05:00] [5208:7148] [FcVpnSched  88   debug] default msg 26
[2026-04-11 23:07:02.3967673 UTC-05:00] [5208:7148] [FcVpnSched  88   debug] default msg 26
[2026-04-11 23:07:02.3993106 UTC-05:00] [5208:7148] [FcVpnSched  88   debug] default msg 26
[2026-04-11 23:07:02.4018362 UTC-05:00] [5208:7148] [FcVpnSched  88   debug] default msg 26
[2026-04-11 23:07:02.4043843 UTC-05:00] [5208:7148] [FcVpnSched  88   debug] default msg 26
[2026-04-11 23:07:02.4070977 UTC-05:00] [5208:7148] [FcVpnSched  88   debug] default msg 26
[2026-04-11 23:07:02.4102672 UTC-05:00] [5208:7148] [FcVpnSched  88   debug] default msg 26
[2026-04-11 23:07:02.4128928 UTC-05:00] [5208:7148] [FcVpnSched  88   debug] default msg 26
[2026-04-11 23:07:02.4153824 UTC-05:00] [5208:7148] [FcVpnSched  88   debug] default msg 26
[2026-04-11 23:07:02.4178547 UTC-05:00] [5208:7148] [FcVpnSched  88   debug] default msg 26
[2026-04-11 23:07:02.4203462 UTC-05:00] [5208:7148] [FcVpnSched  88   debug] default msg 26
[2026-04-11 23:07:02.4234867 UTC-05:00] [5208:7148] [FcVpnSched  88   debug] default msg 26
[2026-04-11 23:07:02.4262447 UTC-05:00] [5208:7148] [FcVpnSched  88   debug] default msg 26
[2026-04-11 23:07:02.4295788 UTC-05:00] [5208:7148] [FcVpnSched  88   debug] default msg 26
[2026-04-11 23:07:02.4320647 UTC-05:00] [5208:7148] [FcVpnSched  88   debug] default msg 26
[2026-04-11 23:07:02.4344838 UTC-05:00] [5208:7148] [FcVpnSched  88   debug] default msg 26
[2026-04-11 23:07:02.4368364 UTC-05:00] [5208:7148] [FcVpnSched  88   debug] default msg 26
[2026-04-11 23:07:02.4398602 UTC-05:00] [5208:7148] [FcVpnSched  88   debug] default msg 26
[2026-04-11 23:07:02.4431161 UTC-05:00] [5208:7148] [FcVpnSched  88   debug] default msg 26
[2026-04-11 23:07:02.4456393 UTC-05:00] [5208:7148] [FcVpnSched  88   debug] default msg 26
[2026-04-11 23:07:02.4480191 UTC-05:00] [5208:7148] [FcVpnSched  88   debug] default msg 26
[2026-04-11 23:07:02.4502952 UTC-05:00] [5208:7148] [FcVpnSched  88   debug] default msg 26
[2026-04-11 23:07:02.4524762 UTC-05:00] [5208:7148] [FcVpnSched  88   debug] default msg 26
[2026-04-11 23:07:02.4548476 UTC-05:00] [5208:7148] [FcVpnSched  88   debug] default msg 26
[2026-04-11 23:07:02.4572037 UTC-05:00] [5208:7148] [FcVpnSched  88   debug] default msg 26
[2026-04-11 23:07:02.4594949 UTC-05:00] [5208:7148] [FcVpnSched  88   debug] default msg 26
[2026-04-11 23:07:02.4616776 UTC-05:00] [5208:7148] [FcVpnSched  88   debug] default msg 26
[2026-04-11 23:07:02.4639260 UTC-05:00] [5208:7148] [FcVpnSched  88   debug] default msg 26
[2026-04-11 23:07:02.6038494 UTC-05:00] [5208:7148] [FcVpnSched  88   debug] default msg 26
[2026-04-11 23:07:02.6067102 UTC-05:00] [5208:7148] [FcVpnSched  88   debug] default msg 26
[2026-04-11 23:07:02.6092938 UTC-05:00] [5208:7148] [FcVpnSched  88   debug] default msg 26
[2026-04-11 23:07:02.6118479 UTC-05:00] [5208:7148] [FcVpnSched  88   debug] default msg 26
[2026-04-11 23:07:02.6145424 UTC-05:00] [5208:7148] [FcVpnSched  88   debug] default msg 26
[2026-04-11 23:07:02.6177266 UTC-05:00] [5208:7148] [FcVpnSched  88   debug] default msg 26
[2026-04-11 23:07:02.6203660 UTC-05:00] [5208:7148] [FcVpnSched  88   debug] default msg 26
[2026-04-11 23:07:02.6229077 UTC-05:00] [5208:7148] [FcVpnSched  88   debug] default msg 26
[2026-04-11 23:07:02.6254703 UTC-05:00] [5208:7148] [FcVpnSched  88   debug] default msg 26
[2026-04-11 23:07:02.6279207 UTC-05:00] [5208:7148] [FcVpnSched  88   debug] default msg 26
[2026-04-11 23:07:02.6305232 UTC-05:00] [5208:7148] [FcVpnSched  88   debug] default msg 26
[2026-04-11 23:07:02.6330561 UTC-05:00] [5208:7148] [FcVpnSched  88   debug] default msg 26
[2026-04-11 23:07:02.6353843 UTC-05:00] [5208:7148] [FcVpnSched  88   debug] default msg 26
[2026-04-11 23:07:02.6376498 UTC-05:00] [5208:7148] [FcVpnSched  88   debug] default msg 26
[2026-04-11 23:07:02.6399145 UTC-05:00] [5208:7148] [FcVpnSched  88   debug] default msg 26
[2026-04-11 23:07:02.6421624 UTC-05:00] [5208:7148] [FcVpnSched  88   debug] default msg 26
[2026-04-11 23:07:02.6443906 UTC-05:00] [5208:7148] [FcVpnSched  88   debug] default msg 26
[2026-04-11 23:07:02.6483965 UTC-05:00] [5208:7148] [FcVpnSched  88   debug] default msg 26
[2026-04-11 23:07:02.6514543 UTC-05:00] [5208:7148] [FcVpnSched  88   debug] default msg 26
[2026-04-11 23:07:02.6539731 UTC-05:00] [5208:7148] [FcVpnSched  88   debug] default msg 26
[2026-04-11 23:07:02.6565627 UTC-05:00] [5208:7148] [FcVpnSched  88   debug] default msg 26
[2026-04-11 23:07:02.6593333 UTC-05:00] [5208:7148] [FcVpnSched  88   debug] default msg 26
[2026-04-11 23:07:02.6624681 UTC-05:00] [5208:7148] [FcVpnSched  88   debug] default msg 26
[2026-04-11 23:07:02.6651159 UTC-05:00] [5208:7148] [FcVpnSched  88   debug] default msg 26
[2026-04-11 23:07:02.6674515 UTC-05:00] [5208:7148] [FcVpnSched  88   debug] default msg 26
[2026-04-11 23:07:02.6697462 UTC-05:00] [5208:7148] [FcVpnSched  88   debug] default msg 26
[2026-04-11 23:07:02.6720540 UTC-05:00] [5208:7148] [FcVpnSched  88   debug] default msg 26
[2026-04-11 23:07:02.6742936 UTC-05:00] [5208:7148] [FcVpnSched  88   debug] default msg 26
[2026-04-11 23:07:02.6770054 UTC-05:00] [5208:7148] [FcVpnSched  88   debug] default msg 26
[2026-04-11 23:07:02.6801209 UTC-05:00] [5208:7148] [FcVpnSched  88   debug] default msg 26
[2026-04-11 23:07:02.6833419 UTC-05:00] [5208:7148] [FcVpnSched  88   debug] default msg 26
[2026-04-11 23:07:02.6860875 UTC-05:00] [5208:7148] [FcVpnSched  88   debug] default msg 26
[2026-04-11 23:14:01.6932230 UTC-05:00] [5208:7148] [FcVpnSched  88   debug] default msg 30
[2026-04-11 23:14:01.7847647 UTC-05:00] [5208:7148] [FcVpnSched  88   debug] default msg 26
[2026-04-11 23:14:01.7884496 UTC-05:00] [5208:7148] [FcVpnSched  88   debug] default msg 26
[2026-04-11 23:14:01.7920763 UTC-05:00] [5208:7148] [FcVpnSched  88   debug] default msg 26
[2026-04-11 23:14:01.7950441 UTC-05:00] [5208:7148] [FcVpnSched  88   debug] default msg 26
[2026-04-11 23:14:01.7973889 UTC-05:00] [5208:7148] [FcVpnSched  88   debug] default msg 26
[2026-04-11 23:14:01.7999533 UTC-05:00] [5208:7148] [FcVpnSched  88   debug] default msg 26
[2026-04-11 23:14:01.8026075 UTC-05:00] [5208:7148] [FcVpnSched  88   debug] default msg 26
[2026-04-11 23:14:01.8050215 UTC-05:00] [5208:7148] [FcVpnSched  88   debug] default msg 26
[2026-04-11 23:14:01.8073912 UTC-05:00] [5208:7148] [FcVpnSched  88   debug] default msg 26
[2026-04-11 23:14:01.8098495 UTC-05:00] [5208:7148] [FcVpnSched  88   debug] default msg 26
[2026-04-11 23:14:01.8122323 UTC-05:00] [5208:7148] [FcVpnSched  88   debug] default msg 26
[2026-04-11 23:14:01.8147534 UTC-05:00] [5208:7148] [FcVpnSched  88   debug] default msg 26
[2026-04-11 23:14:01.8173110 UTC-05:00] [5208:7148] [FcVpnSched  88   debug] default msg 26
[2026-04-11 23:14:01.8194976 UTC-05:00] [5208:7148] [FcVpnSched  88   debug] default msg 26
[2026-04-11 23:14:01.8216869 UTC-05:00] [5208:7148] [FcVpnSched  88   debug] default msg 26
[2026-04-11 23:14:01.8238271 UTC-05:00] [5208:7148] [FcVpnSched  88   debug] default msg 26
[2026-04-11 23:14:01.8259560 UTC-05:00] [5208:7148] [FcVpnSched  88   debug] default msg 26
[2026-04-11 23:14:01.8281160 UTC-05:00] [5208:7148] [FcVpnSched  88   debug] default msg 26
[2026-04-11 23:14:01.8302748 UTC-05:00] [5208:7148] [FcVpnSched  88   debug] default msg 26
[2026-04-11 23:14:01.8325388 UTC-05:00] [5208:7148] [FcVpnSched  88   debug] default msg 26
[2026-04-11 23:14:01.8347310 UTC-05:00] [5208:7148] [FcVpnSched  88   debug] default msg 26
[2026-04-11 23:14:01.8368990 UTC-05:00] [5208:7148] [FcVpnSched  88   debug] default msg 26
[2026-04-11 23:14:01.8390302 UTC-05:00] [5208:7148] [FcVpnSched  88   debug] default msg 26
[2026-04-11 23:14:01.8412466 UTC-05:00] [5208:7148] [FcVpnSched  88   debug] default msg 26
[2026-04-11 23:14:01.8433970 UTC-05:00] [5208:7148] [FcVpnSched  88   debug] default msg 26
[2026-04-11 23:14:01.8459761 UTC-05:00] [5208:7148] [FcVpnSched  88   debug] default msg 26
[2026-04-11 23:14:01.8489627 UTC-05:00] [5208:7148] [FcVpnSched  88   debug] default msg 26
[2026-04-11 23:14:01.8513264 UTC-05:00] [5208:7148] [FcVpnSched  88   debug] default msg 26
[2026-04-11 23:14:01.8535981 UTC-05:00] [5208:7148] [FcVpnSched  88   debug] default msg 26
[2026-04-11 23:14:01.8558965 UTC-05:00] [5208:7148] [FcVpnSched  88   debug] default msg 26
[2026-04-11 23:14:01.8581493 UTC-05:00] [5208:7148] [FcVpnSched  88   debug] default msg 26
[2026-04-11 23:14:01.8604138 UTC-05:00] [5208:7148] [FcVpnSched  88   debug] default msg 26
[2026-04-11 23:14:01.8630981 UTC-05:00] [5208:7148] [FcVpnSched  88   debug] default msg 26
[2026-04-11 23:14:01.8656119 UTC-05:00] [5208:7148] [FcVpnSched  88   debug] default msg 26
[2026-04-11 23:14:01.8677560 UTC-05:00] [5208:7148] [FcVpnSched  88   debug] default msg 26
[2026-04-11 23:14:01.8698320 UTC-05:00] [5208:7148] [FcVpnSched  88   debug] default msg 26
[2026-04-11 23:14:01.8719129 UTC-05:00] [5208:7148] [FcVpnSched  88   debug] default msg 26
[2026-04-11 23:14:01.8739736 UTC-05:00] [5208:7148] [FcVpnSched  88   debug] default msg 26
[2026-04-11 23:14:01.8760030 UTC-05:00] [5208:7148] [FcVpnSched  88   debug] default msg 26
[2026-04-11 23:14:01.8783084 UTC-05:00] [5208:7148] [FcVpnSched  88   debug] default msg 26
[2026-04-11 23:14:01.8804749 UTC-05:00] [5208:7148] [FcVpnSched  88   debug] default msg 26
[2026-04-11 23:14:01.8825313 UTC-05:00] [5208:7148] [FcVpnSched  88   debug] default msg 26
[2026-04-11 23:14:01.8846969 UTC-05:00] [5208:7148] [FcVpnSched  88   debug] default msg 26
[2026-04-11 23:14:01.8867460 UTC-05:00] [5208:7148] [FcVpnSched  88   debug] default msg 26
[2026-04-11 23:14:01.8887896 UTC-05:00] [5208:7148] [FcVpnSched  88   debug] default msg 26
[2026-04-11 23:14:01.8908578 UTC-05:00] [5208:7148] [FcVpnSched  88   debug] default msg 26
[2026-04-11 23:14:01.8930784 UTC-05:00] [5208:7148] [FcVpnSched  88   debug] default msg 26
[2026-04-11 23:14:01.8953237 UTC-05:00] [5208:7148] [FcVpnSched  88   debug] default msg 26
[2026-04-11 23:14:01.8974547 UTC-05:00] [5208:7148] [FcVpnSched  88   debug] default msg 26
[2026-04-11 23:14:01.8995066 UTC-05:00] [5208:7148] [FcVpnSched  88   debug] default msg 26
[2026-04-11 23:14:01.9016370 UTC-05:00] [5208:7148] [FcVpnSched  88   debug] default msg 26
[2026-04-11 23:14:01.9036752 UTC-05:00] [5208:7148] [FcVpnSched  88   debug] default msg 26
[2026-04-11 23:14:01.9057733 UTC-05:00] [5208:7148] [FcVpnSched  88   debug] default msg 26
[2026-04-11 23:14:01.9077965 UTC-05:00] [5208:7148] [FcVpnSched  88   debug] default msg 26
[2026-04-11 23:14:01.9110460 UTC-05:00] [5208:7148] [FcVpnSched  88   debug] default msg 26
[2026-04-11 23:14:01.9152473 UTC-05:00] [5208:7148] [FcVpnSched  88   debug] default msg 26
[2026-04-11 23:14:02.0553808 UTC-05:00] [5208:7148] [FcVpnSched  88   debug] default msg 26
[2026-04-11 23:14:02.0582512 UTC-05:00] [5208:7148] [FcVpnSched  88   debug] default msg 26
[2026-04-11 23:14:02.0608533 UTC-05:00] [5208:7148] [FcVpnSched  88   debug] default msg 26
[2026-04-11 23:14:02.0634582 UTC-05:00] [5208:7148] [FcVpnSched  88   debug] default msg 26
[2026-04-11 23:14:02.0659647 UTC-05:00] [5208:7148] [FcVpnSched  88   debug] default msg 26
[2026-04-11 23:14:02.0797951 UTC-05:00] [5208:7148] [FcVpnSched  88   debug] default msg 26
[2026-04-11 23:14:02.0840140 UTC-05:00] [5208:7148] [FcVpnSched  88   debug] default msg 26
[2026-04-11 23:14:02.0871772 UTC-05:00] [5208:7148] [FcVpnSched  88   debug] default msg 26
[2026-04-11 23:14:02.0896844 UTC-05:00] [5208:7148] [FcVpnSched  88   debug] default msg 26
[2026-04-11 23:14:02.0921472 UTC-05:00] [5208:7148] [FcVpnSched  88   debug] default msg 26
[2026-04-11 23:14:02.0945986 UTC-05:00] [5208:7148] [FcVpnSched  88   debug] default msg 26
[2026-04-11 23:14:02.0969925 UTC-05:00] [5208:7148] [FcVpnSched  88   debug] default msg 26
[2026-04-11 23:14:02.0994118 UTC-05:00] [5208:7148] [FcVpnSched  88   debug] default msg 26
[2026-04-11 23:14:02.1020896 UTC-05:00] [5208:7148] [FcVpnSched  88   debug] default msg 26
[2026-04-11 23:14:02.1046432 UTC-05:00] [5208:7148] [FcVpnSched  88   debug] default msg 26
[2026-04-11 23:14:02.1071642 UTC-05:00] [5208:7148] [FcVpnSched  88   debug] default msg 26
[2026-04-11 23:14:02.1095943 UTC-05:00] [5208:7148] [FcVpnSched  88   debug] default msg 26
[2026-04-11 23:14:02.1120887 UTC-05:00] [5208:7148] [FcVpnSched  88   debug] default msg 26
[2026-04-11 23:14:02.1145350 UTC-05:00] [5208:7148] [FcVpnSched  88   debug] default msg 26
[2026-04-11 23:14:02.1171733 UTC-05:00] [5208:7148] [FcVpnSched  88   debug] default msg 26
[2026-04-11 23:14:02.1196430 UTC-05:00] [5208:7148] [FcVpnSched  88   debug] default msg 26
[2026-04-11 23:14:02.1220901 UTC-05:00] [5208:7148] [FcVpnSched  88   debug] default msg 26
[2026-04-11 23:14:02.1243694 UTC-05:00] [5208:7148] [FcVpnSched  88   debug] default msg 26
[2026-04-11 23:14:02.1266018 UTC-05:00] [5208:7148] [FcVpnSched  88   debug] default msg 26
[2026-04-11 23:14:02.1288113 UTC-05:00] [5208:7148] [FcVpnSched  88   debug] default msg 26
[2026-04-11 23:14:02.1311813 UTC-05:00] [5208:7148] [FcVpnSched  88   debug] default msg 26
[2026-04-11 23:14:02.1335699 UTC-05:00] [5208:7148] [FcVpnSched  88   debug] default msg 26
[2026-04-11 23:14:02.1359356 UTC-05:00] [5208:7148] [FcVpnSched  88   debug] default msg 26
[2026-04-11 23:14:02.1382231 UTC-05:00] [5208:7148] [FcVpnSched  88   debug] default msg 26
[2026-04-11 23:14:02.1406677 UTC-05:00] [5208:7148] [FcVpnSched  88   debug] default msg 26
[2026-04-11 23:14:02.1431493 UTC-05:00] [5208:7148] [FcVpnSched  88   debug] default msg 26
[2026-04-11 23:14:02.1454468 UTC-05:00] [5208:7148] [FcVpnSched  88   debug] default msg 26
[2026-04-11 23:18:45.4492414 UTC-05:00] [5208:7148] [FcVpnSched  88   debug] default msg 26
[2026-04-11 23:18:45.6858786 UTC-05:00] [5208:7148] [FcVpnSched  88   debug] default msg 26
[2026-04-11 23:18:45.9692277 UTC-05:00] [5208:7148] [FcVpnSched  88   debug] default msg 26
[2026-04-11 23:18:46.3050730 UTC-05:00] [5208:7148] [FcVpnSched  88   debug] default msg 26
[2026-04-11 23:18:46.5334759 UTC-05:00] [5208:7148] [FcVpnSched  88   debug] default msg 26
[2026-04-11 23:18:46.9704241 UTC-05:00] [5208:7148] [FcVpnSched  88   debug] default msg 26
[2026-04-11 23:18:47.3751090 UTC-05:00] [5208:7148] [FcVpnSched  88   debug] default msg 26
[2026-04-11 23:18:47.6828384 UTC-05:00] [5208:7148] [FcVpnSched  88   debug] default msg 26
[2026-04-11 23:39:51.4870928 UTC-05:00] [5208:7148] [FcVpnSched  88   debug] default msg 26
[2026-04-11 23:39:51.7693184 UTC-05:00] [5208:7148] [FcVpnSched  88   debug] default msg 26
[2026-04-12 00:26:45.6335471 UTC-05:00] [5208:7148] [FcVpnSched  88   debug] default msg 26
[2026-04-12 00:26:45.8672338 UTC-05:00] [5208:7148] [FcVpnSched  88   debug] default msg 26
[2026-04-12 00:26:46.1098300 UTC-05:00] [5208:7148] [FcVpnSched  88   debug] default msg 26
[2026-04-12 00:26:46.4140993 UTC-05:00] [5208:7148] [FcVpnSched  88   debug] default msg 26
[2026-04-12 00:26:46.6360113 UTC-05:00] [5208:7148] [FcVpnSched  88   debug] default msg 26
[2026-04-12 00:26:47.0643914 UTC-05:00] [5208:7148] [FcVpnSched  88   debug] default msg 26
[2026-04-12 00:26:47.4858844 UTC-05:00] [5208:7148] [FcVpnSched  88   debug] default msg 26
[2026-04-12 00:26:47.7957896 UTC-05:00] [5208:7148] [FcVpnSched  88   debug] default msg 26
[2026-04-12 01:31:51.8383512 UTC-05:00] [5208:7148] [FcVpnSched  88   debug] default msg 26
[2026-04-12 01:31:52.1612806 UTC-05:00] [5208:7148] [FcVpnSched  88   debug] default msg 26
[2026-04-12 01:34:45.3519636 UTC-05:00] [5208:7148] [FcVpnSched  88   debug] default msg 26
[2026-04-12 01:34:45.5938250 UTC-05:00] [5208:7148] [FcVpnSched  88   debug] default msg 26
[2026-04-12 01:34:45.8382772 UTC-05:00] [5208:7148] [FcVpnSched  88   debug] default msg 26
[2026-04-12 01:34:46.1965509 UTC-05:00] [5208:7148] [FcVpnSched  88   debug] default msg 26
[2026-04-12 01:34:46.4366333 UTC-05:00] [5208:7148] [FcVpnSched  88   debug] default msg 26
[2026-04-12 01:34:46.8833918 UTC-05:00] [5208:7148] [FcVpnSched  88   debug] default msg 26
[2026-04-12 01:34:47.3065183 UTC-05:00] [5208:7148] [FcVpnSched  88   debug] default msg 26
[2026-04-12 01:34:47.6336391 UTC-05:00] [5208:7148] [FcVpnSched  88   debug] default msg 26
[2026-04-12 02:42:45.5824708 UTC-05:00] [5208:7148] [FcVpnSched  88   debug] default msg 26
[2026-04-12 02:42:45.8153103 UTC-05:00] [5208:7148] [FcVpnSched  88   debug] default msg 26
[2026-04-12 02:42:46.0679769 UTC-05:00] [5208:7148] [FcVpnSched  88   debug] default msg 26
[2026-04-12 02:42:46.3818821 UTC-05:00] [5208:7148] [FcVpnSched  88   debug] default msg 26
[2026-04-12 02:42:46.6013991 UTC-05:00] [5208:7148] [FcVpnSched  88   debug] default msg 26
[2026-04-12 02:42:47.0352233 UTC-05:00] [5208:7148] [FcVpnSched  88   debug] default msg 26
[2026-04-12 02:42:47.4400873 UTC-05:00] [5208:7148] [FcVpnSched  88   debug] default msg 26
[2026-04-12 02:42:47.7373135 UTC-05:00] [5208:7148] [FcVpnSched  88   debug] default msg 26
[2026-04-12 02:57:02.2577720 UTC-05:00] [5208:7148] [FcVpnSched  88   debug] default msg 30
[2026-04-12 02:57:02.3567062 UTC-05:00] [5208:7148] [FcVpnSched  88   debug] default msg 26
[2026-04-12 02:57:02.3621516 UTC-05:00] [5208:7148] [FcVpnSched  88   debug] default msg 26
[2026-04-12 02:57:02.3648644 UTC-05:00] [5208:7148] [FcVpnSched  88   debug] default msg 26
[2026-04-12 02:57:02.3674255 UTC-05:00] [5208:7148] [FcVpnSched  88   debug] default msg 26
[2026-04-12 02:57:02.3698740 UTC-05:00] [5208:7148] [FcVpnSched  88   debug] default msg 26
[2026-04-12 02:57:02.3723177 UTC-05:00] [5208:7148] [FcVpnSched  88   debug] default msg 26
[2026-04-12 02:57:02.3747635 UTC-05:00] [5208:7148] [FcVpnSched  88   debug] default msg 26
[2026-04-12 02:57:02.3772358 UTC-05:00] [5208:7148] [FcVpnSched  88   debug] default msg 26
[2026-04-12 02:57:02.3799157 UTC-05:00] [5208:7148] [FcVpnSched  88   debug] default msg 26
[2026-04-12 02:57:02.3827344 UTC-05:00] [5208:7148] [FcVpnSched  88   debug] default msg 26
[2026-04-12 02:57:02.3852291 UTC-05:00] [5208:7148] [FcVpnSched  88   debug] default msg 26
[2026-04-12 02:57:02.3875176 UTC-05:00] [5208:7148] [FcVpnSched  88   debug] default msg 26
[2026-04-12 02:57:02.3897901 UTC-05:00] [5208:7148] [FcVpnSched  88   debug] default msg 26
[2026-04-12 02:57:02.3920881 UTC-05:00] [5208:7148] [FcVpnSched  88   debug] default msg 26
[2026-04-12 02:57:02.3943532 UTC-05:00] [5208:7148] [FcVpnSched  88   debug] default msg 26
[2026-04-12 02:57:02.3968017 UTC-05:00] [5208:7148] [FcVpnSched  88   debug] default msg 26
[2026-04-12 02:57:02.3991915 UTC-05:00] [5208:7148] [FcVpnSched  88   debug] default msg 26
[2026-04-12 02:57:02.4015945 UTC-05:00] [5208:7148] [FcVpnSched  88   debug] default msg 26
[2026-04-12 02:57:02.4039960 UTC-05:00] [5208:7148] [FcVpnSched  88   debug] default msg 26
[2026-04-12 02:57:02.4062887 UTC-05:00] [5208:7148] [FcVpnSched  88   debug] default msg 26
[2026-04-12 02:57:02.4085850 UTC-05:00] [5208:7148] [FcVpnSched  88   debug] default msg 26
[2026-04-12 02:57:02.4110597 UTC-05:00] [5208:7148] [FcVpnSched  88   debug] default msg 26
[2026-04-12 02:57:02.4138029 UTC-05:00] [5208:7148] [FcVpnSched  88   debug] default msg 26
[2026-04-12 02:57:02.4162008 UTC-05:00] [5208:7148] [FcVpnSched  88   debug] default msg 26
[2026-04-12 02:57:02.4186130 UTC-05:00] [5208:7148] [FcVpnSched  88   debug] default msg 26
[2026-04-12 02:57:02.4209575 UTC-05:00] [5208:7148] [FcVpnSched  88   debug] default msg 26
[2026-04-12 02:57:02.4232895 UTC-05:00] [5208:7148] [FcVpnSched  88   debug] default msg 26
[2026-04-12 02:57:02.4255947 UTC-05:00] [5208:7148] [FcVpnSched  88   debug] default msg 26
[2026-04-12 02:57:02.4280392 UTC-05:00] [5208:7148] [FcVpnSched  88   debug] default msg 26
[2026-04-12 02:57:02.4303713 UTC-05:00] [5208:7148] [FcVpnSched  88   debug] default msg 26
[2026-04-12 02:57:02.4323947 UTC-05:00] [5208:7148] [FcVpnSched  88   debug] default msg 26
[2026-04-12 02:57:02.4344145 UTC-05:00] [5208:7148] [FcVpnSched  88   debug] default msg 26
[2026-04-12 02:57:02.4364794 UTC-05:00] [5208:7148] [FcVpnSched  88   debug] default msg 26
[2026-04-12 02:57:02.4384668 UTC-05:00] [5208:7148] [FcVpnSched  88   debug] default msg 26
[2026-04-12 02:57:02.4404067 UTC-05:00] [5208:7148] [FcVpnSched  88   debug] default msg 26
[2026-04-12 02:57:02.4427772 UTC-05:00] [5208:7148] [FcVpnSched  88   debug] default msg 26
[2026-04-12 02:57:02.4453141 UTC-05:00] [5208:7148] [FcVpnSched  88   debug] default msg 26
[2026-04-12 02:57:02.4475443 UTC-05:00] [5208:7148] [FcVpnSched  88   debug] default msg 26
[2026-04-12 02:57:02.4497332 UTC-05:00] [5208:7148] [FcVpnSched  88   debug] default msg 26
[2026-04-12 02:57:02.4519431 UTC-05:00] [5208:7148] [FcVpnSched  88   debug] default msg 26
[2026-04-12 02:57:02.4541234 UTC-05:00] [5208:7148] [FcVpnSched  88   debug] default msg 26
[2026-04-12 02:57:02.4563279 UTC-05:00] [5208:7148] [FcVpnSched  88   debug] default msg 26
[2026-04-12 02:57:02.4586206 UTC-05:00] [5208:7148] [FcVpnSched  88   debug] default msg 26
[2026-04-12 02:57:02.4608736 UTC-05:00] [5208:7148] [FcVpnSched  88   debug] default msg 26
[2026-04-12 02:57:02.4630585 UTC-05:00] [5208:7148] [FcVpnSched  88   debug] default msg 26
[2026-04-12 02:57:02.4652042 UTC-05:00] [5208:7148] [FcVpnSched  88   debug] default msg 26
[2026-04-12 02:57:02.4673828 UTC-05:00] [5208:7148] [FcVpnSched  88   debug] default msg 26
[2026-04-12 02:57:02.4695835 UTC-05:00] [5208:7148] [FcVpnSched  88   debug] default msg 26
[2026-04-12 02:57:02.4717371 UTC-05:00] [5208:7148] [FcVpnSched  88   debug] default msg 26
[2026-04-12 02:57:02.4741484 UTC-05:00] [5208:7148] [FcVpnSched  88   debug] default msg 26
[2026-04-12 02:57:02.4770090 UTC-05:00] [5208:7148] [FcVpnSched  88   debug] default msg 26
[2026-04-12 02:57:02.4792846 UTC-05:00] [5208:7148] [FcVpnSched  88   debug] default msg 26
[2026-04-12 02:57:02.4815218 UTC-05:00] [5208:7148] [FcVpnSched  88   debug] default msg 26
[2026-04-12 02:57:02.4836816 UTC-05:00] [5208:7148] [FcVpnSched  88   debug] default msg 26
[2026-04-12 02:57:02.4858465 UTC-05:00] [5208:7148] [FcVpnSched  88   debug] default msg 26
[2026-04-12 02:57:02.4879362 UTC-05:00] [5208:7148] [FcVpnSched  88   debug] default msg 26
[2026-04-12 02:57:02.6351676 UTC-05:00] [5208:7148] [FcVpnSched  88   debug] default msg 26
[2026-04-12 02:57:02.6383248 UTC-05:00] [5208:7148] [FcVpnSched  88   debug] default msg 26
[2026-04-12 02:57:02.6407992 UTC-05:00] [5208:7148] [FcVpnSched  88   debug] default msg 26
[2026-04-12 02:57:02.6431613 UTC-05:00] [5208:7148] [FcVpnSched  88   debug] default msg 26
[2026-04-12 02:57:02.6456628 UTC-05:00] [5208:7148] [FcVpnSched  88   debug] default msg 26
[2026-04-12 02:57:02.6486405 UTC-05:00] [5208:7148] [FcVpnSched  88   debug] default msg 26
[2026-04-12 02:57:02.6518241 UTC-05:00] [5208:7148] [FcVpnSched  88   debug] default msg 26
[2026-04-12 02:57:02.6545837 UTC-05:00] [5208:7148] [FcVpnSched  88   debug] default msg 26
[2026-04-12 02:57:02.6570468 UTC-05:00] [5208:7148] [FcVpnSched  88   debug] default msg 26
[2026-04-12 02:57:02.6594831 UTC-05:00] [5208:7148] [FcVpnSched  88   debug] default msg 26
[2026-04-12 02:57:02.6618347 UTC-05:00] [5208:7148] [FcVpnSched  88   debug] default msg 26
[2026-04-12 02:57:02.6642918 UTC-05:00] [5208:7148] [FcVpnSched  88   debug] default msg 26
[2026-04-12 02:57:02.6671351 UTC-05:00] [5208:7148] [FcVpnSched  88   debug] default msg 26
[2026-04-12 02:57:02.6696960 UTC-05:00] [5208:7148] [FcVpnSched  88   debug] default msg 26
[2026-04-12 02:57:02.6721076 UTC-05:00] [5208:7148] [FcVpnSched  88   debug] default msg 26
[2026-04-12 02:57:02.6745398 UTC-05:00] [5208:7148] [FcVpnSched  88   debug] default msg 26
[2026-04-12 02:57:02.6768906 UTC-05:00] [5208:7148] [FcVpnSched  88   debug] default msg 26
[2026-04-12 02:57:02.6793415 UTC-05:00] [5208:7148] [FcVpnSched  88   debug] default msg 26
[2026-04-12 02:57:02.6820519 UTC-05:00] [5208:7148] [FcVpnSched  88   debug] default msg 26
[2026-04-12 02:57:02.6845448 UTC-05:00] [5208:7148] [FcVpnSched  88   debug] default msg 26
[2026-04-12 02:57:02.6869719 UTC-05:00] [5208:7148] [FcVpnSched  88   debug] default msg 26
[2026-04-12 02:57:02.6893372 UTC-05:00] [5208:7148] [FcVpnSched  88   debug] default msg 26
[2026-04-12 02:57:02.6918322 UTC-05:00] [5208:7148] [FcVpnSched  88   debug] default msg 26
[2026-04-12 02:57:02.6941101 UTC-05:00] [5208:7148] [FcVpnSched  88   debug] default msg 26
[2026-04-12 02:57:02.6968703 UTC-05:00] [5208:7148] [FcVpnSched  88   debug] default msg 26
[2026-04-12 02:57:02.6994086 UTC-05:00] [5208:7148] [FcVpnSched  88   debug] default msg 26
[2026-04-12 02:57:02.7018047 UTC-05:00] [5208:7148] [FcVpnSched  88   debug] default msg 26
[2026-04-12 02:57:02.7042392 UTC-05:00] [5208:7148] [FcVpnSched  88   debug] default msg 26
[2026-04-12 02:57:02.7066522 UTC-05:00] [5208:7148] [FcVpnSched  88   debug] default msg 26
[2026-04-12 02:57:02.7090856 UTC-05:00] [5208:7148] [FcVpnSched  88   debug] default msg 26
[2026-04-12 02:57:02.7114463 UTC-05:00] [5208:7148] [FcVpnSched  88   debug] default msg 26
[2026-04-12 02:57:02.7137321 UTC-05:00] [5208:7148] [FcVpnSched  88   debug] default msg 26
[2026-04-12 03:23:51.1631958 UTC-05:00] [5208:7148] [FcVpnSched  88   debug] default msg 26
[2026-04-12 03:23:51.4853616 UTC-05:00] [5208:7148] [FcVpnSched  88   debug] default msg 26
[2026-04-12 03:50:45.0772859 UTC-05:00] [5208:7148] [FcVpnSched  88   debug] default msg 26
[2026-04-12 03:50:45.3511674 UTC-05:00] [5208:7148] [FcVpnSched  88   debug] default msg 26
[2026-04-12 03:50:45.5902645 UTC-05:00] [5208:7148] [FcVpnSched  88   debug] default msg 26
[2026-04-12 03:50:45.8976515 UTC-05:00] [5208:7148] [FcVpnSched  88   debug] default msg 26
[2026-04-12 03:50:46.1143415 UTC-05:00] [5208:7148] [FcVpnSched  88   debug] default msg 26
[2026-04-12 03:50:46.5413502 UTC-05:00] [5208:7148] [FcVpnSched  88   debug] default msg 26
[2026-04-12 03:50:46.9408073 UTC-05:00] [5208:7148] [FcVpnSched  88   debug] default msg 26
[2026-04-12 03:50:47.2524856 UTC-05:00] [5208:7148] [FcVpnSched  88   debug] default msg 26
[2026-04-12 04:58:45.1814442 UTC-05:00] [5208:7148] [FcVpnSched  88   debug] default msg 26
[2026-04-12 04:58:45.4117372 UTC-05:00] [5208:7148] [FcVpnSched  88   debug] default msg 26
[2026-04-12 04:58:45.6593352 UTC-05:00] [5208:7148] [FcVpnSched  88   debug] default msg 26
[2026-04-12 04:58:45.9845370 UTC-05:00] [5208:7148] [FcVpnSched  88   debug] default msg 26
[2026-04-12 04:58:46.1999413 UTC-05:00] [5208:7148] [FcVpnSched  88   debug] default msg 26
[2026-04-12 04:58:46.7156068 UTC-05:00] [5208:7148] [FcVpnSched  88   debug] default msg 26
[2026-04-12 04:58:47.1646307 UTC-05:00] [5208:7148] [FcVpnSched  88   debug] default msg 26
[2026-04-12 04:58:47.4853437 UTC-05:00] [5208:7148] [FcVpnSched  88   debug] default msg 26
[2026-04-12 05:15:51.1519241 UTC-05:00] [5208:7148] [FcVpnSched  88   debug] default msg 26
[2026-04-12 05:15:51.4712400 UTC-05:00] [5208:7148] [FcVpnSched  88   debug] default msg 26
[2026-04-12 06:06:45.4777709 UTC-05:00] [5208:7148] [FcVpnSched  88   debug] default msg 26
[2026-04-12 06:06:45.7262865 UTC-05:00] [5208:7148] [FcVpnSched  88   debug] default msg 26
[2026-04-12 06:06:45.9921650 UTC-05:00] [5208:7148] [FcVpnSched  88   debug] default msg 26
[2026-04-12 06:06:46.3115947 UTC-05:00] [5208:7148] [FcVpnSched  88   debug] default msg 26
[2026-04-12 06:06:46.5325795 UTC-05:00] [5208:7148] [FcVpnSched  88   debug] default msg 26
[2026-04-12 06:06:46.9687720 UTC-05:00] [5208:7148] [FcVpnSched  88   debug] default msg 26
[2026-04-12 06:06:47.4028418 UTC-05:00] [5208:7148] [FcVpnSched  88   debug] default msg 26
[2026-04-12 06:06:47.7151087 UTC-05:00] [5208:7148] [FcVpnSched  88   debug] default msg 26
[2026-04-12 06:47:01.8271024 UTC-05:00] [5208:7148] [FcVpnSched  88   debug] default msg 30
[2026-04-12 06:47:01.9242853 UTC-05:00] [5208:7148] [FcVpnSched  88   debug] default msg 26
[2026-04-12 06:47:01.9268075 UTC-05:00] [5208:7148] [FcVpnSched  88   debug] default msg 26
[2026-04-12 06:47:01.9294023 UTC-05:00] [5208:7148] [FcVpnSched  88   debug] default msg 26
[2026-04-12 06:47:01.9319065 UTC-05:00] [5208:7148] [FcVpnSched  88   debug] default msg 26
[2026-04-12 06:47:01.9341606 UTC-05:00] [5208:7148] [FcVpnSched  88   debug] default msg 26
[2026-04-12 06:47:01.9364538 UTC-05:00] [5208:7148] [FcVpnSched  88   debug] default msg 26
[2026-04-12 06:47:01.9387630 UTC-05:00] [5208:7148] [FcVpnSched  88   debug] default msg 26
[2026-04-12 06:47:01.9410016 UTC-05:00] [5208:7148] [FcVpnSched  88   debug] default msg 26
[2026-04-12 06:47:01.9450273 UTC-05:00] [5208:7148] [FcVpnSched  88   debug] default msg 26
[2026-04-12 06:47:01.9483767 UTC-05:00] [5208:7148] [FcVpnSched  88   debug] default msg 26
[2026-04-12 06:47:01.9506125 UTC-05:00] [5208:7148] [FcVpnSched  88   debug] default msg 26
[2026-04-12 06:47:01.9528392 UTC-05:00] [5208:7148] [FcVpnSched  88   debug] default msg 26
[2026-04-12 06:47:01.9550622 UTC-05:00] [5208:7148] [FcVpnSched  88   debug] default msg 26
[2026-04-12 06:47:01.9572103 UTC-05:00] [5208:7148] [FcVpnSched  88   debug] default msg 26
[2026-04-12 06:47:01.9597852 UTC-05:00] [5208:7148] [FcVpnSched  88   debug] default msg 26
[2026-04-12 06:47:01.9621660 UTC-05:00] [5208:7148] [FcVpnSched  88   debug] default msg 26
[2026-04-12 06:47:01.9643944 UTC-05:00] [5208:7148] [FcVpnSched  88   debug] default msg 26
[2026-04-12 06:47:01.9666746 UTC-05:00] [5208:7148] [FcVpnSched  88   debug] default msg 26
[2026-04-12 06:47:01.9689482 UTC-05:00] [5208:7148] [FcVpnSched  88   debug] default msg 26
[2026-04-12 06:47:01.9711768 UTC-05:00] [5208:7148] [FcVpnSched  88   debug] default msg 26
[2026-04-12 06:47:01.9734151 UTC-05:00] [5208:7148] [FcVpnSched  88   debug] default msg 26
[2026-04-12 06:47:01.9757445 UTC-05:00] [5208:7148] [FcVpnSched  88   debug] default msg 26
[2026-04-12 06:47:01.9780045 UTC-05:00] [5208:7148] [FcVpnSched  88   debug] default msg 26
[2026-04-12 06:47:01.9802374 UTC-05:00] [5208:7148] [FcVpnSched  88   debug] default msg 26
[2026-04-12 06:47:01.9824482 UTC-05:00] [5208:7148] [FcVpnSched  88   debug] default msg 26
[2026-04-12 06:47:01.9846536 UTC-05:00] [5208:7148] [FcVpnSched  88   debug] default msg 26
[2026-04-12 06:47:01.9868156 UTC-05:00] [5208:7148] [FcVpnSched  88   debug] default msg 26
[2026-04-12 06:47:01.9890556 UTC-05:00] [5208:7148] [FcVpnSched  88   debug] default msg 26
[2026-04-12 06:47:01.9915710 UTC-05:00] [5208:7148] [FcVpnSched  88   debug] default msg 26
[2026-04-12 06:47:01.9938551 UTC-05:00] [5208:7148] [FcVpnSched  88   debug] default msg 26
[2026-04-12 06:47:01.9960894 UTC-05:00] [5208:7148] [FcVpnSched  88   debug] default msg 26
[2026-04-12 06:47:01.9984084 UTC-05:00] [5208:7148] [FcVpnSched  88   debug] default msg 26
[2026-04-12 06:47:02.0006809 UTC-05:00] [5208:7148] [FcVpnSched  88   debug] default msg 26
[2026-04-12 06:47:02.0028707 UTC-05:00] [5208:7148] [FcVpnSched  88   debug] default msg 26
[2026-04-12 06:47:02.0051773 UTC-05:00] [5208:7148] [FcVpnSched  88   debug] default msg 26
[2026-04-12 06:47:02.0077127 UTC-05:00] [5208:7148] [FcVpnSched  88   debug] default msg 26
[2026-04-12 06:47:02.0099684 UTC-05:00] [5208:7148] [FcVpnSched  88   debug] default msg 26
[2026-04-12 06:47:02.0120979 UTC-05:00] [5208:7148] [FcVpnSched  88   debug] default msg 26
[2026-04-12 06:47:02.0142437 UTC-05:00] [5208:7148] [FcVpnSched  88   debug] default msg 26
[2026-04-12 06:47:02.0163913 UTC-05:00] [5208:7148] [FcVpnSched  88   debug] default msg 26
[2026-04-12 06:47:02.0185525 UTC-05:00] [5208:7148] [FcVpnSched  88   debug] default msg 26
[2026-04-12 06:47:02.0206628 UTC-05:00] [5208:7148] [FcVpnSched  88   debug] default msg 26
[2026-04-12 06:47:02.0230715 UTC-05:00] [5208:7148] [FcVpnSched  88   debug] default msg 26
[2026-04-12 06:47:02.0252421 UTC-05:00] [5208:7148] [FcVpnSched  88   debug] default msg 26
[2026-04-12 06:47:02.0274416 UTC-05:00] [5208:7148] [FcVpnSched  88   debug] default msg 26
[2026-04-12 06:47:02.0294033 UTC-05:00] [5208:7148] [FcVpnSched  88   debug] default msg 26
[2026-04-12 06:47:02.0314118 UTC-05:00] [5208:7148] [FcVpnSched  88   debug] default msg 26
[2026-04-12 06:47:02.0333992 UTC-05:00] [5208:7148] [FcVpnSched  88   debug] default msg 26
[2026-04-12 06:47:02.0353390 UTC-05:00] [5208:7148] [FcVpnSched  88   debug] default msg 26
[2026-04-12 06:47:02.0378651 UTC-05:00] [5208:7148] [FcVpnSched  88   debug] default msg 26
[2026-04-12 06:47:02.0400072 UTC-05:00] [5208:7148] [FcVpnSched  88   debug] default msg 26
[2026-04-12 06:47:02.0419816 UTC-05:00] [5208:7148] [FcVpnSched  88   debug] default msg 26
[2026-04-12 06:47:02.0439654 UTC-05:00] [5208:7148] [FcVpnSched  88   debug] default msg 26
[2026-04-12 06:47:02.0459297 UTC-05:00] [5208:7148] [FcVpnSched  88   debug] default msg 26
[2026-04-12 06:47:02.0479552 UTC-05:00] [5208:7148] [FcVpnSched  88   debug] default msg 26
[2026-04-12 06:47:02.0499125 UTC-05:00] [5208:7148] [FcVpnSched  88   debug] default msg 26
[2026-04-12 06:47:02.1985636 UTC-05:00] [5208:7148] [FcVpnSched  88   debug] default msg 26
[2026-04-12 06:47:02.2017247 UTC-05:00] [5208:7148] [FcVpnSched  88   debug] default msg 26
[2026-04-12 06:47:02.2042510 UTC-05:00] [5208:7148] [FcVpnSched  88   debug] default msg 26
[2026-04-12 06:47:02.2067138 UTC-05:00] [5208:7148] [FcVpnSched  88   debug] default msg 26
[2026-04-12 06:47:02.2091834 UTC-05:00] [5208:7148] [FcVpnSched  88   debug] default msg 26
[2026-04-12 06:47:02.2119017 UTC-05:00] [5208:7148] [FcVpnSched  88   debug] default msg 26
[2026-04-12 06:47:02.2145773 UTC-05:00] [5208:7148] [FcVpnSched  88   debug] default msg 26
[2026-04-12 06:47:02.2170508 UTC-05:00] [5208:7148] [FcVpnSched  88   debug] default msg 26
[2026-04-12 06:47:02.2194884 UTC-05:00] [5208:7148] [FcVpnSched  88   debug] default msg 26
[2026-04-12 06:47:02.2219985 UTC-05:00] [5208:7148] [FcVpnSched  88   debug] default msg 26
[2026-04-12 06:47:02.2244821 UTC-05:00] [5208:7148] [FcVpnSched  88   debug] default msg 26
[2026-04-12 06:47:02.2273130 UTC-05:00] [5208:7148] [FcVpnSched  88   debug] default msg 26
[2026-04-12 06:47:02.2301031 UTC-05:00] [5208:7148] [FcVpnSched  88   debug] default msg 26
[2026-04-12 06:47:02.2327614 UTC-05:00] [5208:7148] [FcVpnSched  88   debug] default msg 26
[2026-04-12 06:47:02.2352043 UTC-05:00] [5208:7148] [FcVpnSched  88   debug] default msg 26
[2026-04-12 06:47:02.2377057 UTC-05:00] [5208:7148] [FcVpnSched  88   debug] default msg 26
[2026-04-12 06:47:02.2402023 UTC-05:00] [5208:7148] [FcVpnSched  88   debug] default msg 26
[2026-04-12 06:47:02.2427882 UTC-05:00] [5208:7148] [FcVpnSched  88   debug] default msg 26
[2026-04-12 06:47:02.2452360 UTC-05:00] [5208:7148] [FcVpnSched  88   debug] default msg 26
[2026-04-12 06:47:02.2479950 UTC-05:00] [5208:7148] [FcVpnSched  88   debug] default msg 26
[2026-04-12 06:47:02.2504763 UTC-05:00] [5208:7148] [FcVpnSched  88   debug] default msg 26
[2026-04-12 06:47:02.2529644 UTC-05:00] [5208:7148] [FcVpnSched  88   debug] default msg 26
[2026-04-12 06:47:02.2553859 UTC-05:00] [5208:7148] [FcVpnSched  88   debug] default msg 26
[2026-04-12 06:47:02.2577458 UTC-05:00] [5208:7148] [FcVpnSched  88   debug] default msg 26
[2026-04-12 06:47:02.2603769 UTC-05:00] [5208:7148] [FcVpnSched  88   debug] default msg 26
[2026-04-12 06:47:02.2629283 UTC-05:00] [5208:7148] [FcVpnSched  88   debug] default msg 26
[2026-04-12 06:47:02.2653413 UTC-05:00] [5208:7148] [FcVpnSched  88   debug] default msg 26
[2026-04-12 06:47:02.2677649 UTC-05:00] [5208:7148] [FcVpnSched  88   debug] default msg 26
[2026-04-12 06:47:02.2702116 UTC-05:00] [5208:7148] [FcVpnSched  88   debug] default msg 26
[2026-04-12 06:47:02.2729608 UTC-05:00] [5208:7148] [FcVpnSched  88   debug] default msg 26
[2026-04-12 06:47:02.2759530 UTC-05:00] [5208:7148] [FcVpnSched  88   debug] default msg 26
[2026-04-12 06:47:02.2785199 UTC-05:00] [5208:7148] [FcVpnSched  88   debug] default msg 26
[2026-04-12 07:07:51.6097064 UTC-05:00] [5208:7148] [FcVpnSched  88   debug] default msg 26
[2026-04-12 07:07:51.9237534 UTC-05:00] [5208:7148] [FcVpnSched  88   debug] default msg 26
[2026-04-12 07:14:02.3131094 UTC-05:00] [5208:7148] [FcVpnSched  88   debug] default msg 30
[2026-04-12 07:14:02.4058467 UTC-05:00] [5208:7148] [FcVpnSched  88   debug] default msg 26
[2026-04-12 07:14:02.4092412 UTC-05:00] [5208:7148] [FcVpnSched  88   debug] default msg 26
[2026-04-12 07:14:02.4117071 UTC-05:00] [5208:7148] [FcVpnSched  88   debug] default msg 26
[2026-04-12 07:14:02.4141064 UTC-05:00] [5208:7148] [FcVpnSched  88   debug] default msg 26
[2026-04-12 07:14:02.4164966 UTC-05:00] [5208:7148] [FcVpnSched  88   debug] default msg 26
[2026-04-12 07:14:02.4189141 UTC-05:00] [5208:7148] [FcVpnSched  88   debug] default msg 26
[2026-04-12 07:14:02.4214800 UTC-05:00] [5208:7148] [FcVpnSched  88   debug] default msg 26
[2026-04-12 07:14:02.4241947 UTC-05:00] [5208:7148] [FcVpnSched  88   debug] default msg 26
[2026-04-12 07:14:02.4268415 UTC-05:00] [5208:7148] [FcVpnSched  88   debug] default msg 26
[2026-04-12 07:14:02.4293306 UTC-05:00] [5208:7148] [FcVpnSched  88   debug] default msg 26
[2026-04-12 07:14:02.4317789 UTC-05:00] [5208:7148] [FcVpnSched  88   debug] default msg 26
[2026-04-12 07:14:02.4340974 UTC-05:00] [5208:7148] [FcVpnSched  88   debug] default msg 26
[2026-04-12 07:14:02.4368160 UTC-05:00] [5208:7148] [FcVpnSched  88   debug] default msg 26
[2026-04-12 07:14:02.4392286 UTC-05:00] [5208:7148] [FcVpnSched  88   debug] default msg 26
[2026-04-12 07:14:02.4414966 UTC-05:00] [5208:7148] [FcVpnSched  88   debug] default msg 26
[2026-04-12 07:14:02.4437034 UTC-05:00] [5208:7148] [FcVpnSched  88   debug] default msg 26
[2026-04-12 07:14:02.4459537 UTC-05:00] [5208:7148] [FcVpnSched  88   debug] default msg 26
[2026-04-12 07:14:02.4482067 UTC-05:00] [5208:7148] [FcVpnSched  88   debug] default msg 26
[2026-04-12 07:14:02.4503595 UTC-05:00] [5208:7148] [FcVpnSched  88   debug] default msg 26
[2026-04-12 07:14:02.4525647 UTC-05:00] [5208:7148] [FcVpnSched  88   debug] default msg 26
[2026-04-12 07:14:02.4548066 UTC-05:00] [5208:7148] [FcVpnSched  88   debug] default msg 26
[2026-04-12 07:14:02.4570334 UTC-05:00] [5208:7148] [FcVpnSched  88   debug] default msg 26
[2026-04-12 07:14:02.4592754 UTC-05:00] [5208:7148] [FcVpnSched  88   debug] default msg 26
[2026-04-12 07:14:02.4614879 UTC-05:00] [5208:7148] [FcVpnSched  88   debug] default msg 26
[2026-04-12 07:14:02.4637601 UTC-05:00] [5208:7148] [FcVpnSched  88   debug] default msg 26
[2026-04-12 07:14:02.4659246 UTC-05:00] [5208:7148] [FcVpnSched  88   debug] default msg 26
[2026-04-12 07:14:02.4684833 UTC-05:00] [5208:7148] [FcVpnSched  88   debug] default msg 26
[2026-04-12 07:14:02.4707874 UTC-05:00] [5208:7148] [FcVpnSched  88   debug] default msg 26
[2026-04-12 07:14:02.4730995 UTC-05:00] [5208:7148] [FcVpnSched  88   debug] default msg 26
[2026-04-12 07:14:02.4753042 UTC-05:00] [5208:7148] [FcVpnSched  88   debug] default msg 26
[2026-04-12 07:14:02.4775087 UTC-05:00] [5208:7148] [FcVpnSched  88   debug] default msg 26
[2026-04-12 07:14:02.4797361 UTC-05:00] [5208:7148] [FcVpnSched  88   debug] default msg 26
[2026-04-12 07:14:02.4822488 UTC-05:00] [5208:7148] [FcVpnSched  88   debug] default msg 26
[2026-04-12 07:14:02.4849743 UTC-05:00] [5208:7148] [FcVpnSched  88   debug] default msg 26
[2026-04-12 07:14:02.4874338 UTC-05:00] [5208:7148] [FcVpnSched  88   debug] default msg 26
[2026-04-12 07:14:02.4900052 UTC-05:00] [5208:7148] [FcVpnSched  88   debug] default msg 26
[2026-04-12 07:14:02.4922798 UTC-05:00] [5208:7148] [FcVpnSched  88   debug] default msg 26
[2026-04-12 07:14:02.4945691 UTC-05:00] [5208:7148] [FcVpnSched  88   debug] default msg 26
[2026-04-12 07:14:02.4967629 UTC-05:00] [5208:7148] [FcVpnSched  88   debug] default msg 26
[2026-04-12 07:14:02.4994553 UTC-05:00] [5208:7148] [FcVpnSched  88   debug] default msg 26
[2026-04-12 07:14:02.5027307 UTC-05:00] [5208:7148] [FcVpnSched  88   debug] default msg 26
[2026-04-12 07:14:02.5054278 UTC-05:00] [5208:7148] [FcVpnSched  88   debug] default msg 26
[2026-04-12 07:14:02.5081301 UTC-05:00] [5208:7148] [FcVpnSched  88   debug] default msg 26
[2026-04-12 07:14:02.5104341 UTC-05:00] [5208:7148] [FcVpnSched  88   debug] default msg 26
[2026-04-12 07:14:02.5125668 UTC-05:00] [5208:7148] [FcVpnSched  88   debug] default msg 26
[2026-04-12 07:14:02.5152026 UTC-05:00] [5208:7148] [FcVpnSched  88   debug] default msg 26
[2026-04-12 07:14:02.5177069 UTC-05:00] [5208:7148] [FcVpnSched  88   debug] default msg 26
[2026-04-12 07:14:02.5199528 UTC-05:00] [5208:7148] [FcVpnSched  88   debug] default msg 26
[2026-04-12 07:14:02.5228357 UTC-05:00] [5208:7148] [FcVpnSched  88   debug] default msg 26
[2026-04-12 07:14:02.5255882 UTC-05:00] [5208:7148] [FcVpnSched  88   debug] default msg 26
[2026-04-12 07:14:02.5278806 UTC-05:00] [5208:7148] [FcVpnSched  88   debug] default msg 26
[2026-04-12 07:14:02.5302609 UTC-05:00] [5208:7148] [FcVpnSched  88   debug] default msg 26
[2026-04-12 07:14:02.5326212 UTC-05:00] [5208:7148] [FcVpnSched  88   debug] default msg 26
[2026-04-12 07:14:02.5349257 UTC-05:00] [5208:7148] [FcVpnSched  88   debug] default msg 26
[2026-04-12 07:14:02.5371460 UTC-05:00] [5208:7148] [FcVpnSched  88   debug] default msg 26
[2026-04-12 07:14:02.5399356 UTC-05:00] [5208:7148] [FcVpnSched  88   debug] default msg 26
[2026-04-12 07:14:02.6774722 UTC-05:00] [5208:7148] [FcVpnSched  88   debug] default msg 26
[2026-04-12 07:14:02.6802794 UTC-05:00] [5208:7148] [FcVpnSched  88   debug] default msg 26
[2026-04-12 07:14:02.6825953 UTC-05:00] [5208:7148] [FcVpnSched  88   debug] default msg 26
[2026-04-12 07:14:02.6848681 UTC-05:00] [5208:7148] [FcVpnSched  88   debug] default msg 26
[2026-04-12 07:14:02.6871071 UTC-05:00] [5208:7148] [FcVpnSched  88   debug] default msg 26
[2026-04-12 07:14:02.6897142 UTC-05:00] [5208:7148] [FcVpnSched  88   debug] default msg 26
[2026-04-12 07:14:02.6921566 UTC-05:00] [5208:7148] [FcVpnSched  88   debug] default msg 26
[2026-04-12 07:14:02.6944298 UTC-05:00] [5208:7148] [FcVpnSched  88   debug] default msg 26
[2026-04-12 07:14:02.6967282 UTC-05:00] [5208:7148] [FcVpnSched  88   debug] default msg 26
[2026-04-12 07:14:02.6990420 UTC-05:00] [5208:7148] [FcVpnSched  88   debug] default msg 26
[2026-04-12 07:14:02.7012524 UTC-05:00] [5208:7148] [FcVpnSched  88   debug] default msg 26
[2026-04-12 07:14:02.7036610 UTC-05:00] [5208:7148] [FcVpnSched  88   debug] default msg 26
[2026-04-12 07:14:02.7066935 UTC-05:00] [5208:7148] [FcVpnSched  88   debug] default msg 26
[2026-04-12 07:14:02.7091815 UTC-05:00] [5208:7148] [FcVpnSched  88   debug] default msg 26
[2026-04-12 07:14:02.7115536 UTC-05:00] [5208:7148] [FcVpnSched  88   debug] default msg 26
[2026-04-12 07:14:02.7139015 UTC-05:00] [5208:7148] [FcVpnSched  88   debug] default msg 26
[2026-04-12 07:14:02.7162541 UTC-05:00] [5208:7148] [FcVpnSched  88   debug] default msg 26
[2026-04-12 07:14:02.7185205 UTC-05:00] [5208:7148] [FcVpnSched  88   debug] default msg 26
[2026-04-12 07:14:02.7213085 UTC-05:00] [5208:7148] [FcVpnSched  88   debug] default msg 26
[2026-04-12 07:14:02.7236485 UTC-05:00] [5208:7148] [FcVpnSched  88   debug] default msg 26
[2026-04-12 07:14:02.7260158 UTC-05:00] [5208:7148] [FcVpnSched  88   debug] default msg 26
[2026-04-12 07:14:02.7281429 UTC-05:00] [5208:7148] [FcVpnSched  88   debug] default msg 26
[2026-04-12 07:14:02.7302511 UTC-05:00] [5208:7148] [FcVpnSched  88   debug] default msg 26
[2026-04-12 07:14:02.7322827 UTC-05:00] [5208:7148] [FcVpnSched  88   debug] default msg 26
[2026-04-12 07:14:02.7343401 UTC-05:00] [5208:7148] [FcVpnSched  88   debug] default msg 26
[2026-04-12 07:14:02.7380735 UTC-05:00] [5208:7148] [FcVpnSched  88   debug] default msg 26
[2026-04-12 07:14:02.7419339 UTC-05:00] [5208:7148] [FcVpnSched  88   debug] default msg 26
[2026-04-12 07:14:02.7443806 UTC-05:00] [5208:7148] [FcVpnSched  88   debug] default msg 26
[2026-04-12 07:14:02.7467153 UTC-05:00] [5208:7148] [FcVpnSched  88   debug] default msg 26
[2026-04-12 07:14:02.7490455 UTC-05:00] [5208:7148] [FcVpnSched  88   debug] default msg 26
[2026-04-12 07:14:02.7515050 UTC-05:00] [5208:7148] [FcVpnSched  88   debug] default msg 26
[2026-04-12 07:14:02.7540559 UTC-05:00] [5208:7148] [FcVpnSched  88   debug] default msg 26
[2026-04-12 07:14:45.1476851 UTC-05:00] [5208:7148] [FcVpnSched  88   debug] default msg 26
[2026-04-12 07:14:45.3771695 UTC-05:00] [5208:7148] [FcVpnSched  88   debug] default msg 26
[2026-04-12 07:14:45.6476525 UTC-05:00] [5208:7148] [FcVpnSched  88   debug] default msg 26
[2026-04-12 07:14:45.9580917 UTC-05:00] [5208:7148] [FcVpnSched  88   debug] default msg 26
[2026-04-12 07:14:46.1711896 UTC-05:00] [5208:7148] [FcVpnSched  88   debug] default msg 26
[2026-04-12 07:14:46.6465532 UTC-05:00] [5208:7148] [FcVpnSched  88   debug] default msg 26
[2026-04-12 07:14:47.0696707 UTC-05:00] [5208:7148] [FcVpnSched  88   debug] default msg 26
[2026-04-12 07:14:47.3877604 UTC-05:00] [5208:7148] [FcVpnSched  88   debug] default msg 26
[2026-04-12 08:22:45.3615989 UTC-05:00] [5208:7148] [FcVpnSched  88   debug] default msg 26
[2026-04-12 08:22:45.5942586 UTC-05:00] [5208:7148] [FcVpnSched  88   debug] default msg 26
[2026-04-12 08:22:45.8411516 UTC-05:00] [5208:7148] [FcVpnSched  88   debug] default msg 26
[2026-04-12 08:22:46.1479121 UTC-05:00] [5208:7148] [FcVpnSched  88   debug] default msg 26
[2026-04-12 08:22:46.3737971 UTC-05:00] [5208:7148] [FcVpnSched  88   debug] default msg 26
[2026-04-12 08:22:46.8294692 UTC-05:00] [5208:7148] [FcVpnSched  88   debug] default msg 26
[2026-04-12 08:22:47.2374878 UTC-05:00] [5208:7148] [FcVpnSched  88   debug] default msg 26
[2026-04-12 08:22:47.5470981 UTC-05:00] [5208:7148] [FcVpnSched  88   debug] default msg 26
[2026-04-12 08:59:51.1202953 UTC-05:00] [5208:7148] [FcVpnSched  88   debug] default msg 26
[2026-04-12 08:59:51.4180022 UTC-05:00] [5208:7148] [FcVpnSched  88   debug] default msg 26
[2026-04-12 09:30:45.5465114 UTC-05:00] [5208:7148] [FcVpnSched  88   debug] default msg 26
[2026-04-12 09:30:45.7822302 UTC-05:00] [5208:7148] [FcVpnSched  88   debug] default msg 26
[2026-04-12 09:30:46.0297091 UTC-05:00] [5208:7148] [FcVpnSched  88   debug] default msg 26
[2026-04-12 09:30:46.3586765 UTC-05:00] [5208:7148] [FcVpnSched  88   debug] default msg 26
[2026-04-12 09:30:46.6146744 UTC-05:00] [5208:7148] [FcVpnSched  88   debug] default msg 26
[2026-04-12 09:30:47.0390595 UTC-05:00] [5208:7148] [FcVpnSched  88   debug] default msg 26
[2026-04-12 09:30:47.4576709 UTC-05:00] [5208:7148] [FcVpnSched  88   debug] default msg 26
[2026-04-12 09:30:47.7675837 UTC-05:00] [5208:7148] [FcVpnSched  88   debug] default msg 26
[2026-04-12 10:37:02.0973670 UTC-05:00] [5208:7148] [FcVpnSched  88   debug] default msg 30
[2026-04-12 10:37:02.2382512 UTC-05:00] [5208:7148] [FcVpnSched  88   debug] default msg 26
[2026-04-12 10:37:02.2410794 UTC-05:00] [5208:7148] [FcVpnSched  88   debug] default msg 26
[2026-04-12 10:37:02.2443868 UTC-05:00] [5208:7148] [FcVpnSched  88   debug] default msg 26
[2026-04-12 10:37:02.2475507 UTC-05:00] [5208:7148] [FcVpnSched  88   debug] default msg 26
[2026-04-12 10:37:02.2507830 UTC-05:00] [5208:7148] [FcVpnSched  88   debug] default msg 26
[2026-04-12 10:37:02.2536185 UTC-05:00] [5208:7148] [FcVpnSched  88   debug] default msg 26
[2026-04-12 10:37:02.2565970 UTC-05:00] [5208:7148] [FcVpnSched  88   debug] default msg 26
[2026-04-12 10:37:02.2595727 UTC-05:00] [5208:7148] [FcVpnSched  88   debug] default msg 26
[2026-04-12 10:37:02.2621547 UTC-05:00] [5208:7148] [FcVpnSched  88   debug] default msg 26
[2026-04-12 10:37:02.2650009 UTC-05:00] [5208:7148] [FcVpnSched  88   debug] default msg 26
[2026-04-12 10:37:02.2676637 UTC-05:00] [5208:7148] [FcVpnSched  88   debug] default msg 26
[2026-04-12 10:37:02.2704020 UTC-05:00] [5208:7148] [FcVpnSched  88   debug] default msg 26
[2026-04-12 10:37:02.2734793 UTC-05:00] [5208:7148] [FcVpnSched  88   debug] default msg 26
[2026-04-12 10:37:02.2764650 UTC-05:00] [5208:7148] [FcVpnSched  88   debug] default msg 26
[2026-04-12 10:37:02.2792799 UTC-05:00] [5208:7148] [FcVpnSched  88   debug] default msg 26
[2026-04-12 10:37:02.2823824 UTC-05:00] [5208:7148] [FcVpnSched  88   debug] default msg 26
[2026-04-12 10:37:02.2854289 UTC-05:00] [5208:7148] [FcVpnSched  88   debug] default msg 26
[2026-04-12 10:37:02.2882120 UTC-05:00] [5208:7148] [FcVpnSched  88   debug] default msg 26
[2026-04-12 10:37:02.2912457 UTC-05:00] [5208:7148] [FcVpnSched  88   debug] default msg 26
[2026-04-12 10:37:02.2939998 UTC-05:00] [5208:7148] [FcVpnSched  88   debug] default msg 26
[2026-04-12 10:37:02.2967452 UTC-05:00] [5208:7148] [FcVpnSched  88   debug] default msg 26
[2026-04-12 10:37:02.2993252 UTC-05:00] [5208:7148] [FcVpnSched  88   debug] default msg 26
[2026-04-12 10:37:02.3018550 UTC-05:00] [5208:7148] [FcVpnSched  88   debug] default msg 26
[2026-04-12 10:37:02.3047741 UTC-05:00] [5208:7148] [FcVpnSched  88   debug] default msg 26
[2026-04-12 10:37:02.3076370 UTC-05:00] [5208:7148] [FcVpnSched  88   debug] default msg 26
[2026-04-12 10:37:02.3102811 UTC-05:00] [5208:7148] [FcVpnSched  88   debug] default msg 26
[2026-04-12 10:37:02.3129172 UTC-05:00] [5208:7148] [FcVpnSched  88   debug] default msg 26
[2026-04-12 10:37:02.3153742 UTC-05:00] [5208:7148] [FcVpnSched  88   debug] default msg 26
[2026-04-12 10:37:02.3179895 UTC-05:00] [5208:7148] [FcVpnSched  88   debug] default msg 26
[2026-04-12 10:37:02.3207562 UTC-05:00] [5208:7148] [FcVpnSched  88   debug] default msg 26
[2026-04-12 10:37:02.3236985 UTC-05:00] [5208:7148] [FcVpnSched  88   debug] default msg 26
[2026-04-12 10:37:02.3265059 UTC-05:00] [5208:7148] [FcVpnSched  88   debug] default msg 26
[2026-04-12 10:37:02.3294918 UTC-05:00] [5208:7148] [FcVpnSched  88   debug] default msg 26
[2026-04-12 10:37:02.3324869 UTC-05:00] [5208:7148] [FcVpnSched  88   debug] default msg 26
[2026-04-12 10:37:02.3382957 UTC-05:00] [5208:7148] [FcVpnSched  88   debug] default msg 26
[2026-04-12 10:37:02.3411736 UTC-05:00] [5208:7148] [FcVpnSched  88   debug] default msg 26
[2026-04-12 10:37:02.3438909 UTC-05:00] [5208:7148] [FcVpnSched  88   debug] default msg 26
[2026-04-12 10:37:02.3466062 UTC-05:00] [5208:7148] [FcVpnSched  88   debug] default msg 26
[2026-04-12 10:37:02.3492944 UTC-05:00] [5208:7148] [FcVpnSched  88   debug] default msg 26
[2026-04-12 10:37:02.3520479 UTC-05:00] [5208:7148] [FcVpnSched  88   debug] default msg 26
[2026-04-12 10:37:02.3547543 UTC-05:00] [5208:7148] [FcVpnSched  88   debug] default msg 26
[2026-04-12 10:37:02.3574870 UTC-05:00] [5208:7148] [FcVpnSched  88   debug] default msg 26
[2026-04-12 10:37:02.3600570 UTC-05:00] [5208:7148] [FcVpnSched  88   debug] default msg 26
[2026-04-12 10:37:02.3627449 UTC-05:00] [5208:7148] [FcVpnSched  88   debug] default msg 26
[2026-04-12 10:37:02.3652347 UTC-05:00] [5208:7148] [FcVpnSched  88   debug] default msg 26
[2026-04-12 10:37:02.3680815 UTC-05:00] [5208:7148] [FcVpnSched  88   debug] default msg 26
[2026-04-12 10:37:02.3706863 UTC-05:00] [5208:7148] [FcVpnSched  88   debug] default msg 26
[2026-04-12 10:37:02.3730322 UTC-05:00] [5208:7148] [FcVpnSched  88   debug] default msg 26
[2026-04-12 10:37:02.3751513 UTC-05:00] [5208:7148] [FcVpnSched  88   debug] default msg 26
[2026-04-12 10:37:02.3774150 UTC-05:00] [5208:7148] [FcVpnSched  88   debug] default msg 26
[2026-04-12 10:37:02.3803287 UTC-05:00] [5208:7148] [FcVpnSched  88   debug] default msg 26
[2026-04-12 10:37:02.3830820 UTC-05:00] [5208:7148] [FcVpnSched  88   debug] default msg 26
[2026-04-12 10:37:02.3855420 UTC-05:00] [5208:7148] [FcVpnSched  88   debug] default msg 26
[2026-04-12 10:37:02.3877522 UTC-05:00] [5208:7148] [FcVpnSched  88   debug] default msg 26
[2026-04-12 10:37:02.3899747 UTC-05:00] [5208:7148] [FcVpnSched  88   debug] default msg 26
[2026-04-12 10:37:02.3922132 UTC-05:00] [5208:7148] [FcVpnSched  88   debug] default msg 26
[2026-04-12 10:37:02.5431610 UTC-05:00] [5208:7148] [FcVpnSched  88   debug] default msg 26
[2026-04-12 10:37:02.5466715 UTC-05:00] [5208:7148] [FcVpnSched  88   debug] default msg 26
[2026-04-12 10:37:02.5496044 UTC-05:00] [5208:7148] [FcVpnSched  88   debug] default msg 26
[2026-04-12 10:37:02.5523665 UTC-05:00] [5208:7148] [FcVpnSched  88   debug] default msg 26
[2026-04-12 10:37:02.5548961 UTC-05:00] [5208:7148] [FcVpnSched  88   debug] default msg 26
[2026-04-12 10:37:02.5578814 UTC-05:00] [5208:7148] [FcVpnSched  88   debug] default msg 26
[2026-04-12 10:37:02.5612781 UTC-05:00] [5208:7148] [FcVpnSched  88   debug] default msg 26
[2026-04-12 10:37:02.5646744 UTC-05:00] [5208:7148] [FcVpnSched  88   debug] default msg 26
[2026-04-12 10:37:02.5677986 UTC-05:00] [5208:7148] [FcVpnSched  88   debug] default msg 26
[2026-04-12 10:37:02.5703441 UTC-05:00] [5208:7148] [FcVpnSched  88   debug] default msg 26
[2026-04-12 10:37:02.5728314 UTC-05:00] [5208:7148] [FcVpnSched  88   debug] default msg 26
[2026-04-12 10:37:02.5754445 UTC-05:00] [5208:7148] [FcVpnSched  88   debug] default msg 26
[2026-04-12 10:37:02.5780185 UTC-05:00] [5208:7148] [FcVpnSched  88   debug] default msg 26
[2026-04-12 10:37:02.5805773 UTC-05:00] [5208:7148] [FcVpnSched  88   debug] default msg 26
[2026-04-12 10:37:02.5831561 UTC-05:00] [5208:7148] [FcVpnSched  88   debug] default msg 26
[2026-04-12 10:37:02.5856991 UTC-05:00] [5208:7148] [FcVpnSched  88   debug] default msg 26
[2026-04-12 10:37:02.5882619 UTC-05:00] [5208:7148] [FcVpnSched  88   debug] default msg 26
[2026-04-12 10:37:02.5914161 UTC-05:00] [5208:7148] [FcVpnSched  88   debug] default msg 26
[2026-04-12 10:37:02.5947567 UTC-05:00] [5208:7148] [FcVpnSched  88   debug] default msg 26
[2026-04-12 10:37:02.5980817 UTC-05:00] [5208:7148] [FcVpnSched  88   debug] default msg 26
[2026-04-12 10:37:02.6006797 UTC-05:00] [5208:7148] [FcVpnSched  88   debug] default msg 26
[2026-04-12 10:37:02.6031553 UTC-05:00] [5208:7148] [FcVpnSched  88   debug] default msg 26
[2026-04-12 10:37:02.6056879 UTC-05:00] [5208:7148] [FcVpnSched  88   debug] default msg 26
[2026-04-12 10:37:02.6081627 UTC-05:00] [5208:7148] [FcVpnSched  88   debug] default msg 26
[2026-04-12 10:37:02.6106735 UTC-05:00] [5208:7148] [FcVpnSched  88   debug] default msg 26
[2026-04-12 10:37:02.6131918 UTC-05:00] [5208:7148] [FcVpnSched  88   debug] default msg 26
[2026-04-12 10:37:02.6155677 UTC-05:00] [5208:7148] [FcVpnSched  88   debug] default msg 26
[2026-04-12 10:37:02.6179115 UTC-05:00] [5208:7148] [FcVpnSched  88   debug] default msg 26
[2026-04-12 10:37:02.6204931 UTC-05:00] [5208:7148] [FcVpnSched  88   debug] default msg 26
[2026-04-12 10:37:02.6235394 UTC-05:00] [5208:7148] [FcVpnSched  88   debug] default msg 26
[2026-04-12 10:37:02.6262249 UTC-05:00] [5208:7148] [FcVpnSched  88   debug] default msg 26
[2026-04-12 10:37:02.6286906 UTC-05:00] [5208:7148] [FcVpnSched  88   debug] default msg 26
[2026-04-12 10:38:44.9120417 UTC-05:00] [5208:7148] [FcVpnSched  88   debug] default msg 26
[2026-04-12 10:38:45.1626005 UTC-05:00] [5208:7148] [FcVpnSched  88   debug] default msg 26
[2026-04-12 10:38:45.4011497 UTC-05:00] [5208:7148] [FcVpnSched  88   debug] default msg 26
[2026-04-12 10:38:45.6722921 UTC-05:00] [5208:7148] [FcVpnSched  88   debug] default msg 26
[2026-04-12 10:38:45.8817508 UTC-05:00] [5208:7148] [FcVpnSched  88   debug] default msg 26
[2026-04-12 10:38:46.3297950 UTC-05:00] [5208:7148] [FcVpnSched  88   debug] default msg 26
[2026-04-12 10:38:46.7223310 UTC-05:00] [5208:7148] [FcVpnSched  88   debug] default msg 26
[2026-04-12 10:38:47.0307827 UTC-05:00] [5208:7148] [FcVpnSched  88   debug] default msg 26
[2026-04-12 10:51:50.7462268 UTC-05:00] [5208:7148] [FcVpnSched  88   debug] default msg 26
[2026-04-12 10:51:51.0274987 UTC-05:00] [5208:7148] [FcVpnSched  88   debug] default msg 26
[2026-04-12 11:46:44.9439714 UTC-05:00] [5208:7148] [FcVpnSched  88   debug] default msg 26
[2026-04-12 11:46:45.1970360 UTC-05:00] [5208:7148] [FcVpnSched  88   debug] default msg 26
[2026-04-12 11:46:45.4576640 UTC-05:00] [5208:7148] [FcVpnSched  88   debug] default msg 26
[2026-04-12 11:46:45.8593759 UTC-05:00] [5208:7148] [FcVpnSched  88   debug] default msg 26
[2026-04-12 11:46:46.0782434 UTC-05:00] [5208:7148] [FcVpnSched  88   debug] default msg 26
[2026-04-12 11:46:46.5102982 UTC-05:00] [5208:7148] [FcVpnSched  88   debug] default msg 26
[2026-04-12 11:46:46.9151452 UTC-05:00] [5208:7148] [FcVpnSched  88   debug] default msg 26
[2026-04-12 11:46:47.2298808 UTC-05:00] [5208:7148] [FcVpnSched  88   debug] default msg 26
[2026-04-12 12:43:50.7849104 UTC-05:00] [5208:7148] [FcVpnSched  88   debug] default msg 26
[2026-04-12 12:43:51.1109462 UTC-05:00] [5208:7148] [FcVpnSched  88   debug] default msg 26
[2026-04-12 12:54:45.0947419 UTC-05:00] [5208:7148] [FcVpnSched  88   debug] default msg 26
[2026-04-12 12:54:45.3282935 UTC-05:00] [5208:7148] [FcVpnSched  88   debug] default msg 26
[2026-04-12 12:54:45.5732132 UTC-05:00] [5208:7148] [FcVpnSched  88   debug] default msg 26
[2026-04-12 12:54:45.9332369 UTC-05:00] [5208:7148] [FcVpnSched  88   debug] default msg 26
[2026-04-12 12:54:46.2189107 UTC-05:00] [5208:7148] [FcVpnSched  88   debug] default msg 26
[2026-04-12 12:54:46.6569898 UTC-05:00] [5208:7148] [FcVpnSched  88   debug] default msg 26
[2026-04-12 12:54:47.0499994 UTC-05:00] [5208:7148] [FcVpnSched  88   debug] default msg 26
[2026-04-12 12:54:47.3624530 UTC-05:00] [5208:7148] [FcVpnSched  88   debug] default msg 26
[2026-04-12 14:02:45.3041550 UTC-05:00] [5208:7148] [FcVpnSched  88   debug] default msg 26
[2026-04-12 14:02:45.5389116 UTC-05:00] [5208:7148] [FcVpnSched  88   debug] default msg 26
[2026-04-12 14:02:45.8131540 UTC-05:00] [5208:7148] [FcVpnSched  88   debug] default msg 26
[2026-04-12 14:02:47.9824558 UTC-05:00] [5208:7148] [FcVpnSched  88   debug] default msg 26
[2026-04-12 14:02:48.2124489 UTC-05:00] [5208:7148] [FcVpnSched  88   debug] default msg 26
[2026-04-12 14:02:48.6490118 UTC-05:00] [5208:7148] [FcVpnSched  88   debug] default msg 26
[2026-04-12 14:02:49.0476858 UTC-05:00] [5208:7148] [FcVpnSched  88   debug] default msg 26
[2026-04-12 14:02:49.3444246 UTC-05:00] [5208:7148] [FcVpnSched  88   debug] default msg 26
[2026-04-12 14:27:01.6167463 UTC-05:00] [5208:7148] [FcVpnSched  88   debug] default msg 30
[2026-04-12 14:27:01.7196147 UTC-05:00] [5208:7148] [FcVpnSched  88   debug] default msg 26
[2026-04-12 14:27:01.7222976 UTC-05:00] [5208:7148] [FcVpnSched  88   debug] default msg 26
[2026-04-12 14:27:01.7246556 UTC-05:00] [5208:7148] [FcVpnSched  88   debug] default msg 26
[2026-04-12 14:27:01.7268779 UTC-05:00] [5208:7148] [FcVpnSched  88   debug] default msg 26
[2026-04-12 14:27:01.7293062 UTC-05:00] [5208:7148] [FcVpnSched  88   debug] default msg 26
[2026-04-12 14:27:01.7316853 UTC-05:00] [5208:7148] [FcVpnSched  88   debug] default msg 26
[2026-04-12 14:27:01.7339549 UTC-05:00] [5208:7148] [FcVpnSched  88   debug] default msg 26
[2026-04-12 14:27:01.7362707 UTC-05:00] [5208:7148] [FcVpnSched  88   debug] default msg 26
[2026-04-12 14:27:01.7385912 UTC-05:00] [5208:7148] [FcVpnSched  88   debug] default msg 26
[2026-04-12 14:27:01.7409862 UTC-05:00] [5208:7148] [FcVpnSched  88   debug] default msg 26
[2026-04-12 14:27:01.7432215 UTC-05:00] [5208:7148] [FcVpnSched  88   debug] default msg 26
[2026-04-12 14:27:01.7454250 UTC-05:00] [5208:7148] [FcVpnSched  88   debug] default msg 26
[2026-04-12 14:27:01.7476554 UTC-05:00] [5208:7148] [FcVpnSched  88   debug] default msg 26
[2026-04-12 14:27:01.7498538 UTC-05:00] [5208:7148] [FcVpnSched  88   debug] default msg 26
[2026-04-12 14:27:01.7521460 UTC-05:00] [5208:7148] [FcVpnSched  88   debug] default msg 26
[2026-04-12 14:27:01.7543869 UTC-05:00] [5208:7148] [FcVpnSched  88   debug] default msg 26
[2026-04-12 14:27:01.7566350 UTC-05:00] [5208:7148] [FcVpnSched  88   debug] default msg 26
[2026-04-12 14:27:01.7588314 UTC-05:00] [5208:7148] [FcVpnSched  88   debug] default msg 26
[2026-04-12 14:27:01.7613109 UTC-05:00] [5208:7148] [FcVpnSched  88   debug] default msg 26
[2026-04-12 14:27:01.7639934 UTC-05:00] [5208:7148] [FcVpnSched  88   debug] default msg 26
[2026-04-12 14:27:01.7665677 UTC-05:00] [5208:7148] [FcVpnSched  88   debug] default msg 26
[2026-04-12 14:27:01.7688058 UTC-05:00] [5208:7148] [FcVpnSched  88   debug] default msg 26
[2026-04-12 14:27:01.7709654 UTC-05:00] [5208:7148] [FcVpnSched  88   debug] default msg 26
[2026-04-12 14:27:01.7730867 UTC-05:00] [5208:7148] [FcVpnSched  88   debug] default msg 26
[2026-04-12 14:27:01.7752103 UTC-05:00] [5208:7148] [FcVpnSched  88   debug] default msg 26
[2026-04-12 14:27:01.7776902 UTC-05:00] [5208:7148] [FcVpnSched  88   debug] default msg 26
[2026-04-12 14:27:01.7801430 UTC-05:00] [5208:7148] [FcVpnSched  88   debug] default msg 26
[2026-04-12 14:27:01.7823979 UTC-05:00] [5208:7148] [FcVpnSched  88   debug] default msg 26
[2026-04-12 14:27:01.7846131 UTC-05:00] [5208:7148] [FcVpnSched  88   debug] default msg 26
[2026-04-12 14:27:01.7868232 UTC-05:00] [5208:7148] [FcVpnSched  88   debug] default msg 26
[2026-04-12 14:27:01.7890325 UTC-05:00] [5208:7148] [FcVpnSched  88   debug] default msg 26
[2026-04-12 14:27:01.7911486 UTC-05:00] [5208:7148] [FcVpnSched  88   debug] default msg 26
[2026-04-12 14:27:01.7937283 UTC-05:00] [5208:7148] [FcVpnSched  88   debug] default msg 26
[2026-04-12 14:27:01.7959323 UTC-05:00] [5208:7148] [FcVpnSched  88   debug] default msg 26
[2026-04-12 14:27:01.7981025 UTC-05:00] [5208:7148] [FcVpnSched  88   debug] default msg 26
[2026-04-12 14:27:01.8000724 UTC-05:00] [5208:7148] [FcVpnSched  88   debug] default msg 26
[2026-04-12 14:27:01.8020377 UTC-05:00] [5208:7148] [FcVpnSched  88   debug] default msg 26
[2026-04-12 14:27:01.8039666 UTC-05:00] [5208:7148] [FcVpnSched  88   debug] default msg 26
[2026-04-12 14:27:01.8059240 UTC-05:00] [5208:7148] [FcVpnSched  88   debug] default msg 26
[2026-04-12 14:27:01.8078603 UTC-05:00] [5208:7148] [FcVpnSched  88   debug] default msg 26
[2026-04-12 14:27:01.8098653 UTC-05:00] [5208:7148] [FcVpnSched  88   debug] default msg 26
[2026-04-12 14:27:01.8118082 UTC-05:00] [5208:7148] [FcVpnSched  88   debug] default msg 26
[2026-04-12 14:27:01.8137871 UTC-05:00] [5208:7148] [FcVpnSched  88   debug] default msg 26
[2026-04-12 14:27:01.8157866 UTC-05:00] [5208:7148] [FcVpnSched  88   debug] default msg 26
[2026-04-12 14:27:01.8177693 UTC-05:00] [5208:7148] [FcVpnSched  88   debug] default msg 26
[2026-04-12 14:27:01.8197215 UTC-05:00] [5208:7148] [FcVpnSched  88   debug] default msg 26
[2026-04-12 14:27:01.8216574 UTC-05:00] [5208:7148] [FcVpnSched  88   debug] default msg 26
[2026-04-12 14:27:01.8358949 UTC-05:00] [5208:7148] [FcVpnSched  88   debug] default msg 26
[2026-04-12 14:27:01.8396147 UTC-05:00] [5208:7148] [FcVpnSched  88   debug] default msg 26
[2026-04-12 14:27:01.8422333 UTC-05:00] [5208:7148] [FcVpnSched  88   debug] default msg 26
[2026-04-12 14:27:01.8444862 UTC-05:00] [5208:7148] [FcVpnSched  88   debug] default msg 26
[2026-04-12 14:27:01.8465899 UTC-05:00] [5208:7148] [FcVpnSched  88   debug] default msg 26
[2026-04-12 14:27:01.8487390 UTC-05:00] [5208:7148] [FcVpnSched  88   debug] default msg 26
[2026-04-12 14:27:01.8508558 UTC-05:00] [5208:7148] [FcVpnSched  88   debug] default msg 26
[2026-04-12 14:27:01.8529021 UTC-05:00] [5208:7148] [FcVpnSched  88   debug] default msg 26
[2026-04-12 14:27:01.8551466 UTC-05:00] [5208:7148] [FcVpnSched  88   debug] default msg 26
[2026-04-12 14:27:01.9929860 UTC-05:00] [5208:7148] [FcVpnSched  88   debug] default msg 26
[2026-04-12 14:27:01.9956729 UTC-05:00] [5208:7148] [FcVpnSched  88   debug] default msg 26
[2026-04-12 14:27:01.9980350 UTC-05:00] [5208:7148] [FcVpnSched  88   debug] default msg 26
[2026-04-12 14:27:02.0004163 UTC-05:00] [5208:7148] [FcVpnSched  88   debug] default msg 26
[2026-04-12 14:27:02.0025472 UTC-05:00] [5208:7148] [FcVpnSched  88   debug] default msg 26
[2026-04-12 14:27:02.0048168 UTC-05:00] [5208:7148] [FcVpnSched  88   debug] default msg 26
[2026-04-12 14:27:02.0071170 UTC-05:00] [5208:7148] [FcVpnSched  88   debug] default msg 26
[2026-04-12 14:27:02.0094341 UTC-05:00] [5208:7148] [FcVpnSched  88   debug] default msg 26
[2026-04-12 14:27:02.0118103 UTC-05:00] [5208:7148] [FcVpnSched  88   debug] default msg 26
[2026-04-12 14:27:02.0144882 UTC-05:00] [5208:7148] [FcVpnSched  88   debug] default msg 26
[2026-04-12 14:27:02.0176909 UTC-05:00] [5208:7148] [FcVpnSched  88   debug] default msg 26
[2026-04-12 14:27:02.0207234 UTC-05:00] [5208:7148] [FcVpnSched  88   debug] default msg 26
[2026-04-12 14:27:02.0229867 UTC-05:00] [5208:7148] [FcVpnSched  88   debug] default msg 26
[2026-04-12 14:27:02.0252405 UTC-05:00] [5208:7148] [FcVpnSched  88   debug] default msg 26
[2026-04-12 14:27:02.0275004 UTC-05:00] [5208:7148] [FcVpnSched  88   debug] default msg 26
[2026-04-12 14:27:02.0298823 UTC-05:00] [5208:7148] [FcVpnSched  88   debug] default msg 26
[2026-04-12 14:27:02.0326310 UTC-05:00] [5208:7148] [FcVpnSched  88   debug] default msg 26
[2026-04-12 14:27:02.0349456 UTC-05:00] [5208:7148] [FcVpnSched  88   debug] default msg 26
[2026-04-12 14:27:02.0371972 UTC-05:00] [5208:7148] [FcVpnSched  88   debug] default msg 26
[2026-04-12 14:27:02.0394439 UTC-05:00] [5208:7148] [FcVpnSched  88   debug] default msg 26
[2026-04-12 14:27:02.0417203 UTC-05:00] [5208:7148] [FcVpnSched  88   debug] default msg 26
[2026-04-12 14:27:02.0439539 UTC-05:00] [5208:7148] [FcVpnSched  88   debug] default msg 26
[2026-04-12 14:27:02.0463365 UTC-05:00] [5208:7148] [FcVpnSched  88   debug] default msg 26
[2026-04-12 14:27:02.0486520 UTC-05:00] [5208:7148] [FcVpnSched  88   debug] default msg 26
[2026-04-12 14:27:02.0510019 UTC-05:00] [5208:7148] [FcVpnSched  88   debug] default msg 26
[2026-04-12 14:27:02.0533276 UTC-05:00] [5208:7148] [FcVpnSched  88   debug] default msg 26
[2026-04-12 14:27:02.0556007 UTC-05:00] [5208:7148] [FcVpnSched  88   debug] default msg 26
[2026-04-12 14:27:02.0578504 UTC-05:00] [5208:7148] [FcVpnSched  88   debug] default msg 26
[2026-04-12 14:27:02.0601244 UTC-05:00] [5208:7148] [FcVpnSched  88   debug] default msg 26
[2026-04-12 14:27:02.0624586 UTC-05:00] [5208:7148] [FcVpnSched  88   debug] default msg 26
[2026-04-12 14:27:02.0648107 UTC-05:00] [5208:7148] [FcVpnSched  88   debug] default msg 26
[2026-04-12 14:27:02.0670724 UTC-05:00] [5208:7148] [FcVpnSched  88   debug] default msg 26
[2026-04-12 14:35:51.4921113 UTC-05:00] [5208:7148] [FcVpnSched  88   debug] default msg 26
[2026-04-12 14:35:51.7883889 UTC-05:00] [5208:7148] [FcVpnSched  88   debug] default msg 26
[2026-04-12 15:10:45.2488202 UTC-05:00] [5208:7148] [FcVpnSched  88   debug] default msg 26
[2026-04-12 15:10:45.4957220 UTC-05:00] [5208:7148] [FcVpnSched  88   debug] default msg 26
[2026-04-12 15:10:45.7432779 UTC-05:00] [5208:7148] [FcVpnSched  88   debug] default msg 26
[2026-04-12 15:10:46.0656018 UTC-05:00] [5208:7148] [FcVpnSched  88   debug] default msg 26
[2026-04-12 15:10:46.2883573 UTC-05:00] [5208:7148] [FcVpnSched  88   debug] default msg 26
[2026-04-12 15:10:46.7160536 UTC-05:00] [5208:7148] [FcVpnSched  88   debug] default msg 26
[2026-04-12 15:10:47.1493307 UTC-05:00] [5208:7148] [FcVpnSched  88   debug] default msg 26
[2026-04-12 15:10:47.4656505 UTC-05:00] [5208:7148] [FcVpnSched  88   debug] default msg 26
[2026-04-12 15:14:02.1615726 UTC-05:00] [5208:7148] [FcVpnSched  88   debug] default msg 30
[2026-04-12 15:14:02.2551843 UTC-05:00] [5208:7148] [FcVpnSched  88   debug] default msg 26
[2026-04-12 15:14:02.2587699 UTC-05:00] [5208:7148] [FcVpnSched  88   debug] default msg 26
[2026-04-12 15:14:02.2612062 UTC-05:00] [5208:7148] [FcVpnSched  88   debug] default msg 26
[2026-04-12 15:14:02.2637226 UTC-05:00] [5208:7148] [FcVpnSched  88   debug] default msg 26
[2026-04-12 15:14:02.2661590 UTC-05:00] [5208:7148] [FcVpnSched  88   debug] default msg 26
[2026-04-12 15:14:02.2685755 UTC-05:00] [5208:7148] [FcVpnSched  88   debug] default msg 26
[2026-04-12 15:14:02.2712766 UTC-05:00] [5208:7148] [FcVpnSched  88   debug] default msg 26
[2026-04-12 15:14:02.2740962 UTC-05:00] [5208:7148] [FcVpnSched  88   debug] default msg 26
[2026-04-12 15:14:02.2766438 UTC-05:00] [5208:7148] [FcVpnSched  88   debug] default msg 26
[2026-04-12 15:14:02.2791295 UTC-05:00] [5208:7148] [FcVpnSched  88   debug] default msg 26
[2026-04-12 15:14:02.2816006 UTC-05:00] [5208:7148] [FcVpnSched  88   debug] default msg 26
[2026-04-12 15:14:02.2841727 UTC-05:00] [5208:7148] [FcVpnSched  88   debug] default msg 26
[2026-04-12 15:14:02.2868856 UTC-05:00] [5208:7148] [FcVpnSched  88   debug] default msg 26
[2026-04-12 15:14:02.2896427 UTC-05:00] [5208:7148] [FcVpnSched  88   debug] default msg 26
[2026-04-12 15:14:02.2921220 UTC-05:00] [5208:7148] [FcVpnSched  88   debug] default msg 26
[2026-04-12 15:14:02.2945973 UTC-05:00] [5208:7148] [FcVpnSched  88   debug] default msg 26
[2026-04-12 15:14:02.2971070 UTC-05:00] [5208:7148] [FcVpnSched  88   debug] default msg 26
[2026-04-12 15:14:02.2995736 UTC-05:00] [5208:7148] [FcVpnSched  88   debug] default msg 26
[2026-04-12 15:14:02.3021046 UTC-05:00] [5208:7148] [FcVpnSched  88   debug] default msg 26
[2026-04-12 15:14:02.3045649 UTC-05:00] [5208:7148] [FcVpnSched  88   debug] default msg 26
[2026-04-12 15:14:02.3070661 UTC-05:00] [5208:7148] [FcVpnSched  88   debug] default msg 26
[2026-04-12 15:14:02.3094928 UTC-05:00] [5208:7148] [FcVpnSched  88   debug] default msg 26
[2026-04-12 15:14:02.3119223 UTC-05:00] [5208:7148] [FcVpnSched  88   debug] default msg 26
[2026-04-12 15:14:02.3143793 UTC-05:00] [5208:7148] [FcVpnSched  88   debug] default msg 26
[2026-04-12 15:14:02.3167037 UTC-05:00] [5208:7148] [FcVpnSched  88   debug] default msg 26
[2026-04-12 15:14:02.3198310 UTC-05:00] [5208:7148] [FcVpnSched  88   debug] default msg 26
[2026-04-12 15:14:02.3224664 UTC-05:00] [5208:7148] [FcVpnSched  88   debug] default msg 26
[2026-04-12 15:14:02.3248848 UTC-05:00] [5208:7148] [FcVpnSched  88   debug] default msg 26
[2026-04-12 15:14:02.3273469 UTC-05:00] [5208:7148] [FcVpnSched  88   debug] default msg 26
[2026-04-12 15:14:02.3297706 UTC-05:00] [5208:7148] [FcVpnSched  88   debug] default msg 26
[2026-04-12 15:14:02.3321634 UTC-05:00] [5208:7148] [FcVpnSched  88   debug] default msg 26
[2026-04-12 15:14:02.3354259 UTC-05:00] [5208:7148] [FcVpnSched  88   debug] default msg 26
[2026-04-12 15:14:02.3381458 UTC-05:00] [5208:7148] [FcVpnSched  88   debug] default msg 26
[2026-04-12 15:14:02.3406791 UTC-05:00] [5208:7148] [FcVpnSched  88   debug] default msg 26
[2026-04-12 15:14:02.3431328 UTC-05:00] [5208:7148] [FcVpnSched  88   debug] default msg 26
[2026-04-12 15:14:02.3455961 UTC-05:00] [5208:7148] [FcVpnSched  88   debug] default msg 26
[2026-04-12 15:14:02.3480611 UTC-05:00] [5208:7148] [FcVpnSched  88   debug] default msg 26
[2026-04-12 15:14:02.3512857 UTC-05:00] [5208:7148] [FcVpnSched  88   debug] default msg 26
[2026-04-12 15:14:02.3539587 UTC-05:00] [5208:7148] [FcVpnSched  88   debug] default msg 26
[2026-04-12 15:14:02.3564065 UTC-05:00] [5208:7148] [FcVpnSched  88   debug] default msg 26
[2026-04-12 15:14:02.3588438 UTC-05:00] [5208:7148] [FcVpnSched  88   debug] default msg 26
[2026-04-12 15:14:02.3611854 UTC-05:00] [5208:7148] [FcVpnSched  88   debug] default msg 26
[2026-04-12 15:14:02.3636148 UTC-05:00] [5208:7148] [FcVpnSched  88   debug] default msg 26
[2026-04-12 15:14:02.3669697 UTC-05:00] [5208:7148] [FcVpnSched  88   debug] default msg 26
[2026-04-12 15:14:02.3698020 UTC-05:00] [5208:7148] [FcVpnSched  88   debug] default msg 26
[2026-04-12 15:14:02.3722519 UTC-05:00] [5208:7148] [FcVpnSched  88   debug] default msg 26
[2026-04-12 15:14:02.3746755 UTC-05:00] [5208:7148] [FcVpnSched  88   debug] default msg 26
[2026-04-12 15:14:02.3771312 UTC-05:00] [5208:7148] [FcVpnSched  88   debug] default msg 26
[2026-04-12 15:14:02.3794827 UTC-05:00] [5208:7148] [FcVpnSched  88   debug] default msg 26
[2026-04-12 15:14:02.3836868 UTC-05:00] [5208:7148] [FcVpnSched  88   debug] default msg 26
[2026-04-12 15:14:02.3872731 UTC-05:00] [5208:7148] [FcVpnSched  88   debug] default msg 26
[2026-04-12 15:14:02.3898027 UTC-05:00] [5208:7148] [FcVpnSched  88   debug] default msg 26
[2026-04-12 15:14:02.3922729 UTC-05:00] [5208:7148] [FcVpnSched  88   debug] default msg 26
[2026-04-12 15:14:02.3947742 UTC-05:00] [5208:7148] [FcVpnSched  88   debug] default msg 26
[2026-04-12 15:14:02.3980651 UTC-05:00] [5208:7148] [FcVpnSched  88   debug] default msg 26
[2026-04-12 15:14:02.4021869 UTC-05:00] [5208:7148] [FcVpnSched  88   debug] default msg 26
[2026-04-12 15:14:02.5461094 UTC-05:00] [5208:7148] [FcVpnSched  88   debug] default msg 26
[2026-04-12 15:14:02.5487641 UTC-05:00] [5208:7148] [FcVpnSched  88   debug] default msg 26
[2026-04-12 15:14:02.5510617 UTC-05:00] [5208:7148] [FcVpnSched  88   debug] default msg 26
[2026-04-12 15:14:02.5532894 UTC-05:00] [5208:7148] [FcVpnSched  88   debug] default msg 26
[2026-04-12 15:14:02.5557786 UTC-05:00] [5208:7148] [FcVpnSched  88   debug] default msg 26
[2026-04-12 15:14:02.5581017 UTC-05:00] [5208:7148] [FcVpnSched  88   debug] default msg 26
[2026-04-12 15:14:02.5604521 UTC-05:00] [5208:7148] [FcVpnSched  88   debug] default msg 26
[2026-04-12 15:14:02.5626449 UTC-05:00] [5208:7148] [FcVpnSched  88   debug] default msg 26
[2026-04-12 15:14:02.5649272 UTC-05:00] [5208:7148] [FcVpnSched  88   debug] default msg 26
[2026-04-12 15:14:02.5671972 UTC-05:00] [5208:7148] [FcVpnSched  88   debug] default msg 26
[2026-04-12 15:14:02.5695546 UTC-05:00] [5208:7148] [FcVpnSched  88   debug] default msg 26
[2026-04-12 15:14:02.5721074 UTC-05:00] [5208:7148] [FcVpnSched  88   debug] default msg 26
[2026-04-12 15:14:02.5745051 UTC-05:00] [5208:7148] [FcVpnSched  88   debug] default msg 26
[2026-04-12 15:14:02.5768120 UTC-05:00] [5208:7148] [FcVpnSched  88   debug] default msg 26
[2026-04-12 15:14:02.5789892 UTC-05:00] [5208:7148] [FcVpnSched  88   debug] default msg 26
[2026-04-12 15:14:02.5810454 UTC-05:00] [5208:7148] [FcVpnSched  88   debug] default msg 26
[2026-04-12 15:14:02.5830978 UTC-05:00] [5208:7148] [FcVpnSched  88   debug] default msg 26
[2026-04-12 15:14:02.5853324 UTC-05:00] [5208:7148] [FcVpnSched  88   debug] default msg 26
[2026-04-12 15:14:02.5876480 UTC-05:00] [5208:7148] [FcVpnSched  88   debug] default msg 26
[2026-04-12 15:14:02.5897392 UTC-05:00] [5208:7148] [FcVpnSched  88   debug] default msg 26
[2026-04-12 15:14:02.5918611 UTC-05:00] [5208:7148] [FcVpnSched  88   debug] default msg 26
[2026-04-12 15:14:02.5939061 UTC-05:00] [5208:7148] [FcVpnSched  88   debug] default msg 26
[2026-04-12 15:14:02.5960352 UTC-05:00] [5208:7148] [FcVpnSched  88   debug] default msg 26
[2026-04-12 15:14:02.5981141 UTC-05:00] [5208:7148] [FcVpnSched  88   debug] default msg 26
[2026-04-12 15:14:02.6001767 UTC-05:00] [5208:7148] [FcVpnSched  88   debug] default msg 26
[2026-04-12 15:14:02.6037689 UTC-05:00] [5208:7148] [FcVpnSched  88   debug] default msg 26
[2026-04-12 15:14:02.6066334 UTC-05:00] [5208:7148] [FcVpnSched  88   debug] default msg 26
[2026-04-12 15:14:02.6091004 UTC-05:00] [5208:7148] [FcVpnSched  88   debug] default msg 26
[2026-04-12 15:14:02.6114925 UTC-05:00] [5208:7148] [FcVpnSched  88   debug] default msg 26
[2026-04-12 15:14:02.6139210 UTC-05:00] [5208:7148] [FcVpnSched  88   debug] default msg 26
[2026-04-12 15:14:02.6164569 UTC-05:00] [5208:7148] [FcVpnSched  88   debug] default msg 26
[2026-04-12 15:14:02.6188760 UTC-05:00] [5208:7148] [FcVpnSched  88   debug] default msg 26
[2026-04-12 16:18:44.8872349 UTC-05:00] [5208:7148] [FcVpnSched  88   debug] default msg 26
[2026-04-12 16:18:45.1235621 UTC-05:00] [5208:7148] [FcVpnSched  88   debug] default msg 26
[2026-04-12 16:18:45.3785711 UTC-05:00] [5208:7148] [FcVpnSched  88   debug] default msg 26
[2026-04-12 16:18:45.7090660 UTC-05:00] [5208:7148] [FcVpnSched  88   debug] default msg 26
[2026-04-12 16:18:45.9282917 UTC-05:00] [5208:7148] [FcVpnSched  88   debug] default msg 26
[2026-04-12 16:18:46.3579674 UTC-05:00] [5208:7148] [FcVpnSched  88   debug] default msg 26
[2026-04-12 16:18:46.7594478 UTC-05:00] [5208:7148] [FcVpnSched  88   debug] default msg 26
[2026-04-12 16:18:47.0694621 UTC-05:00] [5208:7148] [FcVpnSched  88   debug] default msg 26
[2026-04-12 16:27:50.8984011 UTC-05:00] [5208:7148] [FcVpnSched  88   debug] default msg 26
[2026-04-12 16:27:51.2088381 UTC-05:00] [5208:7148] [FcVpnSched  88   debug] default msg 26
[2026-04-12 17:26:45.2312172 UTC-05:00] [5208:7148] [FcVpnSched  88   debug] default msg 26
[2026-04-12 17:26:45.4907033 UTC-05:00] [5208:7148] [FcVpnSched  88   debug] default msg 26
[2026-04-12 17:26:45.7443405 UTC-05:00] [5208:7148] [FcVpnSched  88   debug] default msg 26
[2026-04-12 17:26:46.0811394 UTC-05:00] [5208:7148] [FcVpnSched  88   debug] default msg 26
[2026-04-12 17:26:46.3006418 UTC-05:00] [5208:7148] [FcVpnSched  88   debug] default msg 26
[2026-04-12 17:26:46.7440137 UTC-05:00] [5208:7148] [FcVpnSched  88   debug] default msg 26
[2026-04-12 17:26:47.1909589 UTC-05:00] [5208:7148] [FcVpnSched  88   debug] default msg 26
[2026-04-12 17:26:47.5241755 UTC-05:00] [5208:7148] [FcVpnSched  88   debug] default msg 26
[2026-04-12 18:17:02.1367936 UTC-05:00] [5208:7148] [FcVpnSched  88   debug] default msg 30
[2026-04-12 18:17:02.2439961 UTC-05:00] [5208:7148] [FcVpnSched  88   debug] default msg 26
[2026-04-12 18:17:02.2466612 UTC-05:00] [5208:7148] [FcVpnSched  88   debug] default msg 26
[2026-04-12 18:17:02.2495302 UTC-05:00] [5208:7148] [FcVpnSched  88   debug] default msg 26
[2026-04-12 18:17:02.2523674 UTC-05:00] [5208:7148] [FcVpnSched  88   debug] default msg 26
[2026-04-12 18:17:02.2548400 UTC-05:00] [5208:7148] [FcVpnSched  88   debug] default msg 26
[2026-04-12 18:17:02.2572105 UTC-05:00] [5208:7148] [FcVpnSched  88   debug] default msg 26
[2026-04-12 18:17:02.2595544 UTC-05:00] [5208:7148] [FcVpnSched  88   debug] default msg 26
[2026-04-12 18:17:02.2620081 UTC-05:00] [5208:7148] [FcVpnSched  88   debug] default msg 26
[2026-04-12 18:17:02.2645028 UTC-05:00] [5208:7148] [FcVpnSched  88   debug] default msg 26
[2026-04-12 18:17:02.2670766 UTC-05:00] [5208:7148] [FcVpnSched  88   debug] default msg 26
[2026-04-12 18:17:02.2693168 UTC-05:00] [5208:7148] [FcVpnSched  88   debug] default msg 26
[2026-04-12 18:17:02.2714950 UTC-05:00] [5208:7148] [FcVpnSched  88   debug] default msg 26
[2026-04-12 18:17:02.2736098 UTC-05:00] [5208:7148] [FcVpnSched  88   debug] default msg 26
[2026-04-12 18:17:02.2757273 UTC-05:00] [5208:7148] [FcVpnSched  88   debug] default msg 26
[2026-04-12 18:17:02.2778393 UTC-05:00] [5208:7148] [FcVpnSched  88   debug] default msg 26
[2026-04-12 18:17:02.2801591 UTC-05:00] [5208:7148] [FcVpnSched  88   debug] default msg 26
[2026-04-12 18:17:02.2830006 UTC-05:00] [5208:7148] [FcVpnSched  88   debug] default msg 26
[2026-04-12 18:17:02.2855431 UTC-05:00] [5208:7148] [FcVpnSched  88   debug] default msg 26
[2026-04-12 18:17:02.2878772 UTC-05:00] [5208:7148] [FcVpnSched  88   debug] default msg 26
[2026-04-12 18:17:02.2901533 UTC-05:00] [5208:7148] [FcVpnSched  88   debug] default msg 26
[2026-04-12 18:17:02.2924719 UTC-05:00] [5208:7148] [FcVpnSched  88   debug] default msg 26
[2026-04-12 18:17:02.2947095 UTC-05:00] [5208:7148] [FcVpnSched  88   debug] default msg 26
[2026-04-12 18:17:02.2974033 UTC-05:00] [5208:7148] [FcVpnSched  88   debug] default msg 26
[2026-04-12 18:17:02.2999678 UTC-05:00] [5208:7148] [FcVpnSched  88   debug] default msg 26
[2026-04-12 18:17:02.3023589 UTC-05:00] [5208:7148] [FcVpnSched  88   debug] default msg 26
[2026-04-12 18:17:02.3044641 UTC-05:00] [5208:7148] [FcVpnSched  88   debug] default msg 26
[2026-04-12 18:17:02.3065884 UTC-05:00] [5208:7148] [FcVpnSched  88   debug] default msg 26
[2026-04-12 18:17:02.3086248 UTC-05:00] [5208:7148] [FcVpnSched  88   debug] default msg 26
[2026-04-12 18:17:02.3106938 UTC-05:00] [5208:7148] [FcVpnSched  88   debug] default msg 26
[2026-04-12 18:17:02.3127720 UTC-05:00] [5208:7148] [FcVpnSched  88   debug] default msg 26
[2026-04-12 18:17:02.3148978 UTC-05:00] [5208:7148] [FcVpnSched  88   debug] default msg 26
[2026-04-12 18:17:02.3170303 UTC-05:00] [5208:7148] [FcVpnSched  88   debug] default msg 26
[2026-04-12 18:17:02.3191811 UTC-05:00] [5208:7148] [FcVpnSched  88   debug] default msg 26
[2026-04-12 18:17:02.3212642 UTC-05:00] [5208:7148] [FcVpnSched  88   debug] default msg 26
[2026-04-12 18:17:02.3233545 UTC-05:00] [5208:7148] [FcVpnSched  88   debug] default msg 26
[2026-04-12 18:17:02.3253981 UTC-05:00] [5208:7148] [FcVpnSched  88   debug] default msg 26
[2026-04-12 18:17:02.3277139 UTC-05:00] [5208:7148] [FcVpnSched  88   debug] default msg 26
[2026-04-12 18:17:02.3307346 UTC-05:00] [5208:7148] [FcVpnSched  88   debug] default msg 26
[2026-04-12 18:17:02.3331789 UTC-05:00] [5208:7148] [FcVpnSched  88   debug] default msg 26
[2026-04-12 18:17:02.3355323 UTC-05:00] [5208:7148] [FcVpnSched  88   debug] default msg 26
[2026-04-12 18:17:02.3381142 UTC-05:00] [5208:7148] [FcVpnSched  88   debug] default msg 26
[2026-04-12 18:17:02.3406854 UTC-05:00] [5208:7148] [FcVpnSched  88   debug] default msg 26
[2026-04-12 18:17:02.3444958 UTC-05:00] [5208:7148] [FcVpnSched  88   debug] default msg 26
[2026-04-12 18:17:02.3485506 UTC-05:00] [5208:7148] [FcVpnSched  88   debug] default msg 26
[2026-04-12 18:17:02.3518356 UTC-05:00] [5208:7148] [FcVpnSched  88   debug] default msg 26
[2026-04-12 18:17:02.3543604 UTC-05:00] [5208:7148] [FcVpnSched  88   debug] default msg 26
[2026-04-12 18:17:02.3567638 UTC-05:00] [5208:7148] [FcVpnSched  88   debug] default msg 26
[2026-04-12 18:17:02.3592210 UTC-05:00] [5208:7148] [FcVpnSched  88   debug] default msg 26
[2026-04-12 18:17:02.3617854 UTC-05:00] [5208:7148] [FcVpnSched  88   debug] default msg 26
[2026-04-12 18:17:02.3641707 UTC-05:00] [5208:7148] [FcVpnSched  88   debug] default msg 26
[2026-04-12 18:17:02.3663592 UTC-05:00] [5208:7148] [FcVpnSched  88   debug] default msg 26
[2026-04-12 18:17:02.3684850 UTC-05:00] [5208:7148] [FcVpnSched  88   debug] default msg 26
[2026-04-12 18:17:02.3705388 UTC-05:00] [5208:7148] [FcVpnSched  88   debug] default msg 26
[2026-04-12 18:17:02.3726176 UTC-05:00] [5208:7148] [FcVpnSched  88   debug] default msg 26
[2026-04-12 18:17:02.3748576 UTC-05:00] [5208:7148] [FcVpnSched  88   debug] default msg 26
[2026-04-12 18:17:02.3778966 UTC-05:00] [5208:7148] [FcVpnSched  88   debug] default msg 26
[2026-04-12 18:17:02.5218282 UTC-05:00] [5208:7148] [FcVpnSched  88   debug] default msg 26
[2026-04-12 18:17:02.5253557 UTC-05:00] [5208:7148] [FcVpnSched  88   debug] default msg 26
[2026-04-12 18:17:02.5278816 UTC-05:00] [5208:7148] [FcVpnSched  88   debug] default msg 26
[2026-04-12 18:17:02.5303965 UTC-05:00] [5208:7148] [FcVpnSched  88   debug] default msg 26
[2026-04-12 18:17:02.5327735 UTC-05:00] [5208:7148] [FcVpnSched  88   debug] default msg 26
[2026-04-12 18:17:02.5356319 UTC-05:00] [5208:7148] [FcVpnSched  88   debug] default msg 26
[2026-04-12 18:17:02.5382154 UTC-05:00] [5208:7148] [FcVpnSched  88   debug] default msg 26
[2026-04-12 18:17:02.5406870 UTC-05:00] [5208:7148] [FcVpnSched  88   debug] default msg 26
[2026-04-12 18:17:02.5432036 UTC-05:00] [5208:7148] [FcVpnSched  88   debug] default msg 26
[2026-04-12 18:17:02.5456781 UTC-05:00] [5208:7148] [FcVpnSched  88   debug] default msg 26
[2026-04-12 18:17:02.5480716 UTC-05:00] [5208:7148] [FcVpnSched  88   debug] default msg 26
[2026-04-12 18:17:02.5515380 UTC-05:00] [5208:7148] [FcVpnSched  88   debug] default msg 26
[2026-04-12 18:17:02.5546785 UTC-05:00] [5208:7148] [FcVpnSched  88   debug] default msg 26
[2026-04-12 18:17:02.5572225 UTC-05:00] [5208:7148] [FcVpnSched  88   debug] default msg 26
[2026-04-12 18:17:02.5596470 UTC-05:00] [5208:7148] [FcVpnSched  88   debug] default msg 26
[2026-04-12 18:17:02.5620517 UTC-05:00] [5208:7148] [FcVpnSched  88   debug] default msg 26
[2026-04-12 18:17:02.5644924 UTC-05:00] [5208:7148] [FcVpnSched  88   debug] default msg 26
[2026-04-12 18:17:02.5681847 UTC-05:00] [5208:7148] [FcVpnSched  88   debug] default msg 26
[2026-04-12 18:17:02.5708194 UTC-05:00] [5208:7148] [FcVpnSched  88   debug] default msg 26
[2026-04-12 18:17:02.5732443 UTC-05:00] [5208:7148] [FcVpnSched  88   debug] default msg 26
[2026-04-12 18:17:02.5756872 UTC-05:00] [5208:7148] [FcVpnSched  88   debug] default msg 26
[2026-04-12 18:17:02.5781335 UTC-05:00] [5208:7148] [FcVpnSched  88   debug] default msg 26
[2026-04-12 18:17:02.5809992 UTC-05:00] [5208:7148] [FcVpnSched  88   debug] default msg 26
[2026-04-12 18:17:02.5840787 UTC-05:00] [5208:7148] [FcVpnSched  88   debug] default msg 26
[2026-04-12 18:17:02.5866933 UTC-05:00] [5208:7148] [FcVpnSched  88   debug] default msg 26
[2026-04-12 18:17:02.5892176 UTC-05:00] [5208:7148] [FcVpnSched  88   debug] default msg 26
[2026-04-12 18:17:02.5916968 UTC-05:00] [5208:7148] [FcVpnSched  88   debug] default msg 26
[2026-04-12 18:17:02.5940858 UTC-05:00] [5208:7148] [FcVpnSched  88   debug] default msg 26
[2026-04-12 18:17:02.5970604 UTC-05:00] [5208:7148] [FcVpnSched  88   debug] default msg 26
[2026-04-12 18:17:02.6002077 UTC-05:00] [5208:7148] [FcVpnSched  88   debug] default msg 26
[2026-04-12 18:17:02.6029013 UTC-05:00] [5208:7148] [FcVpnSched  88   debug] default msg 26
[2026-04-12 18:17:02.6053868 UTC-05:00] [5208:7148] [FcVpnSched  88   debug] default msg 26
[2026-04-12 18:19:50.8861641 UTC-05:00] [5208:7148] [FcVpnSched  88   debug] default msg 26
[2026-04-12 18:19:51.2099992 UTC-05:00] [5208:7148] [FcVpnSched  88   debug] default msg 26
[2026-04-12 18:34:44.8737540 UTC-05:00] [5208:7148] [FcVpnSched  88   debug] default msg 26
[2026-04-12 18:34:45.1164356 UTC-05:00] [5208:7148] [FcVpnSched  88   debug] default msg 26
[2026-04-12 18:34:45.3703201 UTC-05:00] [5208:7148] [FcVpnSched  88   debug] default msg 26
[2026-04-12 18:34:45.6897531 UTC-05:00] [5208:7148] [FcVpnSched  88   debug] default msg 26
[2026-04-12 18:34:45.9074545 UTC-05:00] [5208:7148] [FcVpnSched  88   debug] default msg 26
[2026-04-12 18:34:46.3710734 UTC-05:00] [5208:7148] [FcVpnSched  88   debug] default msg 26
[2026-04-12 18:34:46.8004364 UTC-05:00] [5208:7148] [FcVpnSched  88   debug] default msg 26
[2026-04-12 18:34:47.1279032 UTC-05:00] [5208:7148] [FcVpnSched  88   debug] default msg 26
[2026-04-12 19:42:45.0811782 UTC-05:00] [5208:7148] [FcVpnSched  88   debug] default msg 26
[2026-04-12 19:42:45.3169914 UTC-05:00] [5208:7148] [FcVpnSched  88   debug] default msg 26
[2026-04-12 19:42:45.5681909 UTC-05:00] [5208:7148] [FcVpnSched  88   debug] default msg 26
[2026-04-12 19:42:45.8841580 UTC-05:00] [5208:7148] [FcVpnSched  88   debug] default msg 26
[2026-04-12 19:42:46.1201480 UTC-05:00] [5208:7148] [FcVpnSched  88   debug] default msg 26
[2026-04-12 19:42:46.5552841 UTC-05:00] [5208:7148] [FcVpnSched  88   debug] default msg 26
[2026-04-12 19:42:47.0116918 UTC-05:00] [5208:7148] [FcVpnSched  88   debug] default msg 26
[2026-04-12 19:42:47.3229947 UTC-05:00] [5208:7148] [FcVpnSched  88   debug] default msg 26
[2026-04-12 20:11:50.9894010 UTC-05:00] [5208:7148] [FcVpnSched  88   debug] default msg 26
[2026-04-12 20:11:51.2985408 UTC-05:00] [5208:7148] [FcVpnSched  88   debug] default msg 26
[2026-04-12 20:50:45.1457228 UTC-05:00] [5208:7148] [FcVpnSched  88   debug] default msg 26
[2026-04-12 20:50:45.3983510 UTC-05:00] [5208:7148] [FcVpnSched  88   debug] default msg 26
[2026-04-12 20:50:45.6566737 UTC-05:00] [5208:7148] [FcVpnSched  88   debug] default msg 26
[2026-04-12 20:50:45.9943176 UTC-05:00] [5208:7148] [FcVpnSched  88   debug] default msg 26
[2026-04-12 20:50:46.2104980 UTC-05:00] [5208:7148] [FcVpnSched  88   debug] default msg 26
[2026-04-12 20:50:46.6527572 UTC-05:00] [5208:7148] [FcVpnSched  88   debug] default msg 26
[2026-04-12 20:50:47.0648354 UTC-05:00] [5208:7148] [FcVpnSched  88   debug] default msg 26
[2026-04-12 20:50:47.3933395 UTC-05:00] [5208:7148] [FcVpnSched  88   debug] default msg 26
[2026-04-12 21:58:45.2146535 UTC-05:00] [5208:7148] [FcVpnSched  88   debug] default msg 26
[2026-04-12 21:58:45.4560032 UTC-05:00] [5208:7148] [FcVpnSched  88   debug] default msg 26
[2026-04-12 21:58:45.7117887 UTC-05:00] [5208:7148] [FcVpnSched  88   debug] default msg 26
[2026-04-12 21:58:46.0325301 UTC-05:00] [5208:7148] [FcVpnSched  88   debug] default msg 26
[2026-04-12 21:58:46.2551968 UTC-05:00] [5208:7148] [FcVpnSched  88   debug] default msg 26
[2026-04-12 21:58:46.6869829 UTC-05:00] [5208:7148] [FcVpnSched  88   debug] default msg 26
[2026-04-12 21:58:47.0861995 UTC-05:00] [5208:7148] [FcVpnSched  88   debug] default msg 26
[2026-04-12 21:58:47.3946927 UTC-05:00] [5208:7148] [FcVpnSched  88   debug] default msg 26
[2026-04-12 22:03:50.9506790 UTC-05:00] [5208:7148] [FcVpnSched  88   debug] default msg 26
[2026-04-12 22:03:51.2401636 UTC-05:00] [5208:7148] [FcVpnSched  88   debug] default msg 26
[2026-04-12 22:07:01.6703149 UTC-05:00] [5208:7148] [FcVpnSched  88   debug] default msg 30
[2026-04-12 22:07:01.7689823 UTC-05:00] [5208:7148] [FcVpnSched  88   debug] default msg 26
[2026-04-12 22:07:01.7715724 UTC-05:00] [5208:7148] [FcVpnSched  88   debug] default msg 26
[2026-04-12 22:07:01.7738464 UTC-05:00] [5208:7148] [FcVpnSched  88   debug] default msg 26
[2026-04-12 22:07:01.7760366 UTC-05:00] [5208:7148] [FcVpnSched  88   debug] default msg 26
[2026-04-12 22:07:01.7783491 UTC-05:00] [5208:7148] [FcVpnSched  88   debug] default msg 26
[2026-04-12 22:07:01.7807833 UTC-05:00] [5208:7148] [FcVpnSched  88   debug] default msg 26
[2026-04-12 22:07:01.7830560 UTC-05:00] [5208:7148] [FcVpnSched  88   debug] default msg 26
[2026-04-12 22:07:01.7853224 UTC-05:00] [5208:7148] [FcVpnSched  88   debug] default msg 26
[2026-04-12 22:07:01.7875488 UTC-05:00] [5208:7148] [FcVpnSched  88   debug] default msg 26
[2026-04-12 22:07:01.7897939 UTC-05:00] [5208:7148] [FcVpnSched  88   debug] default msg 26
[2026-04-12 22:07:01.7919432 UTC-05:00] [5208:7148] [FcVpnSched  88   debug] default msg 26
[2026-04-12 22:07:01.7941033 UTC-05:00] [5208:7148] [FcVpnSched  88   debug] default msg 26
[2026-04-12 22:07:01.7963547 UTC-05:00] [5208:7148] [FcVpnSched  88   debug] default msg 26
[2026-04-12 22:07:01.7983524 UTC-05:00] [5208:7148] [FcVpnSched  88   debug] default msg 26
[2026-04-12 22:07:01.8002863 UTC-05:00] [5208:7148] [FcVpnSched  88   debug] default msg 26
[2026-04-12 22:07:01.8022377 UTC-05:00] [5208:7148] [FcVpnSched  88   debug] default msg 26
[2026-04-12 22:07:01.8041582 UTC-05:00] [5208:7148] [FcVpnSched  88   debug] default msg 26
[2026-04-12 22:07:01.8060640 UTC-05:00] [5208:7148] [FcVpnSched  88   debug] default msg 26
[2026-04-12 22:07:01.8079312 UTC-05:00] [5208:7148] [FcVpnSched  88   debug] default msg 26
[2026-04-12 22:07:01.8099543 UTC-05:00] [5208:7148] [FcVpnSched  88   debug] default msg 26
[2026-04-12 22:07:01.8119407 UTC-05:00] [5208:7148] [FcVpnSched  88   debug] default msg 26
[2026-04-12 22:07:01.8138560 UTC-05:00] [5208:7148] [FcVpnSched  88   debug] default msg 26
[2026-04-12 22:07:01.8157808 UTC-05:00] [5208:7148] [FcVpnSched  88   debug] default msg 26
[2026-04-12 22:07:01.8177730 UTC-05:00] [5208:7148] [FcVpnSched  88   debug] default msg 26
[2026-04-12 22:07:01.8196970 UTC-05:00] [5208:7148] [FcVpnSched  88   debug] default msg 26
[2026-04-12 22:07:01.8218466 UTC-05:00] [5208:7148] [FcVpnSched  88   debug] default msg 26
[2026-04-12 22:07:01.8238116 UTC-05:00] [5208:7148] [FcVpnSched  88   debug] default msg 26
[2026-04-12 22:07:01.8260334 UTC-05:00] [5208:7148] [FcVpnSched  88   debug] default msg 26
[2026-04-12 22:07:01.8284881 UTC-05:00] [5208:7148] [FcVpnSched  88   debug] default msg 26
[2026-04-12 22:07:01.8307922 UTC-05:00] [5208:7148] [FcVpnSched  88   debug] default msg 26
[2026-04-12 22:07:01.8329138 UTC-05:00] [5208:7148] [FcVpnSched  88   debug] default msg 26
[2026-04-12 22:07:01.8348371 UTC-05:00] [5208:7148] [FcVpnSched  88   debug] default msg 26
[2026-04-12 22:07:01.8367858 UTC-05:00] [5208:7148] [FcVpnSched  88   debug] default msg 26
[2026-04-12 22:07:01.8396701 UTC-05:00] [5208:7148] [FcVpnSched  88   debug] default msg 26
[2026-04-12 22:07:01.8422957 UTC-05:00] [5208:7148] [FcVpnSched  88   debug] default msg 26
[2026-04-12 22:07:01.8448387 UTC-05:00] [5208:7148] [FcVpnSched  88   debug] default msg 26
[2026-04-12 22:07:01.8470627 UTC-05:00] [5208:7148] [FcVpnSched  88   debug] default msg 26
[2026-04-12 22:07:01.8492297 UTC-05:00] [5208:7148] [FcVpnSched  88   debug] default msg 26
[2026-04-12 22:07:01.8514310 UTC-05:00] [5208:7148] [FcVpnSched  88   debug] default msg 26
[2026-04-12 22:07:01.8538635 UTC-05:00] [5208:7148] [FcVpnSched  88   debug] default msg 26
[2026-04-12 22:07:01.8567979 UTC-05:00] [5208:7148] [FcVpnSched  88   debug] default msg 26
[2026-04-12 22:07:01.8593581 UTC-05:00] [5208:7148] [FcVpnSched  88   debug] default msg 26
[2026-04-12 22:07:01.8626804 UTC-05:00] [5208:7148] [FcVpnSched  88   debug] default msg 26
[2026-04-12 22:07:01.8654499 UTC-05:00] [5208:7148] [FcVpnSched  88   debug] default msg 26
[2026-04-12 22:07:01.8676773 UTC-05:00] [5208:7148] [FcVpnSched  88   debug] default msg 26
[2026-04-12 22:07:01.8698102 UTC-05:00] [5208:7148] [FcVpnSched  88   debug] default msg 26
[2026-04-12 22:07:01.8720284 UTC-05:00] [5208:7148] [FcVpnSched  88   debug] default msg 26
[2026-04-12 22:07:01.8742164 UTC-05:00] [5208:7148] [FcVpnSched  88   debug] default msg 26
[2026-04-12 22:07:01.8764407 UTC-05:00] [5208:7148] [FcVpnSched  88   debug] default msg 26
[2026-04-12 22:07:01.8785744 UTC-05:00] [5208:7148] [FcVpnSched  88   debug] default msg 26
[2026-04-12 22:07:01.8807025 UTC-05:00] [5208:7148] [FcVpnSched  88   debug] default msg 26
[2026-04-12 22:07:01.8828575 UTC-05:00] [5208:7148] [FcVpnSched  88   debug] default msg 26
[2026-04-12 22:07:01.8850315 UTC-05:00] [5208:7148] [FcVpnSched  88   debug] default msg 26
[2026-04-12 22:07:01.8872013 UTC-05:00] [5208:7148] [FcVpnSched  88   debug] default msg 26
[2026-04-12 22:07:01.8898362 UTC-05:00] [5208:7148] [FcVpnSched  88   debug] default msg 26
[2026-04-12 22:07:01.8921032 UTC-05:00] [5208:7148] [FcVpnSched  88   debug] default msg 26
[2026-04-12 22:07:02.0388899 UTC-05:00] [5208:7148] [FcVpnSched  88   debug] default msg 26
[2026-04-12 22:07:02.0415224 UTC-05:00] [5208:7148] [FcVpnSched  88   debug] default msg 26
[2026-04-12 22:07:02.0437490 UTC-05:00] [5208:7148] [FcVpnSched  88   debug] default msg 26
[2026-04-12 22:07:02.0459106 UTC-05:00] [5208:7148] [FcVpnSched  88   debug] default msg 26
[2026-04-12 22:07:02.0489984 UTC-05:00] [5208:7148] [FcVpnSched  88   debug] default msg 26
[2026-04-12 22:07:02.0519805 UTC-05:00] [5208:7148] [FcVpnSched  88   debug] default msg 26
[2026-04-12 22:07:02.0549892 UTC-05:00] [5208:7148] [FcVpnSched  88   debug] default msg 26
[2026-04-12 22:07:02.0575680 UTC-05:00] [5208:7148] [FcVpnSched  88   debug] default msg 26
[2026-04-12 22:07:02.0599037 UTC-05:00] [5208:7148] [FcVpnSched  88   debug] default msg 26
[2026-04-12 22:07:02.0623492 UTC-05:00] [5208:7148] [FcVpnSched  88   debug] default msg 26
[2026-04-12 22:07:02.0659669 UTC-05:00] [5208:7148] [FcVpnSched  88   debug] default msg 26
[2026-04-12 22:07:02.0686028 UTC-05:00] [5208:7148] [FcVpnSched  88   debug] default msg 26
[2026-04-12 22:07:02.0711031 UTC-05:00] [5208:7148] [FcVpnSched  88   debug] default msg 26
[2026-04-12 22:07:02.0737950 UTC-05:00] [5208:7148] [FcVpnSched  88   debug] default msg 26
[2026-04-12 22:07:02.0761618 UTC-05:00] [5208:7148] [FcVpnSched  88   debug] default msg 26
[2026-04-12 22:07:02.0783801 UTC-05:00] [5208:7148] [FcVpnSched  88   debug] default msg 26
[2026-04-12 22:07:02.0806267 UTC-05:00] [5208:7148] [FcVpnSched  88   debug] default msg 26
[2026-04-12 22:07:02.0828545 UTC-05:00] [5208:7148] [FcVpnSched  88   debug] default msg 26
[2026-04-12 22:07:02.0850722 UTC-05:00] [5208:7148] [FcVpnSched  88   debug] default msg 26
[2026-04-12 22:07:02.0873179 UTC-05:00] [5208:7148] [FcVpnSched  88   debug] default msg 26
[2026-04-12 22:07:02.0895498 UTC-05:00] [5208:7148] [FcVpnSched  88   debug] default msg 26
[2026-04-12 22:07:02.0916700 UTC-05:00] [5208:7148] [FcVpnSched  88   debug] default msg 26
[2026-04-12 22:07:02.0940934 UTC-05:00] [5208:7148] [FcVpnSched  88   debug] default msg 26
[2026-04-12 22:07:02.0969400 UTC-05:00] [5208:7148] [FcVpnSched  88   debug] default msg 26
[2026-04-12 22:07:02.0993035 UTC-05:00] [5208:7148] [FcVpnSched  88   debug] default msg 26
[2026-04-12 22:07:02.1015990 UTC-05:00] [5208:7148] [FcVpnSched  88   debug] default msg 26
[2026-04-12 22:07:02.1038250 UTC-05:00] [5208:7148] [FcVpnSched  88   debug] default msg 26
[2026-04-12 22:07:02.1060842 UTC-05:00] [5208:7148] [FcVpnSched  88   debug] default msg 26
[2026-04-12 22:07:02.1082902 UTC-05:00] [5208:7148] [FcVpnSched  88   debug] default msg 26
[2026-04-12 22:07:02.1141226 UTC-05:00] [5208:7148] [FcVpnSched  88   debug] default msg 26
[2026-04-12 22:07:02.1166384 UTC-05:00] [5208:7148] [FcVpnSched  88   debug] default msg 26
[2026-04-12 22:07:02.1189521 UTC-05:00] [5208:7148] [FcVpnSched  88   debug] default msg 26
[2026-04-12 23:06:45.4913866 UTC-05:00] [5208:7148] [FcVpnSched  88   debug] default msg 26
[2026-04-12 23:06:45.7301290 UTC-05:00] [5208:7148] [FcVpnSched  88   debug] default msg 26
[2026-04-12 23:06:46.0166892 UTC-05:00] [5208:7148] [FcVpnSched  88   debug] default msg 26
[2026-04-12 23:06:46.4090653 UTC-05:00] [5208:7148] [FcVpnSched  88   debug] default msg 26
[2026-04-12 23:06:46.7363736 UTC-05:00] [5208:7148] [FcVpnSched  88   debug] default msg 26
[2026-04-12 23:06:47.1597920 UTC-05:00] [5208:7148] [FcVpnSched  88   debug] default msg 26
[2026-04-12 23:06:47.5572649 UTC-05:00] [5208:7148] [FcVpnSched  88   debug] default msg 26
[2026-04-12 23:06:47.8630726 UTC-05:00] [5208:7148] [FcVpnSched  88   debug] default msg 26
[2026-04-12 23:14:02.1938932 UTC-05:00] [5208:7148] [FcVpnSched  88   debug] default msg 30
[2026-04-12 23:14:02.2902447 UTC-05:00] [5208:7148] [FcVpnSched  88   debug] default msg 26
[2026-04-12 23:14:02.2932328 UTC-05:00] [5208:7148] [FcVpnSched  88   debug] default msg 26
[2026-04-12 23:14:02.2958908 UTC-05:00] [5208:7148] [FcVpnSched  88   debug] default msg 26
[2026-04-12 23:14:02.2988017 UTC-05:00] [5208:7148] [FcVpnSched  88   debug] default msg 26
[2026-04-12 23:14:02.3018637 UTC-05:00] [5208:7148] [FcVpnSched  88   debug] default msg 26
[2026-04-12 23:14:02.3047997 UTC-05:00] [5208:7148] [FcVpnSched  88   debug] default msg 26
[2026-04-12 23:14:02.3074243 UTC-05:00] [5208:7148] [FcVpnSched  88   debug] default msg 26
[2026-04-12 23:14:02.3100964 UTC-05:00] [5208:7148] [FcVpnSched  88   debug] default msg 26
[2026-04-12 23:14:02.3126058 UTC-05:00] [5208:7148] [FcVpnSched  88   debug] default msg 26
[2026-04-12 23:14:02.3152312 UTC-05:00] [5208:7148] [FcVpnSched  88   debug] default msg 26
[2026-04-12 23:14:02.3178553 UTC-05:00] [5208:7148] [FcVpnSched  88   debug] default msg 26
[2026-04-12 23:14:02.3204699 UTC-05:00] [5208:7148] [FcVpnSched  88   debug] default msg 26
[2026-04-12 23:14:02.3230544 UTC-05:00] [5208:7148] [FcVpnSched  88   debug] default msg 26
[2026-04-12 23:14:02.3255846 UTC-05:00] [5208:7148] [FcVpnSched  88   debug] default msg 26
[2026-04-12 23:14:02.3282023 UTC-05:00] [5208:7148] [FcVpnSched  88   debug] default msg 26
[2026-04-12 23:14:02.3308930 UTC-05:00] [5208:7148] [FcVpnSched  88   debug] default msg 26
[2026-04-12 23:14:02.3334961 UTC-05:00] [5208:7148] [FcVpnSched  88   debug] default msg 26
[2026-04-12 23:14:02.3361189 UTC-05:00] [5208:7148] [FcVpnSched  88   debug] default msg 26
[2026-04-12 23:14:02.3386926 UTC-05:00] [5208:7148] [FcVpnSched  88   debug] default msg 26
[2026-04-12 23:14:02.3412905 UTC-05:00] [5208:7148] [FcVpnSched  88   debug] default msg 26
[2026-04-12 23:14:02.3438676 UTC-05:00] [5208:7148] [FcVpnSched  88   debug] default msg 26
[2026-04-12 23:14:02.3468465 UTC-05:00] [5208:7148] [FcVpnSched  88   debug] default msg 26
[2026-04-12 23:14:02.3500676 UTC-05:00] [5208:7148] [FcVpnSched  88   debug] default msg 26
[2026-04-12 23:14:02.3531058 UTC-05:00] [5208:7148] [FcVpnSched  88   debug] default msg 26
[2026-04-12 23:14:02.3562068 UTC-05:00] [5208:7148] [FcVpnSched  88   debug] default msg 26
[2026-04-12 23:14:02.3589972 UTC-05:00] [5208:7148] [FcVpnSched  88   debug] default msg 26
[2026-04-12 23:14:02.3623529 UTC-05:00] [5208:7148] [FcVpnSched  88   debug] default msg 26
[2026-04-12 23:14:02.3652333 UTC-05:00] [5208:7148] [FcVpnSched  88   debug] default msg 26
[2026-04-12 23:14:02.3685110 UTC-05:00] [5208:7148] [FcVpnSched  88   debug] default msg 26
[2026-04-12 23:14:02.3714902 UTC-05:00] [5208:7148] [FcVpnSched  88   debug] default msg 26
[2026-04-12 23:14:02.3743996 UTC-05:00] [5208:7148] [FcVpnSched  88   debug] default msg 26
[2026-04-12 23:14:02.3775053 UTC-05:00] [5208:7148] [FcVpnSched  88   debug] default msg 26
[2026-04-12 23:14:02.3804460 UTC-05:00] [5208:7148] [FcVpnSched  88   debug] default msg 26
[2026-04-12 23:14:02.3834761 UTC-05:00] [5208:7148] [FcVpnSched  88   debug] default msg 26
[2026-04-12 23:14:02.3864334 UTC-05:00] [5208:7148] [FcVpnSched  88   debug] default msg 26
[2026-04-12 23:14:02.3894237 UTC-05:00] [5208:7148] [FcVpnSched  88   debug] default msg 26
[2026-04-12 23:14:02.3931842 UTC-05:00] [5208:7148] [FcVpnSched  88   debug] default msg 26
[2026-04-12 23:14:02.3964011 UTC-05:00] [5208:7148] [FcVpnSched  88   debug] default msg 26
[2026-04-12 23:14:02.3994535 UTC-05:00] [5208:7148] [FcVpnSched  88   debug] default msg 26
[2026-04-12 23:14:02.4023701 UTC-05:00] [5208:7148] [FcVpnSched  88   debug] default msg 26
[2026-04-12 23:14:02.4052055 UTC-05:00] [5208:7148] [FcVpnSched  88   debug] default msg 26
[2026-04-12 23:14:02.4083238 UTC-05:00] [5208:7148] [FcVpnSched  88   debug] default msg 26
[2026-04-12 23:14:02.4112759 UTC-05:00] [5208:7148] [FcVpnSched  88   debug] default msg 26
[2026-04-12 23:14:02.4140234 UTC-05:00] [5208:7148] [FcVpnSched  88   debug] default msg 26
[2026-04-12 23:14:02.4168608 UTC-05:00] [5208:7148] [FcVpnSched  88   debug] default msg 26
[2026-04-12 23:14:02.4197400 UTC-05:00] [5208:7148] [FcVpnSched  88   debug] default msg 26
[2026-04-12 23:14:02.4229994 UTC-05:00] [5208:7148] [FcVpnSched  88   debug] default msg 26
[2026-04-12 23:14:02.4258387 UTC-05:00] [5208:7148] [FcVpnSched  88   debug] default msg 26
[2026-04-12 23:14:02.4290945 UTC-05:00] [5208:7148] [FcVpnSched  88   debug] default msg 26
[2026-04-12 23:14:02.4322278 UTC-05:00] [5208:7148] [FcVpnSched  88   debug] default msg 26
[2026-04-12 23:14:02.4349345 UTC-05:00] [5208:7148] [FcVpnSched  88   debug] default msg 26
[2026-04-12 23:14:02.4374893 UTC-05:00] [5208:7148] [FcVpnSched  88   debug] default msg 26
[2026-04-12 23:14:02.4411642 UTC-05:00] [5208:7148] [FcVpnSched  88   debug] default msg 26
[2026-04-12 23:14:02.4440079 UTC-05:00] [5208:7148] [FcVpnSched  88   debug] default msg 26
[2026-04-12 23:14:02.4467228 UTC-05:00] [5208:7148] [FcVpnSched  88   debug] default msg 26
[2026-04-12 23:14:02.4492578 UTC-05:00] [5208:7148] [FcVpnSched  88   debug] default msg 26
[2026-04-12 23:14:02.6177719 UTC-05:00] [5208:7148] [FcVpnSched  88   debug] default msg 26
[2026-04-12 23:14:02.6205382 UTC-05:00] [5208:7148] [FcVpnSched  88   debug] default msg 26
[2026-04-12 23:14:02.6228522 UTC-05:00] [5208:7148] [FcVpnSched  88   debug] default msg 26
[2026-04-12 23:14:02.6251664 UTC-05:00] [5208:7148] [FcVpnSched  88   debug] default msg 26
[2026-04-12 23:14:02.6274566 UTC-05:00] [5208:7148] [FcVpnSched  88   debug] default msg 26
[2026-04-12 23:14:02.6299008 UTC-05:00] [5208:7148] [FcVpnSched  88   debug] default msg 26
[2026-04-12 23:14:02.6322411 UTC-05:00] [5208:7148] [FcVpnSched  88   debug] default msg 26
[2026-04-12 23:14:02.6345806 UTC-05:00] [5208:7148] [FcVpnSched  88   debug] default msg 26
[2026-04-12 23:14:02.6369494 UTC-05:00] [5208:7148] [FcVpnSched  88   debug] default msg 26
[2026-04-12 23:14:02.6392426 UTC-05:00] [5208:7148] [FcVpnSched  88   debug] default msg 26
[2026-04-12 23:14:02.6415416 UTC-05:00] [5208:7148] [FcVpnSched  88   debug] default msg 26
[2026-04-12 23:14:02.6437369 UTC-05:00] [5208:7148] [FcVpnSched  88   debug] default msg 26
[2026-04-12 23:14:02.6460805 UTC-05:00] [5208:7148] [FcVpnSched  88   debug] default msg 26
[2026-04-12 23:14:02.6483602 UTC-05:00] [5208:7148] [FcVpnSched  88   debug] default msg 26
[2026-04-12 23:14:02.6504750 UTC-05:00] [5208:7148] [FcVpnSched  88   debug] default msg 26
[2026-04-12 23:14:02.6525962 UTC-05:00] [5208:7148] [FcVpnSched  88   debug] default msg 26
[2026-04-12 23:14:02.6546931 UTC-05:00] [5208:7148] [FcVpnSched  88   debug] default msg 26
[2026-04-12 23:14:02.6568423 UTC-05:00] [5208:7148] [FcVpnSched  88   debug] default msg 26
[2026-04-12 23:14:02.6589379 UTC-05:00] [5208:7148] [FcVpnSched  88   debug] default msg 26
[2026-04-12 23:14:02.6612257 UTC-05:00] [5208:7148] [FcVpnSched  88   debug] default msg 26
[2026-04-12 23:14:02.6638283 UTC-05:00] [5208:7148] [FcVpnSched  88   debug] default msg 26
[2026-04-12 23:14:02.6660742 UTC-05:00] [5208:7148] [FcVpnSched  88   debug] default msg 26
[2026-04-12 23:14:02.6682331 UTC-05:00] [5208:7148] [FcVpnSched  88   debug] default msg 26
[2026-04-12 23:14:02.6704307 UTC-05:00] [5208:7148] [FcVpnSched  88   debug] default msg 26
[2026-04-12 23:14:02.6726482 UTC-05:00] [5208:7148] [FcVpnSched  88   debug] default msg 26
[2026-04-12 23:14:02.6747863 UTC-05:00] [5208:7148] [FcVpnSched  88   debug] default msg 26
[2026-04-12 23:14:02.6777275 UTC-05:00] [5208:7148] [FcVpnSched  88   debug] default msg 26
[2026-04-12 23:14:02.6805065 UTC-05:00] [5208:7148] [FcVpnSched  88   debug] default msg 26
[2026-04-12 23:14:02.6832344 UTC-05:00] [5208:7148] [FcVpnSched  88   debug] default msg 26
[2026-04-12 23:14:02.6856208 UTC-05:00] [5208:7148] [FcVpnSched  88   debug] default msg 26
[2026-04-12 23:14:02.6879994 UTC-05:00] [5208:7148] [FcVpnSched  88   debug] default msg 26
[2026-04-12 23:14:02.6903836 UTC-05:00] [5208:7148] [FcVpnSched  88   debug] default msg 26
[2026-04-12 23:55:51.0252289 UTC-05:00] [5208:7148] [FcVpnSched  88   debug] default msg 26
[2026-04-12 23:55:51.3298016 UTC-05:00] [5208:7148] [FcVpnSched  88   debug] default msg 26
[2026-04-13 00:14:45.0489120 UTC-05:00] [5208:7148] [FcVpnSched  88   debug] default msg 26
[2026-04-13 00:14:45.2933821 UTC-05:00] [5208:7148] [FcVpnSched  88   debug] default msg 26
[2026-04-13 00:14:45.5557901 UTC-05:00] [5208:7148] [FcVpnSched  88   debug] default msg 26
[2026-04-13 00:14:45.9051288 UTC-05:00] [5208:7148] [FcVpnSched  88   debug] default msg 26
[2026-04-13 00:14:46.1167174 UTC-05:00] [5208:7148] [FcVpnSched  88   debug] default msg 26
[2026-04-13 00:14:46.5624011 UTC-05:00] [5208:7148] [FcVpnSched  88   debug] default msg 26
[2026-04-13 00:14:46.9809727 UTC-05:00] [5208:7148] [FcVpnSched  88   debug] default msg 26
[2026-04-13 00:14:47.3190544 UTC-05:00] [5208:7148] [FcVpnSched  88   debug] default msg 26
[2026-04-13 01:22:45.3384204 UTC-05:00] [5208:7148] [FcVpnSched  88   debug] default msg 26
[2026-04-13 01:22:45.5739109 UTC-05:00] [5208:7148] [FcVpnSched  88   debug] default msg 26
[2026-04-13 01:22:45.8157882 UTC-05:00] [5208:7148] [FcVpnSched  88   debug] default msg 26
[2026-04-13 01:22:46.1279259 UTC-05:00] [5208:7148] [FcVpnSched  88   debug] default msg 26
[2026-04-13 01:22:46.3517176 UTC-05:00] [5208:7148] [FcVpnSched  88   debug] default msg 26
[2026-04-13 01:22:46.8085235 UTC-05:00] [5208:7148] [FcVpnSched  88   debug] default msg 26
[2026-04-13 01:22:47.2079853 UTC-05:00] [5208:7148] [FcVpnSched  88   debug] default msg 26
[2026-04-13 01:22:47.5129815 UTC-05:00] [5208:7148] [FcVpnSched  88   debug] default msg 26
[2026-04-13 01:47:51.1280820 UTC-05:00] [5208:7148] [FcVpnSched  88   debug] default msg 26
[2026-04-13 01:47:51.4327924 UTC-05:00] [5208:7148] [FcVpnSched  88   debug] default msg 26
[2026-04-13 01:57:01.8868011 UTC-05:00] [5208:7148] [FcVpnSched  88   debug] default msg 30
[2026-04-13 01:57:01.9807230 UTC-05:00] [5208:7148] [FcVpnSched  88   debug] default msg 26
[2026-04-13 01:57:01.9835865 UTC-05:00] [5208:7148] [FcVpnSched  88   debug] default msg 26
[2026-04-13 01:57:01.9861848 UTC-05:00] [5208:7148] [FcVpnSched  88   debug] default msg 26
[2026-04-13 01:57:01.9887046 UTC-05:00] [5208:7148] [FcVpnSched  88   debug] default msg 26
[2026-04-13 01:57:01.9911465 UTC-05:00] [5208:7148] [FcVpnSched  88   debug] default msg 26
[2026-04-13 01:57:01.9937554 UTC-05:00] [5208:7148] [FcVpnSched  88   debug] default msg 26
[2026-04-13 01:57:01.9962313 UTC-05:00] [5208:7148] [FcVpnSched  88   debug] default msg 26
[2026-04-13 01:57:01.9985818 UTC-05:00] [5208:7148] [FcVpnSched  88   debug] default msg 26
[2026-04-13 01:57:02.0009216 UTC-05:00] [5208:7148] [FcVpnSched  88   debug] default msg 26
[2026-04-13 01:57:02.0032120 UTC-05:00] [5208:7148] [FcVpnSched  88   debug] default msg 26
[2026-04-13 01:57:02.0056059 UTC-05:00] [5208:7148] [FcVpnSched  88   debug] default msg 26
[2026-04-13 01:57:02.0079637 UTC-05:00] [5208:7148] [FcVpnSched  88   debug] default msg 26
[2026-04-13 01:57:02.0105218 UTC-05:00] [5208:7148] [FcVpnSched  88   debug] default msg 26
[2026-04-13 01:57:02.0131478 UTC-05:00] [5208:7148] [FcVpnSched  88   debug] default msg 26
[2026-04-13 01:57:02.0156419 UTC-05:00] [5208:7148] [FcVpnSched  88   debug] default msg 26
[2026-04-13 01:57:02.0181660 UTC-05:00] [5208:7148] [FcVpnSched  88   debug] default msg 26
[2026-04-13 01:57:02.0207277 UTC-05:00] [5208:7148] [FcVpnSched  88   debug] default msg 26
[2026-04-13 01:57:02.0231053 UTC-05:00] [5208:7148] [FcVpnSched  88   debug] default msg 26
[2026-04-13 01:57:02.0262677 UTC-05:00] [5208:7148] [FcVpnSched  88   debug] default msg 26
[2026-04-13 01:57:02.0288964 UTC-05:00] [5208:7148] [FcVpnSched  88   debug] default msg 26
[2026-04-13 01:57:02.0313891 UTC-05:00] [5208:7148] [FcVpnSched  88   debug] default msg 26
[2026-04-13 01:57:02.0339283 UTC-05:00] [5208:7148] [FcVpnSched  88   debug] default msg 26
[2026-04-13 01:57:02.0364176 UTC-05:00] [5208:7148] [FcVpnSched  88   debug] default msg 26
[2026-04-13 01:57:02.0388080 UTC-05:00] [5208:7148] [FcVpnSched  88   debug] default msg 26
[2026-04-13 01:57:02.0414529 UTC-05:00] [5208:7148] [FcVpnSched  88   debug] default msg 26
[2026-04-13 01:57:02.0436469 UTC-05:00] [5208:7148] [FcVpnSched  88   debug] default msg 26
[2026-04-13 01:57:02.0458598 UTC-05:00] [5208:7148] [FcVpnSched  88   debug] default msg 26
[2026-04-13 01:57:02.0480474 UTC-05:00] [5208:7148] [FcVpnSched  88   debug] default msg 26
[2026-04-13 01:57:02.0502591 UTC-05:00] [5208:7148] [FcVpnSched  88   debug] default msg 26
[2026-04-13 01:57:02.0524873 UTC-05:00] [5208:7148] [FcVpnSched  88   debug] default msg 26
[2026-04-13 01:57:02.0546567 UTC-05:00] [5208:7148] [FcVpnSched  88   debug] default msg 26
[2026-04-13 01:57:02.0570718 UTC-05:00] [5208:7148] [FcVpnSched  88   debug] default msg 26
[2026-04-13 01:57:02.0592446 UTC-05:00] [5208:7148] [FcVpnSched  88   debug] default msg 26
[2026-04-13 01:57:02.0612164 UTC-05:00] [5208:7148] [FcVpnSched  88   debug] default msg 26
[2026-04-13 01:57:02.0632253 UTC-05:00] [5208:7148] [FcVpnSched  88   debug] default msg 26
[2026-04-13 01:57:02.0652968 UTC-05:00] [5208:7148] [FcVpnSched  88   debug] default msg 26
[2026-04-13 01:57:02.0672940 UTC-05:00] [5208:7148] [FcVpnSched  88   debug] default msg 26
[2026-04-13 01:57:02.0692807 UTC-05:00] [5208:7148] [FcVpnSched  88   debug] default msg 26
[2026-04-13 01:57:02.0715485 UTC-05:00] [5208:7148] [FcVpnSched  88   debug] default msg 26
[2026-04-13 01:57:02.0741037 UTC-05:00] [5208:7148] [FcVpnSched  88   debug] default msg 26
[2026-04-13 01:57:02.0765153 UTC-05:00] [5208:7148] [FcVpnSched  88   debug] default msg 26
[2026-04-13 01:57:02.0787608 UTC-05:00] [5208:7148] [FcVpnSched  88   debug] default msg 26
[2026-04-13 01:57:02.0809970 UTC-05:00] [5208:7148] [FcVpnSched  88   debug] default msg 26
[2026-04-13 01:57:02.0832686 UTC-05:00] [5208:7148] [FcVpnSched  88   debug] default msg 26
[2026-04-13 01:57:02.0854737 UTC-05:00] [5208:7148] [FcVpnSched  88   debug] default msg 26
[2026-04-13 01:57:02.0877980 UTC-05:00] [5208:7148] [FcVpnSched  88   debug] default msg 26
[2026-04-13 01:57:02.0901171 UTC-05:00] [5208:7148] [FcVpnSched  88   debug] default msg 26
[2026-04-13 01:57:02.0920767 UTC-05:00] [5208:7148] [FcVpnSched  88   debug] default msg 26
[2026-04-13 01:57:02.0941010 UTC-05:00] [5208:7148] [FcVpnSched  88   debug] default msg 26
[2026-04-13 01:57:02.0962532 UTC-05:00] [5208:7148] [FcVpnSched  88   debug] default msg 26
[2026-04-13 01:57:02.0983997 UTC-05:00] [5208:7148] [FcVpnSched  88   debug] default msg 26
[2026-04-13 01:57:02.1005737 UTC-05:00] [5208:7148] [FcVpnSched  88   debug] default msg 26
[2026-04-13 01:57:02.1027645 UTC-05:00] [5208:7148] [FcVpnSched  88   debug] default msg 26
[2026-04-13 01:57:02.1049885 UTC-05:00] [5208:7148] [FcVpnSched  88   debug] default msg 26
[2026-04-13 01:57:02.1070752 UTC-05:00] [5208:7148] [FcVpnSched  88   debug] default msg 26
[2026-04-13 01:57:02.1090442 UTC-05:00] [5208:7148] [FcVpnSched  88   debug] default msg 26
[2026-04-13 01:57:02.2610082 UTC-05:00] [5208:7148] [FcVpnSched  88   debug] default msg 26
[2026-04-13 01:57:02.2649538 UTC-05:00] [5208:7148] [FcVpnSched  88   debug] default msg 26
[2026-04-13 01:57:02.2682085 UTC-05:00] [5208:7148] [FcVpnSched  88   debug] default msg 26
[2026-04-13 01:57:02.2706749 UTC-05:00] [5208:7148] [FcVpnSched  88   debug] default msg 26
[2026-04-13 01:57:02.2731190 UTC-05:00] [5208:7148] [FcVpnSched  88   debug] default msg 26
[2026-04-13 01:57:02.2754404 UTC-05:00] [5208:7148] [FcVpnSched  88   debug] default msg 26
[2026-04-13 01:57:02.2788697 UTC-05:00] [5208:7148] [FcVpnSched  88   debug] default msg 26
[2026-04-13 01:57:02.2816630 UTC-05:00] [5208:7148] [FcVpnSched  88   debug] default msg 26
[2026-04-13 01:57:02.2841489 UTC-05:00] [5208:7148] [FcVpnSched  88   debug] default msg 26
[2026-04-13 01:57:02.2866478 UTC-05:00] [5208:7148] [FcVpnSched  88   debug] default msg 26
[2026-04-13 01:57:02.2891097 UTC-05:00] [5208:7148] [FcVpnSched  88   debug] default msg 26
[2026-04-13 01:57:02.2915158 UTC-05:00] [5208:7148] [FcVpnSched  88   debug] default msg 26
[2026-04-13 01:57:02.2949878 UTC-05:00] [5208:7148] [FcVpnSched  88   debug] default msg 26
[2026-04-13 01:57:02.2976244 UTC-05:00] [5208:7148] [FcVpnSched  88   debug] default msg 26
[2026-04-13 01:57:02.2999760 UTC-05:00] [5208:7148] [FcVpnSched  88   debug] default msg 26
[2026-04-13 01:57:02.3023585 UTC-05:00] [5208:7148] [FcVpnSched  88   debug] default msg 26
[2026-04-13 01:57:02.3046810 UTC-05:00] [5208:7148] [FcVpnSched  88   debug] default msg 26
[2026-04-13 01:57:02.3071045 UTC-05:00] [5208:7148] [FcVpnSched  88   debug] default msg 26
[2026-04-13 01:57:02.3096748 UTC-05:00] [5208:7148] [FcVpnSched  88   debug] default msg 26
[2026-04-13 01:57:02.3121923 UTC-05:00] [5208:7148] [FcVpnSched  88   debug] default msg 26
[2026-04-13 01:57:02.3143370 UTC-05:00] [5208:7148] [FcVpnSched  88   debug] default msg 26
[2026-04-13 01:57:02.3164559 UTC-05:00] [5208:7148] [FcVpnSched  88   debug] default msg 26
[2026-04-13 01:57:02.3185490 UTC-05:00] [5208:7148] [FcVpnSched  88   debug] default msg 26
[2026-04-13 01:57:02.3206320 UTC-05:00] [5208:7148] [FcVpnSched  88   debug] default msg 26
[2026-04-13 01:57:02.3226938 UTC-05:00] [5208:7148] [FcVpnSched  88   debug] default msg 26
[2026-04-13 01:57:02.3261415 UTC-05:00] [5208:7148] [FcVpnSched  88   debug] default msg 26
[2026-04-13 01:57:02.3298071 UTC-05:00] [5208:7148] [FcVpnSched  88   debug] default msg 26
[2026-04-13 01:57:02.3323176 UTC-05:00] [5208:7148] [FcVpnSched  88   debug] default msg 26
[2026-04-13 01:57:02.3347701 UTC-05:00] [5208:7148] [FcVpnSched  88   debug] default msg 26
[2026-04-13 01:57:02.3371644 UTC-05:00] [5208:7148] [FcVpnSched  88   debug] default msg 26
[2026-04-13 01:57:02.3394967 UTC-05:00] [5208:7148] [FcVpnSched  88   debug] default msg 26
[2026-04-13 01:57:02.3419743 UTC-05:00] [5208:7148] [FcVpnSched  88   debug] default msg 26
[2026-04-13 02:30:45.8564942 UTC-05:00] [5208:7148] [FcVpnSched  88   debug] default msg 26
[2026-04-13 02:30:46.0881177 UTC-05:00] [5208:7148] [FcVpnSched  88   debug] default msg 26
[2026-04-13 02:30:46.3399690 UTC-05:00] [5208:7148] [FcVpnSched  88   debug] default msg 26
[2026-04-13 02:30:46.6436562 UTC-05:00] [5208:7148] [FcVpnSched  88   debug] default msg 26
[2026-04-13 02:30:46.8606938 UTC-05:00] [5208:7148] [FcVpnSched  88   debug] default msg 26
[2026-04-13 02:30:47.2949308 UTC-05:00] [5208:7148] [FcVpnSched  88   debug] default msg 26
[2026-04-13 02:30:47.7198708 UTC-05:00] [5208:7148] [FcVpnSched  88   debug] default msg 26
[2026-04-13 02:30:48.0481253 UTC-05:00] [5208:7148] [FcVpnSched  88   debug] default msg 26
[2026-04-13 03:38:45.1524447 UTC-05:00] [5208:7148] [FcVpnSched  88   debug] default msg 26
[2026-04-13 03:38:45.3948746 UTC-05:00] [5208:7148] [FcVpnSched  88   debug] default msg 26
[2026-04-13 03:38:45.6392177 UTC-05:00] [5208:7148] [FcVpnSched  88   debug] default msg 26
[2026-04-13 03:38:45.9550151 UTC-05:00] [5208:7148] [FcVpnSched  88   debug] default msg 26
[2026-04-13 03:38:46.1710072 UTC-05:00] [5208:7148] [FcVpnSched  88   debug] default msg 26
[2026-04-13 03:38:46.6050273 UTC-05:00] [5208:7148] [FcVpnSched  88   debug] default msg 26
[2026-04-13 03:38:47.0078507 UTC-05:00] [5208:7148] [FcVpnSched  88   debug] default msg 26
[2026-04-13 03:38:47.3148636 UTC-05:00] [5208:7148] [FcVpnSched  88   debug] default msg 26
[2026-04-13 03:39:51.3434975 UTC-05:00] [5208:7148] [FcVpnSched  88   debug] default msg 26
[2026-04-13 03:39:51.6334922 UTC-05:00] [5208:7148] [FcVpnSched  88   debug] default msg 26
[2026-04-13 04:46:45.2755949 UTC-05:00] [5208:7148] [FcVpnSched  88   debug] default msg 26
[2026-04-13 04:46:45.5157512 UTC-05:00] [5208:7148] [FcVpnSched  88   debug] default msg 26
[2026-04-13 04:46:45.7783032 UTC-05:00] [5208:7148] [FcVpnSched  88   debug] default msg 26
[2026-04-13 04:46:46.0871809 UTC-05:00] [5208:7148] [FcVpnSched  88   debug] default msg 26
[2026-04-13 04:46:46.3027920 UTC-05:00] [5208:7148] [FcVpnSched  88   debug] default msg 26
[2026-04-13 04:46:46.7310621 UTC-05:00] [5208:7148] [FcVpnSched  88   debug] default msg 26
[2026-04-13 04:46:47.1560759 UTC-05:00] [5208:7148] [FcVpnSched  88   debug] default msg 26
[2026-04-13 04:46:47.4883918 UTC-05:00] [5208:7148] [FcVpnSched  88   debug] default msg 26
[2026-04-13 05:31:51.5453521 UTC-05:00] [5208:7148] [FcVpnSched  88   debug] default msg 26
[2026-04-13 05:31:51.8896919 UTC-05:00] [5208:7148] [FcVpnSched  88   debug] default msg 26
[2026-04-13 05:47:02.5745086 UTC-05:00] [5208:7148] [FcVpnSched  88   debug] default msg 30
[2026-04-13 05:47:02.6707700 UTC-05:00] [5208:7148] [FcVpnSched  88   debug] default msg 26
[2026-04-13 05:47:02.6733639 UTC-05:00] [5208:7148] [FcVpnSched  88   debug] default msg 26
[2026-04-13 05:47:02.6759150 UTC-05:00] [5208:7148] [FcVpnSched  88   debug] default msg 26
[2026-04-13 05:47:02.6787549 UTC-05:00] [5208:7148] [FcVpnSched  88   debug] default msg 26
[2026-04-13 05:47:02.6811713 UTC-05:00] [5208:7148] [FcVpnSched  88   debug] default msg 26
[2026-04-13 05:47:02.6835301 UTC-05:00] [5208:7148] [FcVpnSched  88   debug] default msg 26
[2026-04-13 05:47:02.6859328 UTC-05:00] [5208:7148] [FcVpnSched  88   debug] default msg 26
[2026-04-13 05:47:02.6882430 UTC-05:00] [5208:7148] [FcVpnSched  88   debug] default msg 26
[2026-04-13 05:47:02.6905115 UTC-05:00] [5208:7148] [FcVpnSched  88   debug] default msg 26
[2026-04-13 05:47:02.6937529 UTC-05:00] [5208:7148] [FcVpnSched  88   debug] default msg 26
[2026-04-13 05:47:02.6969374 UTC-05:00] [5208:7148] [FcVpnSched  88   debug] default msg 26
[2026-04-13 05:47:02.6993438 UTC-05:00] [5208:7148] [FcVpnSched  88   debug] default msg 26
[2026-04-13 05:47:02.7016546 UTC-05:00] [5208:7148] [FcVpnSched  88   debug] default msg 26
[2026-04-13 05:47:02.7039670 UTC-05:00] [5208:7148] [FcVpnSched  88   debug] default msg 26
[2026-04-13 05:47:02.7061754 UTC-05:00] [5208:7148] [FcVpnSched  88   debug] default msg 26
[2026-04-13 05:47:02.7097601 UTC-05:00] [5208:7148] [FcVpnSched  88   debug] default msg 26
[2026-04-13 05:47:02.7129141 UTC-05:00] [5208:7148] [FcVpnSched  88   debug] default msg 26
[2026-04-13 05:47:02.7164115 UTC-05:00] [5208:7148] [FcVpnSched  88   debug] default msg 26
[2026-04-13 05:47:02.7187824 UTC-05:00] [5208:7148] [FcVpnSched  88   debug] default msg 26
[2026-04-13 05:47:02.7210587 UTC-05:00] [5208:7148] [FcVpnSched  88   debug] default msg 26
[2026-04-13 05:47:02.7236151 UTC-05:00] [5208:7148] [FcVpnSched  88   debug] default msg 26
[2026-04-13 05:47:02.7263016 UTC-05:00] [5208:7148] [FcVpnSched  88   debug] default msg 26
[2026-04-13 05:47:02.7288502 UTC-05:00] [5208:7148] [FcVpnSched  88   debug] default msg 26
[2026-04-13 05:47:02.7313060 UTC-05:00] [5208:7148] [FcVpnSched  88   debug] default msg 26
[2026-04-13 05:47:02.7337287 UTC-05:00] [5208:7148] [FcVpnSched  88   debug] default msg 26
[2026-04-13 05:47:02.7361072 UTC-05:00] [5208:7148] [FcVpnSched  88   debug] default msg 26
[2026-04-13 05:47:02.7385215 UTC-05:00] [5208:7148] [FcVpnSched  88   debug] default msg 26
[2026-04-13 05:47:02.7408579 UTC-05:00] [5208:7148] [FcVpnSched  88   debug] default msg 26
[2026-04-13 05:47:02.7429998 UTC-05:00] [5208:7148] [FcVpnSched  88   debug] default msg 26
[2026-04-13 05:47:02.7452329 UTC-05:00] [5208:7148] [FcVpnSched  88   debug] default msg 26
[2026-04-13 05:47:02.7473918 UTC-05:00] [5208:7148] [FcVpnSched  88   debug] default msg 26
[2026-04-13 05:47:02.7495896 UTC-05:00] [5208:7148] [FcVpnSched  88   debug] default msg 26
[2026-04-13 05:47:02.7517810 UTC-05:00] [5208:7148] [FcVpnSched  88   debug] default msg 26
[2026-04-13 05:47:02.7539769 UTC-05:00] [5208:7148] [FcVpnSched  88   debug] default msg 26
[2026-04-13 05:47:02.7562141 UTC-05:00] [5208:7148] [FcVpnSched  88   debug] default msg 26
[2026-04-13 05:47:02.7584177 UTC-05:00] [5208:7148] [FcVpnSched  88   debug] default msg 26
[2026-04-13 05:47:02.7605977 UTC-05:00] [5208:7148] [FcVpnSched  88   debug] default msg 26
[2026-04-13 05:47:02.7628942 UTC-05:00] [5208:7148] [FcVpnSched  88   debug] default msg 26
[2026-04-13 05:47:02.7651319 UTC-05:00] [5208:7148] [FcVpnSched  88   debug] default msg 26
[2026-04-13 05:47:02.7673429 UTC-05:00] [5208:7148] [FcVpnSched  88   debug] default msg 26
[2026-04-13 05:47:02.7697835 UTC-05:00] [5208:7148] [FcVpnSched  88   debug] default msg 26
[2026-04-13 05:47:02.7723510 UTC-05:00] [5208:7148] [FcVpnSched  88   debug] default msg 26
[2026-04-13 05:47:02.7746162 UTC-05:00] [5208:7148] [FcVpnSched  88   debug] default msg 26
[2026-04-13 05:47:02.7768283 UTC-05:00] [5208:7148] [FcVpnSched  88   debug] default msg 26
[2026-04-13 05:47:02.7790268 UTC-05:00] [5208:7148] [FcVpnSched  88   debug] default msg 26
[2026-04-13 05:47:02.7812164 UTC-05:00] [5208:7148] [FcVpnSched  88   debug] default msg 26
[2026-04-13 05:47:02.7834191 UTC-05:00] [5208:7148] [FcVpnSched  88   debug] default msg 26
[2026-04-13 05:47:02.7855615 UTC-05:00] [5208:7148] [FcVpnSched  88   debug] default msg 26
[2026-04-13 05:47:02.7878546 UTC-05:00] [5208:7148] [FcVpnSched  88   debug] default msg 26
[2026-04-13 05:47:02.7901623 UTC-05:00] [5208:7148] [FcVpnSched  88   debug] default msg 26
[2026-04-13 05:47:02.7924044 UTC-05:00] [5208:7148] [FcVpnSched  88   debug] default msg 26
[2026-04-13 05:47:02.7946369 UTC-05:00] [5208:7148] [FcVpnSched  88   debug] default msg 26
[2026-04-13 05:47:02.7968026 UTC-05:00] [5208:7148] [FcVpnSched  88   debug] default msg 26
[2026-04-13 05:47:02.7989489 UTC-05:00] [5208:7148] [FcVpnSched  88   debug] default msg 26
[2026-04-13 05:47:02.8011349 UTC-05:00] [5208:7148] [FcVpnSched  88   debug] default msg 26
[2026-04-13 05:47:02.8032784 UTC-05:00] [5208:7148] [FcVpnSched  88   debug] default msg 26
[2026-04-13 05:47:02.9616342 UTC-05:00] [5208:7148] [FcVpnSched  88   debug] default msg 26
[2026-04-13 05:47:02.9648107 UTC-05:00] [5208:7148] [FcVpnSched  88   debug] default msg 26
[2026-04-13 05:47:02.9671908 UTC-05:00] [5208:7148] [FcVpnSched  88   debug] default msg 26
[2026-04-13 05:47:02.9694779 UTC-05:00] [5208:7148] [FcVpnSched  88   debug] default msg 26
[2026-04-13 05:47:02.9718528 UTC-05:00] [5208:7148] [FcVpnSched  88   debug] default msg 26
[2026-04-13 05:47:02.9741061 UTC-05:00] [5208:7148] [FcVpnSched  88   debug] default msg 26
[2026-04-13 05:47:02.9770678 UTC-05:00] [5208:7148] [FcVpnSched  88   debug] default msg 26
[2026-04-13 05:47:02.9805127 UTC-05:00] [5208:7148] [FcVpnSched  88   debug] default msg 26
[2026-04-13 05:47:02.9833810 UTC-05:00] [5208:7148] [FcVpnSched  88   debug] default msg 26
[2026-04-13 05:47:02.9860737 UTC-05:00] [5208:7148] [FcVpnSched  88   debug] default msg 26
[2026-04-13 05:47:02.9886863 UTC-05:00] [5208:7148] [FcVpnSched  88   debug] default msg 26
[2026-04-13 05:47:02.9914293 UTC-05:00] [5208:7148] [FcVpnSched  88   debug] default msg 26
[2026-04-13 05:47:02.9940278 UTC-05:00] [5208:7148] [FcVpnSched  88   debug] default msg 26
[2026-04-13 05:47:02.9965308 UTC-05:00] [5208:7148] [FcVpnSched  88   debug] default msg 26
[2026-04-13 05:47:02.9991784 UTC-05:00] [5208:7148] [FcVpnSched  88   debug] default msg 26
[2026-04-13 05:47:03.0018531 UTC-05:00] [5208:7148] [FcVpnSched  88   debug] default msg 26
[2026-04-13 05:47:03.0044520 UTC-05:00] [5208:7148] [FcVpnSched  88   debug] default msg 26
[2026-04-13 05:47:03.0074030 UTC-05:00] [5208:7148] [FcVpnSched  88   debug] default msg 26
[2026-04-13 05:47:03.0104520 UTC-05:00] [5208:7148] [FcVpnSched  88   debug] default msg 26
[2026-04-13 05:47:03.0132934 UTC-05:00] [5208:7148] [FcVpnSched  88   debug] default msg 26
[2026-04-13 05:47:03.0160958 UTC-05:00] [5208:7148] [FcVpnSched  88   debug] default msg 26
[2026-04-13 05:47:03.0186754 UTC-05:00] [5208:7148] [FcVpnSched  88   debug] default msg 26
[2026-04-13 05:47:03.0212149 UTC-05:00] [5208:7148] [FcVpnSched  88   debug] default msg 26
[2026-04-13 05:47:03.0239279 UTC-05:00] [5208:7148] [FcVpnSched  88   debug] default msg 26
[2026-04-13 05:47:03.0268853 UTC-05:00] [5208:7148] [FcVpnSched  88   debug] default msg 26
[2026-04-13 05:47:03.0297145 UTC-05:00] [5208:7148] [FcVpnSched  88   debug] default msg 26
[2026-04-13 05:47:03.0324721 UTC-05:00] [5208:7148] [FcVpnSched  88   debug] default msg 26
[2026-04-13 05:47:03.0350866 UTC-05:00] [5208:7148] [FcVpnSched  88   debug] default msg 26
[2026-04-13 05:47:03.0377539 UTC-05:00] [5208:7148] [FcVpnSched  88   debug] default msg 26
[2026-04-13 05:47:03.0408256 UTC-05:00] [5208:7148] [FcVpnSched  88   debug] default msg 26
[2026-04-13 05:47:03.0448862 UTC-05:00] [5208:7148] [FcVpnSched  88   debug] default msg 26
[2026-04-13 05:47:03.0475260 UTC-05:00] [5208:7148] [FcVpnSched  88   debug] default msg 26
[2026-04-13 05:54:45.3044696 UTC-05:00] [5208:7148] [FcVpnSched  88   debug] default msg 26
[2026-04-13 05:54:45.5541273 UTC-05:00] [5208:7148] [FcVpnSched  88   debug] default msg 26
[2026-04-13 05:54:45.8029128 UTC-05:00] [5208:7148] [FcVpnSched  88   debug] default msg 26
[2026-04-13 05:54:46.1355699 UTC-05:00] [5208:7148] [FcVpnSched  88   debug] default msg 26
[2026-04-13 05:54:46.3550439 UTC-05:00] [5208:7148] [FcVpnSched  88   debug] default msg 26
[2026-04-13 05:54:46.7953965 UTC-05:00] [5208:7148] [FcVpnSched  88   debug] default msg 26
[2026-04-13 05:54:47.2117735 UTC-05:00] [5208:7148] [FcVpnSched  88   debug] default msg 26
[2026-04-13 05:54:47.5332253 UTC-05:00] [5208:7148] [FcVpnSched  88   debug] default msg 26
[2026-04-13 06:57:55.4314989 UTC-05:00] [5208:7148] [FcVpnSched  67   debug] WTS_SESSION_LOGOFF 1
[2026-04-13 06:57:55.4319194 UTC-05:00] [5208:7148] [FcVpnSched  78   debug] called. sessionId=1, msg=0x1001
[2026-04-13 06:57:55.4568551 UTC-05:00] [5208:1928] [FcVpnSched  854   debug] received UserLogout message
[2026-04-13 06:57:55.4569061 UTC-05:00] [5208:1928] [FcVpnSched  731   debug] user logout
[2026-04-13 06:57:55.4569758 UTC-05:00] [5208:1928] [FcVpnSched  743   debug] disconnect all vpns in session 1
[2026-04-13 06:57:55.5057047 UTC-05:00] [5208:1928] [FcVpnSched  760   debug] Current unlocked user sessions: 1	
[2026-04-13 06:57:55.5122392 UTC-05:00] [5208:15728] [FcVpnSched  764   debug] Start waiting for machine AutoConnect
[2026-04-13 06:57:58.5313670 UTC-05:00] [5208:15728] [FcVpnSched  768   debug] Trigger machine AutoConnect
[2026-04-13 06:57:58.5313769 UTC-05:00] [5208:15728] [FcVpnSched  44   debug] PostMachineAutoConnectRequestAsync called
[2026-04-13 06:57:58.5342994 UTC-05:00] [5208:1928] [FcVpnSched  826   debug] received MachineAutoConnect message
[2026-04-13 06:57:58.5343991 UTC-05:00] [5208:1928] [FcVpnSched  496 warning] no machine vpn found
[2026-04-13 06:57:59.1836260 UTC-05:00] [5208:7148] [FcVpnSched  88   debug] default msg 537
[2026-04-13 06:57:59.6793341 UTC-05:00] [5208:7796] [FcVpnSched  99    info] Received CTRL_SHUTDOWN_EVENT
[2026-04-13 06:57:59.6793546 UTC-05:00] [5208:7796] [FcVpnSched  61   debug] PostShutdownAsync called
[2026-04-13 06:57:59.8563853 UTC-05:00] [5208:1928] [FcVpnSched  844   debug] received Shutdown message
[2026-04-13 06:57:59.8563939 UTC-05:00] [5208:1928] [FcVpnSched  408   debug] called.
[2026-04-13 06:58:07.8080930 UTC-05:00] [5208:7148] [FcVpnSched  88   debug] default msg 30
[2026-04-13 06:58:13.4347917 UTC-05:00] [5208:1928] [FcVpnSched  806   debug] received FabricChanged message
[2026-04-13 06:58:13.8814430 UTC-05:00] [5208:7148] [FcVpnSched  88   debug] default msg 537
[2026-04-13 06:59:16.8532582 UTC-05:00] [7748:7752] [FcVpnSched  1359    info] (Time Zone: Central Standard Time) (Wed Dec 10 12:40:05 2025, 39s) 2026-04-13 06:59:16.849 type: 0x11f size: 512 memory: 0x0000000000000000
[2026-04-13 06:59:16.8679104 UTC-05:00] [7748:7752] [FcVpnSched  1247    info] FsFilter=0x00000000000003BC Shield=0x00000000000003C4 SchEvent=0x00000000000003C8
[2026-04-13 06:59:16.8686491 UTC-05:00] [7748:7752] [FcVpnSched  1249   debug] settings: AutoconnectOnInstall: 0, AutoconnectOffnetOnly: 0, AutoconnectEpcDeterminedOnly: 0, OnOsStartConnect: , OnLogonConnect: , OnOsStartHasPriority: 0
[2026-04-13 06:59:16.8781529 UTC-05:00] [7748:7992] [FcVpnSched  88   debug] default msg 36
[2026-04-13 06:59:16.8781835 UTC-05:00] [7748:7992] [FcVpnSched  88   debug] default msg 129
[2026-04-13 06:59:16.8782429 UTC-05:00] [7748:7992] [FcVpnSched  88   debug] default msg 131
[2026-04-13 06:59:16.8782563 UTC-05:00] [7748:7992] [FcVpnSched  51   debug] WM_CREATE
[2026-04-13 06:59:16.8830610 UTC-05:00] [7748:7992] [FcVpnSched  23   debug] enum session 0
[2026-04-13 06:59:16.8830716 UTC-05:00] [7748:7992] [FcVpnSched  23   debug] enum session 1
[2026-04-13 06:59:16.8976718 UTC-05:00] [7748:7992] [FcVpnSched  23   debug] enum session 65536
[2026-04-13 06:59:16.9493759 UTC-05:00] [7748:7752] [FcVpnSched  496 warning] no machine vpn found
[2026-04-13 06:59:16.9844024 UTC-05:00] [7748:7988] [FcVpnSched  10   debug] PostNetworkUpAsync called
[2026-04-13 06:59:17.0422889 UTC-05:00] [7748:7752] [FcVpnSched  816   debug] received NetworkUp message
[2026-04-13 06:59:17.0422982 UTC-05:00] [7748:7752] [FcVpnSched  60   debug] PostAutoConnect, session 0
[2026-04-13 06:59:17.0423094 UTC-05:00] [7748:7752] [FcVpnSched  44   debug] PostMachineAutoConnectRequestAsync called
[2026-04-13 06:59:17.1603995 UTC-05:00] [7748:7752] [FcVpnSched  826   debug] received MachineAutoConnect message
[2026-04-13 06:59:17.1604770 UTC-05:00] [7748:7752] [FcVpnSched  496 warning] no machine vpn found
[2026-04-13 06:59:17.3085264 UTC-05:00] [7748:7992] [FcVpnSched  88   debug] default msg 26
[2026-04-13 06:59:18.3811101 UTC-05:00] [7748:7992] [FcVpnSched  88   debug] default msg 26
[2026-04-13 06:59:18.8958402 UTC-05:00] [7748:7992] [FcVpnSched  88   debug] default msg 26
[2026-04-13 06:59:21.8578891 UTC-05:00] [7748:7992] [FcVpnSched  88   debug] default msg 537
[2026-04-13 06:59:22.1518857 UTC-05:00] [7748:7992] [FcVpnSched  88   debug] default msg 537
[2026-04-13 06:59:22.1541785 UTC-05:00] [7748:7992] [FcVpnSched  88   debug] default msg 537
[2026-04-13 06:59:22.1552471 UTC-05:00] [7748:7992] [FcVpnSched  88   debug] default msg 537
[2026-04-13 06:59:23.1749705 UTC-05:00] [7748:7992] [FcVpnSched  88   debug] default msg 26
[2026-04-13 06:59:23.1927299 UTC-05:00] [7748:7752] [FcVpnSched  806   debug] received FabricChanged message
[2026-04-13 06:59:23.3120961 UTC-05:00] [7748:7752] [FcVpnSched  806   debug] received FabricChanged message
[2026-04-13 06:59:25.3034760 UTC-05:00] [7748:7992] [FcVpnSched  88   debug] default msg 26
[2026-04-13 06:59:26.5359420 UTC-05:00] [7748:7992] [FcVpnSched  88   debug] default msg 26
[2026-04-13 06:59:27.3366182 UTC-05:00] [7748:7992] [FcVpnSched  88   debug] default msg 26
[2026-04-13 06:59:29.1568577 UTC-05:00] [7748:7992] [FcVpnSched  88   debug] default msg 26
[2026-04-13 06:59:29.1746398 UTC-05:00] [7748:7752] [FcVpnSched  806   debug] received FabricChanged message
[2026-04-13 07:00:31.1389851 UTC-05:00] [7748:7752] [FcVpnSched  806   debug] received FabricChanged message
[2026-04-13 07:01:10.6551980 UTC-05:00] [7748:7992] [FcVpnSched  88   debug] default msg 537
[2026-04-13 07:01:14.4277488 UTC-05:00] [7748:7752] [FcVpnSched  806   debug] received FabricChanged message
[2026-04-13 07:02:16.6352892 UTC-05:00] [7748:7752] [FcVpnSched  806   debug] received FabricChanged message
[2026-04-13 07:08:36.9095914 UTC-05:00] [7748:7988] [FcVpnSched  153   debug] Network changed
[2026-04-13 07:08:37.4561378 UTC-05:00] [7748:7992] [FcVpnSched  88   debug] default msg 537
[2026-04-13 07:08:37.8963103 UTC-05:00] [7748:7992] [FcVpnSched  88   debug] default msg 536
[2026-04-13 07:08:40.8340782 UTC-05:00] [7748:7992] [FcVpnSched  88   debug] default msg 537
[2026-04-13 07:08:41.2981911 UTC-05:00] [7748:2736] [FcVpnSched  99    info] Received CTRL_SHUTDOWN_EVENT
[2026-04-13 07:08:41.2982225 UTC-05:00] [7748:2736] [FcVpnSched  61   debug] PostShutdownAsync called
[2026-04-13 07:08:41.3776991 UTC-05:00] [7748:7752] [FcVpnSched  806   debug] received FabricChanged message
[2026-04-13 07:08:41.4956503 UTC-05:00] [7748:7752] [FcVpnSched  844   debug] received Shutdown message
[2026-04-13 07:08:41.4956632 UTC-05:00] [7748:7752] [FcVpnSched  408   debug] called.
[2026-04-13 07:08:52.6008716 UTC-05:00] [7748:7992] [FcVpnSched  88   debug] default msg 30
[2026-04-13 07:08:58.6939144 UTC-05:00] [7748:7992] [FcVpnSched  88   debug] default msg 537
[2026-04-13 07:09:00.4991635 UTC-05:00] [7748:7752] [FcVpnSched  806   debug] received FabricChanged message
[2026-04-15 07:26:51.8670294 UTC-05:00] [7560:7564] [FcVpnSched  1359    info] (Time Zone: Central Standard Time) (Wed Dec 10 12:40:05 2025, 31s) 2026-04-15 07:26:51.863 type: 0x11f size: 512 memory: 0x0000000000000000
[2026-04-15 07:26:51.8723804 UTC-05:00] [7560:7564] [FcVpnSched  1247    info] FsFilter=0x00000000000003B0 Shield=0x00000000000003B8 SchEvent=0x00000000000003BC
[2026-04-15 07:26:51.8731523 UTC-05:00] [7560:7564] [FcVpnSched  1249   debug] settings: AutoconnectOnInstall: 0, AutoconnectOffnetOnly: 0, AutoconnectEpcDeterminedOnly: 0, OnOsStartConnect: , OnLogonConnect: , OnOsStartHasPriority: 0
[2026-04-15 07:26:51.8745689 UTC-05:00] [7560:7772] [FcVpnSched  88   debug] default msg 36
[2026-04-15 07:26:51.8746287 UTC-05:00] [7560:7772] [FcVpnSched  88   debug] default msg 129
[2026-04-15 07:26:51.8747133 UTC-05:00] [7560:7772] [FcVpnSched  88   debug] default msg 131
[2026-04-15 07:26:51.8747260 UTC-05:00] [7560:7772] [FcVpnSched  51   debug] WM_CREATE
[2026-04-15 07:26:51.8875218 UTC-05:00] [7560:7772] [FcVpnSched  23   debug] enum session 0
[2026-04-15 07:26:51.8875387 UTC-05:00] [7560:7772] [FcVpnSched  23   debug] enum session 1
[2026-04-15 07:26:51.9053165 UTC-05:00] [7560:7772] [FcVpnSched  23   debug] enum session 65536
[2026-04-15 07:26:51.9293902 UTC-05:00] [7560:7564] [FcVpnSched  496 warning] no machine vpn found
[2026-04-15 07:26:51.9969956 UTC-05:00] [7560:7768] [FcVpnSched  10   debug] PostNetworkUpAsync called
[2026-04-15 07:26:52.1689887 UTC-05:00] [7560:7564] [FcVpnSched  816   debug] received NetworkUp message
[2026-04-15 07:26:52.1689999 UTC-05:00] [7560:7564] [FcVpnSched  60   debug] PostAutoConnect, session 0
[2026-04-15 07:26:52.1690162 UTC-05:00] [7560:7564] [FcVpnSched  44   debug] PostMachineAutoConnectRequestAsync called
[2026-04-15 07:26:52.2898762 UTC-05:00] [7560:7564] [FcVpnSched  826   debug] received MachineAutoConnect message
[2026-04-15 07:26:52.2899610 UTC-05:00] [7560:7564] [FcVpnSched  496 warning] no machine vpn found
[2026-04-15 07:26:56.0690553 UTC-05:00] [7560:7772] [FcVpnSched  88   debug] default msg 537
[2026-04-15 07:26:56.0705192 UTC-05:00] [7560:7772] [FcVpnSched  88   debug] default msg 537
[2026-04-15 07:26:56.0719338 UTC-05:00] [7560:7772] [FcVpnSched  88   debug] default msg 537
[2026-04-15 07:26:56.7765081 UTC-05:00] [7560:7772] [FcVpnSched  88   debug] default msg 537
[2026-04-15 07:26:57.5739840 UTC-05:00] [7560:7564] [FcVpnSched  806   debug] received FabricChanged message
[2026-04-15 07:26:57.6856522 UTC-05:00] [7560:7564] [FcVpnSched  806   debug] received FabricChanged message
[2026-04-15 07:27:03.9920574 UTC-05:00] [7560:7564] [FcVpnSched  806   debug] received FabricChanged message
[2026-04-15 07:27:06.0382430 UTC-05:00] [7560:7772] [FcVpnSched  88   debug] default msg 26
[2026-04-15 07:27:06.9730353 UTC-05:00] [7560:7772] [FcVpnSched  88   debug] default msg 26
[2026-04-15 07:27:07.8245788 UTC-05:00] [7560:7772] [FcVpnSched  88   debug] default msg 26
[2026-04-15 07:27:09.8132759 UTC-05:00] [7560:7772] [FcVpnSched  88   debug] default msg 26
[2026-04-15 07:27:10.0995765 UTC-05:00] [7560:7772] [FcVpnSched  88   debug] default msg 26
[2026-04-15 07:27:10.9096207 UTC-05:00] [7560:7772] [FcVpnSched  88   debug] default msg 26
[2026-04-15 07:27:11.4211024 UTC-05:00] [7560:7772] [FcVpnSched  88   debug] default msg 26
[2026-04-15 07:27:11.8545693 UTC-05:00] [7560:7772] [FcVpnSched  88   debug] default msg 26
[2026-04-15 07:27:16.5927921 UTC-05:00] [7560:7772] [FcVpnSched  88   debug] default msg 26
[2026-04-15 07:28:05.7380365 UTC-05:00] [7560:7564] [FcVpnSched  806   debug] received FabricChanged message
[2026-04-15 07:28:48.2457623 UTC-05:00] [7560:7772] [FcVpnSched  88   debug] default msg 537
[2026-04-15 07:28:48.6830174 UTC-05:00] [7560:7564] [FcVpnSched  806   debug] received FabricChanged message
[2026-04-15 07:29:50.6305424 UTC-05:00] [7560:7564] [FcVpnSched  806   debug] received FabricChanged message
[2026-04-15 07:33:08.2178777 UTC-05:00] [7560:7772] [FcVpnSched  88   debug] default msg 30
[2026-04-15 07:33:10.1406844 UTC-05:00] [7560:7772] [FcVpnSched  88   debug] default msg 26
[2026-04-15 07:33:10.1455975 UTC-05:00] [7560:7772] [FcVpnSched  88   debug] default msg 26
[2026-04-15 07:33:10.1507282 UTC-05:00] [7560:7772] [FcVpnSched  88   debug] default msg 26
[2026-04-15 07:33:10.1567113 UTC-05:00] [7560:7772] [FcVpnSched  88   debug] default msg 26
[2026-04-15 07:33:10.1612455 UTC-05:00] [7560:7772] [FcVpnSched  88   debug] default msg 26
[2026-04-15 07:33:10.1659383 UTC-05:00] [7560:7772] [FcVpnSched  88   debug] default msg 26
[2026-04-15 07:33:10.1713179 UTC-05:00] [7560:7772] [FcVpnSched  88   debug] default msg 26
[2026-04-15 07:33:10.1759657 UTC-05:00] [7560:7772] [FcVpnSched  88   debug] default msg 26
[2026-04-15 07:33:10.1806433 UTC-05:00] [7560:7772] [FcVpnSched  88   debug] default msg 26
[2026-04-15 07:33:10.1848370 UTC-05:00] [7560:7772] [FcVpnSched  88   debug] default msg 26
[2026-04-15 07:33:10.1917116 UTC-05:00] [7560:7772] [FcVpnSched  88   debug] default msg 26
[2026-04-15 07:33:10.1985431 UTC-05:00] [7560:7772] [FcVpnSched  88   debug] default msg 26
[2026-04-15 07:33:10.2050461 UTC-05:00] [7560:7772] [FcVpnSched  88   debug] default msg 26
[2026-04-15 07:33:10.2094469 UTC-05:00] [7560:7772] [FcVpnSched  88   debug] default msg 26
[2026-04-15 07:33:10.2139472 UTC-05:00] [7560:7772] [FcVpnSched  88   debug] default msg 26
[2026-04-15 07:33:10.2214499 UTC-05:00] [7560:7772] [FcVpnSched  88   debug] default msg 26
[2026-04-15 07:33:10.2258812 UTC-05:00] [7560:7772] [FcVpnSched  88   debug] default msg 26
[2026-04-15 07:33:10.2300624 UTC-05:00] [7560:7772] [FcVpnSched  88   debug] default msg 26
[2026-04-15 07:33:10.2406100 UTC-05:00] [7560:7772] [FcVpnSched  88   debug] default msg 26
[2026-04-15 07:33:10.2448519 UTC-05:00] [7560:7772] [FcVpnSched  88   debug] default msg 26
[2026-04-15 07:33:10.2498102 UTC-05:00] [7560:7772] [FcVpnSched  88   debug] default msg 26
[2026-04-15 07:33:10.2560871 UTC-05:00] [7560:7772] [FcVpnSched  88   debug] default msg 26
[2026-04-15 07:33:10.2617463 UTC-05:00] [7560:7772] [FcVpnSched  88   debug] default msg 26
[2026-04-15 07:33:10.2669832 UTC-05:00] [7560:7772] [FcVpnSched  88   debug] default msg 26
[2026-04-15 07:33:10.2779124 UTC-05:00] [7560:7772] [FcVpnSched  88   debug] default msg 26
[2026-04-15 07:33:10.2898356 UTC-05:00] [7560:7772] [FcVpnSched  88   debug] default msg 26
[2026-04-15 07:33:10.2953418 UTC-05:00] [7560:7772] [FcVpnSched  88   debug] default msg 26
[2026-04-15 07:33:10.3008533 UTC-05:00] [7560:7772] [FcVpnSched  88   debug] default msg 26
[2026-04-15 07:33:10.3048879 UTC-05:00] [7560:7772] [FcVpnSched  88   debug] default msg 26
[2026-04-15 07:33:10.3116051 UTC-05:00] [7560:7772] [FcVpnSched  88   debug] default msg 26
[2026-04-15 07:33:10.4418982 UTC-05:00] [7560:7772] [FcVpnSched  88   debug] default msg 26
[2026-04-15 07:33:10.4825296 UTC-05:00] [7560:7772] [FcVpnSched  88   debug] default msg 26
[2026-04-15 07:33:10.4861746 UTC-05:00] [7560:7772] [FcVpnSched  88   debug] default msg 26
[2026-04-15 07:33:10.4899821 UTC-05:00] [7560:7772] [FcVpnSched  88   debug] default msg 26
[2026-04-15 07:33:10.4938085 UTC-05:00] [7560:7772] [FcVpnSched  88   debug] default msg 26
[2026-04-15 07:33:10.4975023 UTC-05:00] [7560:7772] [FcVpnSched  88   debug] default msg 26
[2026-04-15 07:33:10.5021312 UTC-05:00] [7560:7772] [FcVpnSched  88   debug] default msg 26
[2026-04-15 07:33:10.5060805 UTC-05:00] [7560:7772] [FcVpnSched  88   debug] default msg 26
[2026-04-15 07:33:10.5096694 UTC-05:00] [7560:7772] [FcVpnSched  88   debug] default msg 26
[2026-04-15 07:33:10.5132192 UTC-05:00] [7560:7772] [FcVpnSched  88   debug] default msg 26
[2026-04-15 07:33:10.5176242 UTC-05:00] [7560:7772] [FcVpnSched  88   debug] default msg 26
[2026-04-15 07:33:10.5211943 UTC-05:00] [7560:7772] [FcVpnSched  88   debug] default msg 26
[2026-04-15 07:33:10.5256888 UTC-05:00] [7560:7772] [FcVpnSched  88   debug] default msg 26
[2026-04-15 07:33:10.5314856 UTC-05:00] [7560:7772] [FcVpnSched  88   debug] default msg 26
[2026-04-15 07:37:01.7106146 UTC-05:00] [7560:7772] [FcVpnSched  88   debug] default msg 30
[2026-04-15 07:37:01.8218235 UTC-05:00] [7560:7772] [FcVpnSched  88   debug] default msg 26
[2026-04-15 07:37:01.8283512 UTC-05:00] [7560:7772] [FcVpnSched  88   debug] default msg 26
[2026-04-15 07:37:01.8319829 UTC-05:00] [7560:7772] [FcVpnSched  88   debug] default msg 26
[2026-04-15 07:37:01.8355508 UTC-05:00] [7560:7772] [FcVpnSched  88   debug] default msg 26
[2026-04-15 07:37:01.8387576 UTC-05:00] [7560:7772] [FcVpnSched  88   debug] default msg 26
[2026-04-15 07:37:01.8420896 UTC-05:00] [7560:7772] [FcVpnSched  88   debug] default msg 26
[2026-04-15 07:37:01.8449431 UTC-05:00] [7560:7772] [FcVpnSched  88   debug] default msg 26
[2026-04-15 07:37:01.8483053 UTC-05:00] [7560:7772] [FcVpnSched  88   debug] default msg 26
[2026-04-15 07:37:01.8513493 UTC-05:00] [7560:7772] [FcVpnSched  88   debug] default msg 26
[2026-04-15 07:37:01.8547297 UTC-05:00] [7560:7772] [FcVpnSched  88   debug] default msg 26
[2026-04-15 07:37:01.8577269 UTC-05:00] [7560:7772] [FcVpnSched  88   debug] default msg 26
[2026-04-15 07:37:01.8608330 UTC-05:00] [7560:7772] [FcVpnSched  88   debug] default msg 26
[2026-04-15 07:37:01.8641233 UTC-05:00] [7560:7772] [FcVpnSched  88   debug] default msg 26
[2026-04-15 07:37:01.8669880 UTC-05:00] [7560:7772] [FcVpnSched  88   debug] default msg 26
[2026-04-15 07:37:01.8705791 UTC-05:00] [7560:7772] [FcVpnSched  88   debug] default msg 26
[2026-04-15 07:37:01.8739440 UTC-05:00] [7560:7772] [FcVpnSched  88   debug] default msg 26
[2026-04-15 07:37:01.8780009 UTC-05:00] [7560:7772] [FcVpnSched  88   debug] default msg 26
[2026-04-15 07:37:01.8808800 UTC-05:00] [7560:7772] [FcVpnSched  88   debug] default msg 26
[2026-04-15 07:37:01.8846456 UTC-05:00] [7560:7772] [FcVpnSched  88   debug] default msg 26
[2026-04-15 07:37:01.8884861 UTC-05:00] [7560:7772] [FcVpnSched  88   debug] default msg 26
[2026-04-15 07:37:01.8920536 UTC-05:00] [7560:7772] [FcVpnSched  88   debug] default msg 26
[2026-04-15 07:37:01.8956882 UTC-05:00] [7560:7772] [FcVpnSched  88   debug] default msg 26
[2026-04-15 07:37:01.8998262 UTC-05:00] [7560:7772] [FcVpnSched  88   debug] default msg 26
[2026-04-15 07:37:01.9037077 UTC-05:00] [7560:7772] [FcVpnSched  88   debug] default msg 26
[2026-04-15 07:37:01.9075052 UTC-05:00] [7560:7772] [FcVpnSched  88   debug] default msg 26
[2026-04-15 07:37:01.9109740 UTC-05:00] [7560:7772] [FcVpnSched  88   debug] default msg 26
[2026-04-15 07:37:01.9140013 UTC-05:00] [7560:7772] [FcVpnSched  88   debug] default msg 26
[2026-04-15 07:37:01.9171880 UTC-05:00] [7560:7772] [FcVpnSched  88   debug] default msg 26
[2026-04-15 07:37:01.9200371 UTC-05:00] [7560:7772] [FcVpnSched  88   debug] default msg 26
[2026-04-15 07:37:01.9230235 UTC-05:00] [7560:7772] [FcVpnSched  88   debug] default msg 26
[2026-04-15 07:37:01.9257422 UTC-05:00] [7560:7772] [FcVpnSched  88   debug] default msg 26
[2026-04-15 07:37:01.9285263 UTC-05:00] [7560:7772] [FcVpnSched  88   debug] default msg 26
[2026-04-15 07:37:01.9316885 UTC-05:00] [7560:7772] [FcVpnSched  88   debug] default msg 26
[2026-04-15 07:37:01.9345957 UTC-05:00] [7560:7772] [FcVpnSched  88   debug] default msg 26
[2026-04-15 07:37:01.9376023 UTC-05:00] [7560:7772] [FcVpnSched  88   debug] default msg 26
[2026-04-15 07:37:01.9407027 UTC-05:00] [7560:7772] [FcVpnSched  88   debug] default msg 26
[2026-04-15 07:37:01.9437324 UTC-05:00] [7560:7772] [FcVpnSched  88   debug] default msg 26
[2026-04-15 07:37:01.9485357 UTC-05:00] [7560:7772] [FcVpnSched  88   debug] default msg 26
[2026-04-15 07:37:01.9521751 UTC-05:00] [7560:7772] [FcVpnSched  88   debug] default msg 26
[2026-04-15 07:37:01.9551552 UTC-05:00] [7560:7772] [FcVpnSched  88   debug] default msg 26
[2026-04-15 07:37:01.9582689 UTC-05:00] [7560:7772] [FcVpnSched  88   debug] default msg 26
[2026-04-15 07:37:01.9609968 UTC-05:00] [7560:7772] [FcVpnSched  88   debug] default msg 26
[2026-04-15 07:37:01.9644025 UTC-05:00] [7560:7772] [FcVpnSched  88   debug] default msg 26
[2026-04-15 07:37:01.9673690 UTC-05:00] [7560:7772] [FcVpnSched  88   debug] default msg 26
[2026-04-15 07:37:01.9702668 UTC-05:00] [7560:7772] [FcVpnSched  88   debug] default msg 26
[2026-04-15 07:37:01.9731484 UTC-05:00] [7560:7772] [FcVpnSched  88   debug] default msg 26
[2026-04-15 07:37:01.9759442 UTC-05:00] [7560:7772] [FcVpnSched  88   debug] default msg 26
[2026-04-15 07:37:01.9788861 UTC-05:00] [7560:7772] [FcVpnSched  88   debug] default msg 26
[2026-04-15 07:37:01.9816701 UTC-05:00] [7560:7772] [FcVpnSched  88   debug] default msg 26
[2026-04-15 07:37:01.9845269 UTC-05:00] [7560:7772] [FcVpnSched  88   debug] default msg 26
[2026-04-15 07:37:01.9873498 UTC-05:00] [7560:7772] [FcVpnSched  88   debug] default msg 26
[2026-04-15 07:37:01.9901176 UTC-05:00] [7560:7772] [FcVpnSched  88   debug] default msg 26
[2026-04-15 07:37:01.9930239 UTC-05:00] [7560:7772] [FcVpnSched  88   debug] default msg 26
[2026-04-15 07:37:01.9957913 UTC-05:00] [7560:7772] [FcVpnSched  88   debug] default msg 26
[2026-04-15 07:37:01.9987787 UTC-05:00] [7560:7772] [FcVpnSched  88   debug] default msg 26
[2026-04-15 07:37:02.0017048 UTC-05:00] [7560:7772] [FcVpnSched  88   debug] default msg 26
[2026-04-15 07:40:46.7200397 UTC-05:00] [7560:7772] [FcVpnSched  88   debug] default msg 26
[2026-04-15 07:40:47.3130126 UTC-05:00] [7560:7772] [FcVpnSched  88   debug] default msg 26
[2026-04-15 07:40:47.6385948 UTC-05:00] [7560:7772] [FcVpnSched  88   debug] default msg 26
[2026-04-15 07:40:48.3795746 UTC-05:00] [7560:7772] [FcVpnSched  88   debug] default msg 26
[2026-04-15 07:40:49.0925275 UTC-05:00] [7560:7772] [FcVpnSched  88   debug] default msg 26
[2026-04-15 07:40:49.3187792 UTC-05:00] [7560:7772] [FcVpnSched  61   debug] WTS_SESSION_LOGON 1
[2026-04-15 07:40:49.3192846 UTC-05:00] [7560:7772] [FcVpnSched  78   debug] called. sessionId=1, msg=0x1000
[2026-04-15 07:40:49.4581519 UTC-05:00] [7560:7564] [FcVpnSched  849   debug] received UserLogin message
[2026-04-15 07:40:49.4582081 UTC-05:00] [7560:7564] [FcVpnSched  649   debug] user login
[2026-04-15 07:40:49.4710356 UTC-05:00] [7560:7564] [FcVpnSched  658   debug] session 1 is unlocked
[2026-04-15 07:40:50.4105561 UTC-05:00] [7560:7772] [FcVpnSched  63   error] notify WTS_SESSION_LOGON failed
[2026-04-15 07:40:50.4834550 UTC-05:00] [7560:7564] [FcVpnSched  642   error] VpnConn for 1 is not created.
[2026-04-15 07:40:50.5271976 UTC-05:00] [7560:7772] [FcVpnSched  88   debug] default msg 26
[2026-04-15 07:40:59.5427926 UTC-05:00] [7560:7564] [FcVpnSched  811   debug] received FirstKeepaliveDone message
[2026-04-15 07:43:54.6361962 UTC-05:00] [7560:7772] [FcVpnSched  88   debug] default msg 537
[2026-04-15 07:44:08.8971435 UTC-05:00] [7560:7772] [FcVpnSched  88   debug] default msg 537
[2026-04-15 07:46:13.3828896 UTC-05:00] [7560:7772] [FcVpnSched  88   debug] default msg 537
[2026-04-15 07:46:14.3275195 UTC-05:00] [7560:7772] [FcVpnSched  88   debug] default msg 26
[2026-04-15 07:46:15.5242700 UTC-05:00] [7560:7772] [FcVpnSched  88   debug] default msg 26
[2026-04-15 07:46:18.0623886 UTC-05:00] [7560:7772] [FcVpnSched  88   debug] default msg 537
[2026-04-15 07:46:25.7168827 UTC-05:00] [7560:7772] [FcVpnSched  88   debug] default msg 26
[2026-04-15 07:46:26.7625228 UTC-05:00] [7560:7772] [FcVpnSched  88   debug] default msg 26
[2026-04-15 07:46:27.0025904 UTC-05:00] [7560:7772] [FcVpnSched  88   debug] default msg 26
[2026-04-15 07:46:34.7461860 UTC-05:00] [7560:7772] [FcVpnSched  88   debug] default msg 26
[2026-04-15 07:46:46.8515132 UTC-05:00] [7560:7772] [FcVpnSched  88   debug] default msg 26
[2026-04-15 07:46:48.8599977 UTC-05:00] [7560:7772] [FcVpnSched  88   debug] default msg 26
[2026-04-15 07:47:02.1878999 UTC-05:00] [7560:7772] [FcVpnSched  88   debug] default msg 26
[2026-04-15 07:47:10.7232934 UTC-05:00] [7560:7772] [FcVpnSched  88   debug] default msg 30
[2026-04-15 07:47:17.1224472 UTC-05:00] [7560:7772] [FcVpnSched  88   debug] default msg 26
[2026-04-15 07:47:17.1324393 UTC-05:00] [7560:7772] [FcVpnSched  88   debug] default msg 26
[2026-04-15 07:47:17.1442538 UTC-05:00] [7560:7772] [FcVpnSched  88   debug] default msg 26
[2026-04-15 07:47:17.1718149 UTC-05:00] [7560:7772] [FcVpnSched  88   debug] default msg 26
[2026-04-15 07:47:17.1780784 UTC-05:00] [7560:7772] [FcVpnSched  88   debug] default msg 26
[2026-04-15 07:47:17.1899839 UTC-05:00] [7560:7772] [FcVpnSched  88   debug] default msg 26
[2026-04-15 07:47:17.2015241 UTC-05:00] [7560:7772] [FcVpnSched  88   debug] default msg 26
[2026-04-15 07:47:17.2357098 UTC-05:00] [7560:7772] [FcVpnSched  88   debug] default msg 26
[2026-04-15 07:47:17.2502706 UTC-05:00] [7560:7772] [FcVpnSched  88   debug] default msg 26
[2026-04-15 07:47:17.2672173 UTC-05:00] [7560:7772] [FcVpnSched  88   debug] default msg 26
[2026-04-15 07:47:17.2847120 UTC-05:00] [7560:7772] [FcVpnSched  88   debug] default msg 26
[2026-04-15 07:47:17.3053196 UTC-05:00] [7560:7772] [FcVpnSched  88   debug] default msg 26
[2026-04-15 07:47:17.3150024 UTC-05:00] [7560:7772] [FcVpnSched  88   debug] default msg 26
[2026-04-15 07:47:17.3249115 UTC-05:00] [7560:7772] [FcVpnSched  88   debug] default msg 26
[2026-04-15 07:47:17.3324636 UTC-05:00] [7560:7772] [FcVpnSched  88   debug] default msg 26
[2026-04-15 07:47:17.3446032 UTC-05:00] [7560:7772] [FcVpnSched  88   debug] default msg 26
[2026-04-15 07:47:17.3526454 UTC-05:00] [7560:7772] [FcVpnSched  88   debug] default msg 26
[2026-04-15 07:47:17.3647247 UTC-05:00] [7560:7772] [FcVpnSched  88   debug] default msg 26
[2026-04-15 07:47:17.3765481 UTC-05:00] [7560:7772] [FcVpnSched  88   debug] default msg 26
[2026-04-15 07:47:17.3840614 UTC-05:00] [7560:7772] [FcVpnSched  88   debug] default msg 26
[2026-04-15 07:47:17.3973788 UTC-05:00] [7560:7772] [FcVpnSched  88   debug] default msg 26
[2026-04-15 07:47:17.4144778 UTC-05:00] [7560:7772] [FcVpnSched  88   debug] default msg 26
[2026-04-15 07:47:17.4261626 UTC-05:00] [7560:7772] [FcVpnSched  88   debug] default msg 26
[2026-04-15 07:47:17.4355465 UTC-05:00] [7560:7772] [FcVpnSched  88   debug] default msg 26
[2026-04-15 07:47:17.4617866 UTC-05:00] [7560:7772] [FcVpnSched  88   debug] default msg 26
[2026-04-15 07:47:17.4839980 UTC-05:00] [7560:7772] [FcVpnSched  88   debug] default msg 26
[2026-04-15 07:47:18.2817778 UTC-05:00] [7560:7772] [FcVpnSched  88   debug] default msg 26
[2026-04-15 07:47:18.2945846 UTC-05:00] [7560:7772] [FcVpnSched  88   debug] default msg 26
[2026-04-15 07:47:18.3008281 UTC-05:00] [7560:7772] [FcVpnSched  88   debug] default msg 26
[2026-04-15 07:47:18.3082376 UTC-05:00] [7560:7772] [FcVpnSched  88   debug] default msg 26
[2026-04-15 07:47:18.3144242 UTC-05:00] [7560:7772] [FcVpnSched  88   debug] default msg 26
[2026-04-15 07:47:18.3286569 UTC-05:00] [7560:7772] [FcVpnSched  88   debug] default msg 26
[2026-04-15 07:47:18.3340738 UTC-05:00] [7560:7772] [FcVpnSched  88   debug] default msg 26
[2026-04-15 07:47:18.3478029 UTC-05:00] [7560:7772] [FcVpnSched  88   debug] default msg 26
[2026-04-15 07:47:18.3589057 UTC-05:00] [7560:7772] [FcVpnSched  88   debug] default msg 26
[2026-04-15 07:47:18.3649765 UTC-05:00] [7560:7772] [FcVpnSched  88   debug] default msg 26
[2026-04-15 07:47:18.3714354 UTC-05:00] [7560:7772] [FcVpnSched  88   debug] default msg 26
[2026-04-15 07:47:18.3776752 UTC-05:00] [7560:7772] [FcVpnSched  88   debug] default msg 26
[2026-04-15 07:47:18.3846871 UTC-05:00] [7560:7772] [FcVpnSched  88   debug] default msg 26
[2026-04-15 07:47:18.3939618 UTC-05:00] [7560:7772] [FcVpnSched  88   debug] default msg 26
[2026-04-15 07:47:18.4023631 UTC-05:00] [7560:7772] [FcVpnSched  88   debug] default msg 26
[2026-04-15 07:47:18.4118795 UTC-05:00] [7560:7772] [FcVpnSched  88   debug] default msg 26
[2026-04-15 07:47:18.4193716 UTC-05:00] [7560:7772] [FcVpnSched  88   debug] default msg 26
[2026-04-15 07:47:18.4259844 UTC-05:00] [7560:7772] [FcVpnSched  88   debug] default msg 26
[2026-04-15 07:47:18.4391041 UTC-05:00] [7560:7772] [FcVpnSched  88   debug] default msg 26
[2026-04-15 07:47:18.4634363 UTC-05:00] [7560:7772] [FcVpnSched  88   debug] default msg 26
[2026-04-15 07:47:18.4807567 UTC-05:00] [7560:7772] [FcVpnSched  88   debug] default msg 26
[2026-04-15 07:47:18.4897512 UTC-05:00] [7560:7772] [FcVpnSched  88   debug] default msg 26
[2026-04-15 07:47:18.4950119 UTC-05:00] [7560:7772] [FcVpnSched  88   debug] default msg 26
[2026-04-15 07:47:18.5011773 UTC-05:00] [7560:7772] [FcVpnSched  88   debug] default msg 26
[2026-04-15 07:47:18.5063832 UTC-05:00] [7560:7772] [FcVpnSched  88   debug] default msg 26
[2026-04-15 07:47:18.5187440 UTC-05:00] [7560:7772] [FcVpnSched  88   debug] default msg 26
[2026-04-15 07:47:18.5239651 UTC-05:00] [7560:7772] [FcVpnSched  88   debug] default msg 26
[2026-04-15 07:47:18.5373450 UTC-05:00] [7560:7772] [FcVpnSched  88   debug] default msg 26
[2026-04-15 07:47:18.5687071 UTC-05:00] [7560:7772] [FcVpnSched  88   debug] default msg 26
[2026-04-15 07:47:18.5937075 UTC-05:00] [7560:7772] [FcVpnSched  88   debug] default msg 26
[2026-04-15 08:25:08.0101443 UTC-05:00] [7560:7772] [FcVpnSched  88   debug] default msg 537
[2026-04-15 08:28:15.3308358 UTC-05:00] [7560:7772] [FcVpnSched  67   debug] WTS_SESSION_LOGOFF 1
[2026-04-15 08:28:15.3312302 UTC-05:00] [7560:7772] [FcVpnSched  78   debug] called. sessionId=1, msg=0x1001
[2026-04-15 08:28:15.4219328 UTC-05:00] [7560:7564] [FcVpnSched  854   debug] received UserLogout message
[2026-04-15 08:28:15.4219919 UTC-05:00] [7560:7564] [FcVpnSched  731   debug] user logout
[2026-04-15 08:28:15.4220665 UTC-05:00] [7560:7564] [FcVpnSched  743   debug] disconnect all vpns in session 1
[2026-04-15 08:28:15.5115182 UTC-05:00] [7560:7564] [FcVpnSched  760   debug] Current unlocked user sessions: 1	
[2026-04-15 08:28:15.5383113 UTC-05:00] [7560:10324] [FcVpnSched  764   debug] Start waiting for machine AutoConnect
[2026-04-15 08:28:18.5596749 UTC-05:00] [7560:10324] [FcVpnSched  768   debug] Trigger machine AutoConnect
[2026-04-15 08:28:18.5597133 UTC-05:00] [7560:10324] [FcVpnSched  44   debug] PostMachineAutoConnectRequestAsync called
[2026-04-15 08:28:18.5639589 UTC-05:00] [7560:7564] [FcVpnSched  826   debug] received MachineAutoConnect message
[2026-04-15 08:28:18.5640799 UTC-05:00] [7560:7564] [FcVpnSched  496 warning] no machine vpn found
[2026-04-15 08:33:28.2232131 UTC-05:00] [7560:7772] [FcVpnSched  88   debug] default msg 537
[2026-04-15 08:33:29.0483637 UTC-05:00] [7560:17148] [FcVpnSched  99    info] Received CTRL_SHUTDOWN_EVENT
[2026-04-15 08:33:29.0483897 UTC-05:00] [7560:17148] [FcVpnSched  61   debug] PostShutdownAsync called
[2026-04-15 08:33:29.1226487 UTC-05:00] [7560:7564] [FcVpnSched  844   debug] received Shutdown message
[2026-04-15 08:33:29.1226577 UTC-05:00] [7560:7564] [FcVpnSched  408   debug] called.
[2026-04-15 08:33:40.2132986 UTC-05:00] [7560:7772] [FcVpnSched  88   debug] default msg 30
[2026-04-15 08:33:45.3436916 UTC-05:00] [7560:7772] [FcVpnSched  88   debug] default msg 537
[2026-04-15 08:33:51.8312112 UTC-05:00] [7560:7564] [FcVpnSched  245   debug] HandleAppMessage() received quit event
[2026-04-15 08:33:51.9466541 UTC-05:00] [7560:7564] [FcVpnSched  1284   debug] program exiting res=0
[2026-04-15 08:33:51.9468380 UTC-05:00] [7560:7772] [FcVpnSched  88   debug] default msg 16
[2026-04-15 08:33:51.9468842 UTC-05:00] [7560:7772] [FcVpnSched  55   debug] WM_DESTROY
[2026-04-15 08:33:51.9469562 UTC-05:00] [7560:7772] [FcVpnSched  88   debug] default msg 130
[2026-04-15 08:33:51.9477814 UTC-05:00] [7560:7768] [FcVpnSched  142   error] Exit event singaled
[2026-04-15 08:33:52.0190593 UTC-05:00] [7560:7564] [FcVpnSched  1418    info] trace stopped
[2026-04-15 08:34:48.8155072 UTC-05:00] [7324:7328] [FcVpnSched  1359    info] (Time Zone: Central Standard Time) (Wed Dec 10 12:40:05 2025, 32s) 2026-04-15 08:34:48.812 type: 0x11f size: 512 memory: 0x0000000000000000
[2026-04-15 08:34:48.8534562 UTC-05:00] [7324:7328] [FcVpnSched  1247    info] FsFilter=0x00000000000003A4 Shield=0x00000000000003AC SchEvent=0x00000000000003B0
[2026-04-15 08:34:48.8541465 UTC-05:00] [7324:7328] [FcVpnSched  1249   debug] settings: AutoconnectOnInstall: 0, AutoconnectOffnetOnly: 0, AutoconnectEpcDeterminedOnly: 0, OnOsStartConnect: , OnLogonConnect: , OnOsStartHasPriority: 0
[2026-04-15 08:34:48.8681910 UTC-05:00] [7324:7404] [FcVpnSched  88   debug] default msg 36
[2026-04-15 08:34:48.8682243 UTC-05:00] [7324:7404] [FcVpnSched  88   debug] default msg 129
[2026-04-15 08:34:48.8682800 UTC-05:00] [7324:7404] [FcVpnSched  88   debug] default msg 131
[2026-04-15 08:34:48.8682925 UTC-05:00] [7324:7404] [FcVpnSched  51   debug] WM_CREATE
[2026-04-15 08:34:48.8906231 UTC-05:00] [7324:7404] [FcVpnSched  23   debug] enum session 0
[2026-04-15 08:34:48.8906338 UTC-05:00] [7324:7404] [FcVpnSched  23   debug] enum session 1
[2026-04-15 08:34:48.8932449 UTC-05:00] [7324:7404] [FcVpnSched  23   debug] enum session 65536
[2026-04-15 08:34:48.9446892 UTC-05:00] [7324:7328] [FcVpnSched  496 warning] no machine vpn found
[2026-04-15 08:34:49.1489372 UTC-05:00] [7324:7400] [FcVpnSched  10   debug] PostNetworkUpAsync called
[2026-04-15 08:34:49.1972530 UTC-05:00] [7324:7328] [FcVpnSched  816   debug] received NetworkUp message
[2026-04-15 08:34:49.1972622 UTC-05:00] [7324:7328] [FcVpnSched  60   debug] PostAutoConnect, session 0
[2026-04-15 08:34:49.1972739 UTC-05:00] [7324:7328] [FcVpnSched  44   debug] PostMachineAutoConnectRequestAsync called
[2026-04-15 08:34:49.3183353 UTC-05:00] [7324:7328] [FcVpnSched  826   debug] received MachineAutoConnect message
[2026-04-15 08:34:49.3184165 UTC-05:00] [7324:7328] [FcVpnSched  496 warning] no machine vpn found
[2026-04-15 08:34:50.9138609 UTC-05:00] [7324:7404] [FcVpnSched  88   debug] default msg 537
[2026-04-15 08:34:59.5856343 UTC-05:00] [7324:7328] [FcVpnSched  806   debug] received FabricChanged message
[2026-04-15 08:34:59.7393483 UTC-05:00] [7324:7328] [FcVpnSched  806   debug] received FabricChanged message
[2026-04-15 08:35:06.3499558 UTC-05:00] [7324:7404] [FcVpnSched  88   debug] default msg 537
[2026-04-15 08:35:17.2739473 UTC-05:00] [7324:7404] [FcVpnSched  88   debug] default msg 26
[2026-04-15 08:35:24.7252534 UTC-05:00] [7324:7404] [FcVpnSched  88   debug] default msg 537
[2026-04-15 08:35:24.7268090 UTC-05:00] [7324:7404] [FcVpnSched  88   debug] default msg 537
[2026-04-15 08:35:24.7292212 UTC-05:00] [7324:7404] [FcVpnSched  88   debug] default msg 537
[2026-04-15 08:36:10.6286635 UTC-05:00] [7324:7328] [FcVpnSched  806   debug] received FabricChanged message
[2026-04-15 08:36:55.5537440 UTC-05:00] [7324:7328] [FcVpnSched  806   debug] received FabricChanged message
[2026-04-15 08:36:57.0370813 UTC-05:00] [7324:7404] [FcVpnSched  88   debug] default msg 537
[2026-04-15 08:37:39.7897072 UTC-05:00] [7324:7404] [FcVpnSched  88   debug] default msg 537
[2026-04-15 08:37:55.3911774 UTC-05:00] [7324:11568] [FcVpnSched  99    info] Received CTRL_SHUTDOWN_EVENT
[2026-04-15 08:37:55.3912281 UTC-05:00] [7324:11568] [FcVpnSched  61   debug] PostShutdownAsync called
[2026-04-15 08:37:55.4314764 UTC-05:00] [7324:7328] [FcVpnSched  844   debug] received Shutdown message
[2026-04-15 08:37:55.4314874 UTC-05:00] [7324:7328] [FcVpnSched  408   debug] called.
[2026-04-15 08:37:57.6924632 UTC-05:00] [7324:7328] [FcVpnSched  806   debug] received FabricChanged message
[2026-04-15 08:38:06.8444005 UTC-05:00] [7324:7404] [FcVpnSched  88   debug] default msg 30
[2026-04-15 08:38:10.4805891 UTC-05:00] [7324:7404] [FcVpnSched  88   debug] default msg 537
[2026-04-15 08:38:10.5080909 UTC-05:00] [7324:7404] [FcVpnSched  88   debug] default msg 537
[2026-04-15 08:38:10.5648288 UTC-05:00] [7324:7404] [FcVpnSched  88   debug] default msg 537
[2026-04-15 08:38:16.5257500 UTC-05:00] [7324:7328] [FcVpnSched  245   debug] HandleAppMessage() received quit event
[2026-04-15 08:38:16.6365355 UTC-05:00] [7324:7328] [FcVpnSched  1284   debug] program exiting res=0
[2026-04-15 08:38:16.6366560 UTC-05:00] [7324:7400] [FcVpnSched  142   error] Exit event singaled
[2026-04-15 08:38:16.6367109 UTC-05:00] [7324:7404] [FcVpnSched  88   debug] default msg 16
[2026-04-15 08:38:16.6379911 UTC-05:00] [7324:7404] [FcVpnSched  55   debug] WM_DESTROY
[2026-04-15 08:38:16.6380338 UTC-05:00] [7324:7404] [FcVpnSched  88   debug] default msg 130
[2026-04-15 08:38:16.6407299 UTC-05:00] [7324:7328] [FcVpnSched  1418    info] trace stopped
[2026-04-15 08:39:09.1476612 UTC-05:00] [5560:5816] [FcVpnSched  1359    info] (Time Zone: Central Standard Time) (Wed Dec 10 12:40:05 2025, 30s) 2026-04-15 08:39:09.143 type: 0x11f size: 512 memory: 0x0000000000000000
[2026-04-15 08:39:09.1607555 UTC-05:00] [5560:5816] [FcVpnSched  1247    info] FsFilter=0x00000000000003A4 Shield=0x00000000000003AC SchEvent=0x00000000000003B0
[2026-04-15 08:39:09.1614583 UTC-05:00] [5560:5816] [FcVpnSched  1249   debug] settings: AutoconnectOnInstall: 0, AutoconnectOffnetOnly: 0, AutoconnectEpcDeterminedOnly: 0, OnOsStartConnect: , OnLogonConnect: , OnOsStartHasPriority: 0
[2026-04-15 08:39:09.1666516 UTC-05:00] [5560:3228] [FcVpnSched  88   debug] default msg 36
[2026-04-15 08:39:09.1666932 UTC-05:00] [5560:3228] [FcVpnSched  88   debug] default msg 129
[2026-04-15 08:39:09.1667592 UTC-05:00] [5560:3228] [FcVpnSched  88   debug] default msg 131
[2026-04-15 08:39:09.1667754 UTC-05:00] [5560:3228] [FcVpnSched  51   debug] WM_CREATE
[2026-04-15 08:39:09.1844600 UTC-05:00] [5560:3228] [FcVpnSched  23   debug] enum session 0
[2026-04-15 08:39:09.1844737 UTC-05:00] [5560:3228] [FcVpnSched  23   debug] enum session 1
[2026-04-15 08:39:09.2020175 UTC-05:00] [5560:3228] [FcVpnSched  23   debug] enum session 65536
[2026-04-15 08:39:09.2566000 UTC-05:00] [5560:5816] [FcVpnSched  496 warning] no machine vpn found
[2026-04-15 08:39:09.2647060 UTC-05:00] [5560:7016] [FcVpnSched  10   debug] PostNetworkUpAsync called
[2026-04-15 08:39:09.3237652 UTC-05:00] [5560:5816] [FcVpnSched  816   debug] received NetworkUp message
[2026-04-15 08:39:09.3237762 UTC-05:00] [5560:5816] [FcVpnSched  60   debug] PostAutoConnect, session 0
[2026-04-15 08:39:09.3237908 UTC-05:00] [5560:5816] [FcVpnSched  44   debug] PostMachineAutoConnectRequestAsync called
[2026-04-15 08:39:09.4517945 UTC-05:00] [5560:5816] [FcVpnSched  826   debug] received MachineAutoConnect message
[2026-04-15 08:39:09.4518849 UTC-05:00] [5560:5816] [FcVpnSched  496 warning] no machine vpn found
[2026-04-15 08:39:18.3705003 UTC-05:00] [5560:3228] [FcVpnSched  88   debug] default msg 26
[2026-04-15 08:39:18.4098441 UTC-05:00] [5560:5816] [FcVpnSched  806   debug] received FabricChanged message
[2026-04-15 08:39:18.5191754 UTC-05:00] [5560:5816] [FcVpnSched  806   debug] received FabricChanged message
[2026-04-15 08:39:19.3199423 UTC-05:00] [5560:3228] [FcVpnSched  88   debug] default msg 537
[2026-04-15 08:39:19.8546456 UTC-05:00] [5560:3228] [FcVpnSched  88   debug] default msg 537
[2026-04-15 08:39:42.5853956 UTC-05:00] [5560:3228] [FcVpnSched  88   debug] default msg 537
[2026-04-15 08:39:42.7650195 UTC-05:00] [5560:6684] [FcVpnSched  99    info] Received CTRL_SHUTDOWN_EVENT
[2026-04-15 08:39:42.7650633 UTC-05:00] [5560:6684] [FcVpnSched  61   debug] PostShutdownAsync called
[2026-04-15 08:39:42.7782071 UTC-05:00] [5560:5816] [FcVpnSched  844   debug] received Shutdown message
[2026-04-15 08:39:42.7782162 UTC-05:00] [5560:5816] [FcVpnSched  408   debug] called.
[2026-04-15 08:39:45.8633030 UTC-05:00] [5560:3228] [FcVpnSched  88   debug] default msg 30
[2026-04-15 08:39:46.4272724 UTC-05:00] [5560:3228] [FcVpnSched  88   debug] default msg 537
[2026-04-15 08:39:46.4857522 UTC-05:00] [5560:3228] [FcVpnSched  88   debug] default msg 537
[2026-04-15 08:39:50.5785994 UTC-05:00] [5560:5816] [FcVpnSched  806   debug] received FabricChanged message
[2026-04-15 08:40:46.1868637 UTC-05:00] [4248:5680] [FcVpnSched  1359    info] (Time Zone: Central Standard Time) (Wed Dec 10 12:40:05 2025, 30s) 2026-04-15 08:40:46.182 type: 0x11f size: 512 memory: 0x0000000000000000
[2026-04-15 08:40:46.2182938 UTC-05:00] [4248:5680] [FcVpnSched  1247    info] FsFilter=0x00000000000003B0 Shield=0x00000000000003B8 SchEvent=0x00000000000003BC
[2026-04-15 08:40:46.2190922 UTC-05:00] [4248:5680] [FcVpnSched  1249   debug] settings: AutoconnectOnInstall: 0, AutoconnectOffnetOnly: 0, AutoconnectEpcDeterminedOnly: 0, OnOsStartConnect: , OnLogonConnect: , OnOsStartHasPriority: 0
[2026-04-15 08:40:46.2291561 UTC-05:00] [4248:5628] [FcVpnSched  88   debug] default msg 36
[2026-04-15 08:40:46.2291932 UTC-05:00] [4248:5628] [FcVpnSched  88   debug] default msg 129
[2026-04-15 08:40:46.2292537 UTC-05:00] [4248:5628] [FcVpnSched  88   debug] default msg 131
[2026-04-15 08:40:46.2292705 UTC-05:00] [4248:5628] [FcVpnSched  51   debug] WM_CREATE
[2026-04-15 08:40:46.2694547 UTC-05:00] [4248:5628] [FcVpnSched  23   debug] enum session 0
[2026-04-15 08:40:46.2694686 UTC-05:00] [4248:5628] [FcVpnSched  23   debug] enum session 1
[2026-04-15 08:40:46.3019407 UTC-05:00] [4248:5628] [FcVpnSched  23   debug] enum session 65536
[2026-04-15 08:40:46.3416479 UTC-05:00] [4248:5680] [FcVpnSched  496 warning] no machine vpn found
[2026-04-15 08:40:46.4047354 UTC-05:00] [4248:5624] [FcVpnSched  10   debug] PostNetworkUpAsync called
[2026-04-15 08:40:46.5941060 UTC-05:00] [4248:5680] [FcVpnSched  816   debug] received NetworkUp message
[2026-04-15 08:40:46.5941175 UTC-05:00] [4248:5680] [FcVpnSched  60   debug] PostAutoConnect, session 0
[2026-04-15 08:40:46.5941201 UTC-05:00] [4248:5680] [FcVpnSched  44   debug] PostMachineAutoConnectRequestAsync called
[2026-04-15 08:40:46.7253663 UTC-05:00] [4248:5680] [FcVpnSched  826   debug] received MachineAutoConnect message
[2026-04-15 08:40:46.7254778 UTC-05:00] [4248:5680] [FcVpnSched  496 warning] no machine vpn found
[2026-04-15 08:40:49.8855463 UTC-05:00] [4248:5628] [FcVpnSched  88   debug] default msg 537
[2026-04-15 08:40:55.7551894 UTC-05:00] [4248:5680] [FcVpnSched  806   debug] received FabricChanged message
[2026-04-15 08:40:55.8774229 UTC-05:00] [4248:5680] [FcVpnSched  806   debug] received FabricChanged message
[2026-04-15 08:40:57.8780297 UTC-05:00] [4248:5628] [FcVpnSched  88   debug] default msg 26
[2026-04-15 08:40:57.9115537 UTC-05:00] [4248:5628] [FcVpnSched  88   debug] default msg 537
[2026-04-15 08:40:57.9128730 UTC-05:00] [4248:5628] [FcVpnSched  88   debug] default msg 537
[2026-04-15 08:40:57.9141539 UTC-05:00] [4248:5628] [FcVpnSched  88   debug] default msg 537
[2026-04-15 08:40:57.9152846 UTC-05:00] [4248:5628] [FcVpnSched  88   debug] default msg 537
[2026-04-15 08:40:57.9174602 UTC-05:00] [4248:5628] [FcVpnSched  88   debug] default msg 537
[2026-04-15 08:41:22.6103704 UTC-05:00] [4248:5628] [FcVpnSched  88   debug] default msg 26
[2026-04-15 08:41:22.9484761 UTC-05:00] [4248:5628] [FcVpnSched  88   debug] default msg 26
[2026-04-15 08:41:23.2481299 UTC-05:00] [4248:5628] [FcVpnSched  88   debug] default msg 26
[2026-04-15 08:41:25.0378863 UTC-05:00] [4248:5628] [FcVpnSched  88   debug] default msg 26
[2026-04-15 08:41:25.2930162 UTC-05:00] [4248:5628] [FcVpnSched  88   debug] default msg 26
[2026-04-15 08:41:26.7050345 UTC-05:00] [4248:5628] [FcVpnSched  88   debug] default msg 26
[2026-04-15 08:41:27.3878344 UTC-05:00] [4248:5628] [FcVpnSched  88   debug] default msg 26
[2026-04-15 08:41:27.9316311 UTC-05:00] [4248:5628] [FcVpnSched  88   debug] default msg 26
[2026-04-15 08:41:27.9703260 UTC-05:00] [4248:5628] [FcVpnSched  88   debug] default msg 26
[2026-04-15 08:42:03.2161093 UTC-05:00] [4248:5680] [FcVpnSched  806   debug] received FabricChanged message
[2026-04-15 08:42:43.4222163 UTC-05:00] [4248:5628] [FcVpnSched  88   debug] default msg 537
[2026-04-15 08:42:46.7567491 UTC-05:00] [4248:5680] [FcVpnSched  806   debug] received FabricChanged message
[2026-04-15 08:43:49.1367984 UTC-05:00] [4248:5680] [FcVpnSched  806   debug] received FabricChanged message
[2026-04-15 09:05:53.5502543 UTC-05:00] [4248:5628] [FcVpnSched  88   debug] default msg 26
[2026-04-15 09:05:57.5724619 UTC-05:00] [4248:5628] [FcVpnSched  88   debug] default msg 26
[2026-04-15 09:05:57.7559874 UTC-05:00] [4248:5628] [FcVpnSched  88   debug] default msg 26
[2026-04-15 09:05:58.0992346 UTC-05:00] [4248:5628] [FcVpnSched  88   debug] default msg 26
[2026-04-15 09:05:58.4514681 UTC-05:00] [4248:5628] [FcVpnSched  88   debug] default msg 26
[2026-04-15 09:05:58.5798498 UTC-05:00] [4248:5628] [FcVpnSched  61   debug] WTS_SESSION_LOGON 1
[2026-04-15 09:05:58.5798872 UTC-05:00] [4248:5628] [FcVpnSched  78   debug] called. sessionId=1, msg=0x1000
[2026-04-15 09:05:58.6442240 UTC-05:00] [4248:5680] [FcVpnSched  849   debug] received UserLogin message
[2026-04-15 09:05:58.6442332 UTC-05:00] [4248:5680] [FcVpnSched  649   debug] user login
[2026-04-15 09:05:58.6743466 UTC-05:00] [4248:5680] [FcVpnSched  658   debug] session 1 is unlocked
[2026-04-15 09:05:59.6569540 UTC-05:00] [4248:5628] [FcVpnSched  63   error] notify WTS_SESSION_LOGON failed
[2026-04-15 09:05:59.6584487 UTC-05:00] [4248:5628] [FcVpnSched  88   debug] default msg 26
[2026-04-15 09:05:59.6740781 UTC-05:00] [4248:5680] [FcVpnSched  642   error] VpnConn for 1 is not created.
[2026-04-15 09:06:08.4570293 UTC-05:00] [4248:5680] [FcVpnSched  811   debug] received FirstKeepaliveDone message
[2026-04-15 09:07:31.3704601 UTC-05:00] [4248:5628] [FcVpnSched  88   debug] default msg 30
[2026-04-15 09:07:32.7108358 UTC-05:00] [4248:5628] [FcVpnSched  88   debug] default msg 26
[2026-04-15 09:07:32.7413447 UTC-05:00] [4248:5628] [FcVpnSched  88   debug] default msg 26
[2026-04-15 09:07:32.7460022 UTC-05:00] [4248:5628] [FcVpnSched  88   debug] default msg 26
[2026-04-15 09:07:32.7517970 UTC-05:00] [4248:5628] [FcVpnSched  88   debug] default msg 26
[2026-04-15 09:07:32.7558649 UTC-05:00] [4248:5628] [FcVpnSched  88   debug] default msg 26
[2026-04-15 09:07:32.7602709 UTC-05:00] [4248:5628] [FcVpnSched  88   debug] default msg 26
[2026-04-15 09:07:32.7647261 UTC-05:00] [4248:5628] [FcVpnSched  88   debug] default msg 26
[2026-04-15 09:07:32.7689700 UTC-05:00] [4248:5628] [FcVpnSched  88   debug] default msg 26
[2026-04-15 09:07:32.7733973 UTC-05:00] [4248:5628] [FcVpnSched  88   debug] default msg 26
[2026-04-15 09:07:32.7777815 UTC-05:00] [4248:5628] [FcVpnSched  88   debug] default msg 26
[2026-04-15 09:07:32.7818829 UTC-05:00] [4248:5628] [FcVpnSched  88   debug] default msg 26
[2026-04-15 09:07:32.7861416 UTC-05:00] [4248:5628] [FcVpnSched  88   debug] default msg 26
[2026-04-15 09:07:32.7903860 UTC-05:00] [4248:5628] [FcVpnSched  88   debug] default msg 26
[2026-04-15 09:07:32.7944940 UTC-05:00] [4248:5628] [FcVpnSched  88   debug] default msg 26
[2026-04-15 09:07:32.7991045 UTC-05:00] [4248:5628] [FcVpnSched  88   debug] default msg 26
[2026-04-15 09:07:32.8032483 UTC-05:00] [4248:5628] [FcVpnSched  88   debug] default msg 26
[2026-04-15 09:07:32.8077314 UTC-05:00] [4248:5628] [FcVpnSched  88   debug] default msg 26
[2026-04-15 09:07:32.8123589 UTC-05:00] [4248:5628] [FcVpnSched  88   debug] default msg 26
[2026-04-15 09:07:32.8165143 UTC-05:00] [4248:5628] [FcVpnSched  88   debug] default msg 26
[2026-04-15 09:07:32.8209045 UTC-05:00] [4248:5628] [FcVpnSched  88   debug] default msg 26
[2026-04-15 09:07:32.8254300 UTC-05:00] [4248:5628] [FcVpnSched  88   debug] default msg 26
[2026-04-15 09:07:32.8296333 UTC-05:00] [4248:5628] [FcVpnSched  88   debug] default msg 26
[2026-04-15 09:07:32.8337934 UTC-05:00] [4248:5628] [FcVpnSched  88   debug] default msg 26
[2026-04-15 09:07:32.8381469 UTC-05:00] [4248:5628] [FcVpnSched  88   debug] default msg 26
[2026-04-15 09:07:32.8434293 UTC-05:00] [4248:5628] [FcVpnSched  88   debug] default msg 26
[2026-04-15 09:07:32.8480751 UTC-05:00] [4248:5628] [FcVpnSched  88   debug] default msg 26
[2026-04-15 09:07:32.8522898 UTC-05:00] [4248:5628] [FcVpnSched  88   debug] default msg 26
[2026-04-15 09:07:32.8566212 UTC-05:00] [4248:5628] [FcVpnSched  88   debug] default msg 26
[2026-04-15 09:07:32.8606285 UTC-05:00] [4248:5628] [FcVpnSched  88   debug] default msg 26
[2026-04-15 09:07:32.8654456 UTC-05:00] [4248:5628] [FcVpnSched  88   debug] default msg 26
[2026-04-15 09:07:32.8698504 UTC-05:00] [4248:5628] [FcVpnSched  88   debug] default msg 26
[2026-04-15 09:07:32.8741933 UTC-05:00] [4248:5628] [FcVpnSched  88   debug] default msg 26
[2026-04-15 09:07:32.8799789 UTC-05:00] [4248:5628] [FcVpnSched  88   debug] default msg 26
[2026-04-15 09:07:32.8838918 UTC-05:00] [4248:5628] [FcVpnSched  88   debug] default msg 26
[2026-04-15 09:07:32.8877536 UTC-05:00] [4248:5628] [FcVpnSched  88   debug] default msg 26
[2026-04-15 09:07:32.8934250 UTC-05:00] [4248:5628] [FcVpnSched  88   debug] default msg 26
[2026-04-15 09:07:32.8973004 UTC-05:00] [4248:5628] [FcVpnSched  88   debug] default msg 26
[2026-04-15 09:07:32.9014860 UTC-05:00] [4248:5628] [FcVpnSched  88   debug] default msg 26
[2026-04-15 09:07:32.9056168 UTC-05:00] [4248:5628] [FcVpnSched  88   debug] default msg 26
[2026-04-15 09:07:32.9127953 UTC-05:00] [4248:5628] [FcVpnSched  88   debug] default msg 26
[2026-04-15 09:07:32.9177455 UTC-05:00] [4248:5628] [FcVpnSched  88   debug] default msg 26
[2026-04-15 09:07:32.9225258 UTC-05:00] [4248:5628] [FcVpnSched  88   debug] default msg 26
[2026-04-15 09:07:32.9268210 UTC-05:00] [4248:5628] [FcVpnSched  88   debug] default msg 26
[2026-04-15 09:07:32.9311425 UTC-05:00] [4248:5628] [FcVpnSched  88   debug] default msg 26
[2026-04-15 09:07:32.9358934 UTC-05:00] [4248:5628] [FcVpnSched  88   debug] default msg 26
[2026-04-15 09:07:32.9471417 UTC-05:00] [4248:5628] [FcVpnSched  88   debug] default msg 26
[2026-04-15 09:07:32.9521617 UTC-05:00] [4248:5628] [FcVpnSched  88   debug] default msg 26
[2026-04-15 09:07:32.9565550 UTC-05:00] [4248:5628] [FcVpnSched  88   debug] default msg 26
[2026-04-15 09:07:32.9609802 UTC-05:00] [4248:5628] [FcVpnSched  88   debug] default msg 26
[2026-04-15 09:07:32.9665776 UTC-05:00] [4248:5628] [FcVpnSched  88   debug] default msg 26
[2026-04-15 09:07:32.9713520 UTC-05:00] [4248:5628] [FcVpnSched  88   debug] default msg 26
[2026-04-15 09:07:32.9758565 UTC-05:00] [4248:5628] [FcVpnSched  88   debug] default msg 26
[2026-04-15 09:07:32.9824958 UTC-05:00] [4248:5628] [FcVpnSched  88   debug] default msg 26
[2026-04-15 09:07:32.9889703 UTC-05:00] [4248:5628] [FcVpnSched  88   debug] default msg 26
[2026-04-15 09:07:32.9934423 UTC-05:00] [4248:5628] [FcVpnSched  88   debug] default msg 26
[2026-04-15 09:07:32.9984456 UTC-05:00] [4248:5628] [FcVpnSched  88   debug] default msg 26
[2026-04-15 09:10:52.8464148 UTC-05:00] [4248:5628] [FcVpnSched  88   debug] default msg 26
[2026-04-15 09:10:52.8568387 UTC-05:00] [4248:5628] [FcVpnSched  88   debug] default msg 26
[2026-04-15 09:10:52.8628705 UTC-05:00] [4248:5628] [FcVpnSched  88   debug] default msg 26
[2026-04-15 09:10:52.8696626 UTC-05:00] [4248:5628] [FcVpnSched  88   debug] default msg 26
[2026-04-15 09:10:52.8763580 UTC-05:00] [4248:5628] [FcVpnSched  88   debug] default msg 26
[2026-04-15 09:10:52.8818680 UTC-05:00] [4248:5628] [FcVpnSched  88   debug] default msg 26
[2026-04-15 09:10:52.8880054 UTC-05:00] [4248:5628] [FcVpnSched  88   debug] default msg 26
[2026-04-15 09:10:52.8935246 UTC-05:00] [4248:5628] [FcVpnSched  88   debug] default msg 26
[2026-04-15 09:10:52.8989081 UTC-05:00] [4248:5628] [FcVpnSched  88   debug] default msg 26
[2026-04-15 09:10:52.9050878 UTC-05:00] [4248:5628] [FcVpnSched  88   debug] default msg 26
[2026-04-15 09:10:52.9155442 UTC-05:00] [4248:5628] [FcVpnSched  88   debug] default msg 26
[2026-04-15 09:10:52.9204595 UTC-05:00] [4248:5628] [FcVpnSched  88   debug] default msg 26
[2026-04-15 09:10:52.9255444 UTC-05:00] [4248:5628] [FcVpnSched  88   debug] default msg 26
[2026-04-15 09:10:52.9310531 UTC-05:00] [4248:5628] [FcVpnSched  88   debug] default msg 26
[2026-04-15 09:10:52.9445877 UTC-05:00] [4248:5628] [FcVpnSched  88   debug] default msg 26
[2026-04-15 09:10:52.9550346 UTC-05:00] [4248:5628] [FcVpnSched  88   debug] default msg 26
[2026-04-15 09:10:52.9651015 UTC-05:00] [4248:5628] [FcVpnSched  88   debug] default msg 26
[2026-04-15 09:10:52.9863584 UTC-05:00] [4248:5628] [FcVpnSched  88   debug] default msg 26
[2026-04-15 09:10:52.9939335 UTC-05:00] [4248:5628] [FcVpnSched  88   debug] default msg 26
[2026-04-15 09:10:53.0018680 UTC-05:00] [4248:5628] [FcVpnSched  88   debug] default msg 26
[2026-04-15 09:10:53.0086981 UTC-05:00] [4248:5628] [FcVpnSched  88   debug] default msg 26
[2026-04-15 09:10:53.0179164 UTC-05:00] [4248:5628] [FcVpnSched  88   debug] default msg 26
[2026-04-15 09:10:53.0247059 UTC-05:00] [4248:5628] [FcVpnSched  88   debug] default msg 26
[2026-04-15 09:10:53.0295610 UTC-05:00] [4248:5628] [FcVpnSched  88   debug] default msg 26
[2026-04-15 09:10:53.0380860 UTC-05:00] [4248:5628] [FcVpnSched  88   debug] default msg 26
[2026-04-15 09:10:53.0432698 UTC-05:00] [4248:5628] [FcVpnSched  88   debug] default msg 26
[2026-04-15 09:10:53.0495837 UTC-05:00] [4248:5628] [FcVpnSched  88   debug] default msg 26
[2026-04-15 09:10:53.0565421 UTC-05:00] [4248:5628] [FcVpnSched  88   debug] default msg 26
[2026-04-15 09:10:53.0618707 UTC-05:00] [4248:5628] [FcVpnSched  88   debug] default msg 26
[2026-04-15 09:10:53.0673106 UTC-05:00] [4248:5628] [FcVpnSched  88   debug] default msg 26
[2026-04-15 09:10:53.0726596 UTC-05:00] [4248:5628] [FcVpnSched  88   debug] default msg 26
[2026-04-15 09:10:53.0820719 UTC-05:00] [4248:5628] [FcVpnSched  88   debug] default msg 26
[2026-04-15 09:11:22.2471918 UTC-05:00] [4248:5628] [FcVpnSched  88   debug] default msg 537
[2026-04-15 09:11:22.2780576 UTC-05:00] [4248:5628] [FcVpnSched  88   debug] default msg 537
[2026-04-15 09:11:22.3503187 UTC-05:00] [4248:5628] [FcVpnSched  88   debug] default msg 537
[2026-04-15 09:11:22.3615881 UTC-05:00] [4248:5628] [FcVpnSched  88   debug] default msg 537
[2026-04-15 09:11:22.3703397 UTC-05:00] [4248:5628] [FcVpnSched  88   debug] default msg 537
[2026-04-15 09:11:22.3770462 UTC-05:00] [4248:5628] [FcVpnSched  88   debug] default msg 537
[2026-04-15 09:11:22.4817132 UTC-05:00] [4248:5628] [FcVpnSched  88   debug] default msg 537
[2026-04-15 09:11:22.6919376 UTC-05:00] [4248:5628] [FcVpnSched  88   debug] default msg 537
[2026-04-15 09:11:22.6978491 UTC-05:00] [4248:5628] [FcVpnSched  88   debug] default msg 537
[2026-04-15 09:11:22.7086595 UTC-05:00] [4248:5628] [FcVpnSched  88   debug] default msg 537
[2026-04-15 09:11:23.4279378 UTC-05:00] [4248:5628] [FcVpnSched  88   debug] default msg 537
[2026-04-15 09:11:23.4314000 UTC-05:00] [4248:5628] [FcVpnSched  88   debug] default msg 537
[2026-04-15 09:11:23.8002337 UTC-05:00] [4248:5628] [FcVpnSched  88   debug] default msg 537
[2026-04-15 09:11:23.8514673 UTC-05:00] [4248:5628] [FcVpnSched  88   debug] default msg 537
[2026-04-15 09:11:25.2637463 UTC-05:00] [4248:5628] [FcVpnSched  88   debug] default msg 537
[2026-04-15 09:11:27.8879694 UTC-05:00] [4248:5628] [FcVpnSched  88   debug] default msg 537
[2026-04-15 09:11:52.9060272 UTC-05:00] [4248:5628] [FcVpnSched  88   debug] default msg 537
[2026-04-15 09:11:53.4955380 UTC-05:00] [4248:5628] [FcVpnSched  88   debug] default msg 537
[2026-04-15 09:11:53.4995291 UTC-05:00] [4248:5628] [FcVpnSched  88   debug] default msg 537
[2026-04-15 09:11:53.5047027 UTC-05:00] [4248:5628] [FcVpnSched  88   debug] default msg 537
[2026-04-15 09:11:53.5414487 UTC-05:00] [4248:5628] [FcVpnSched  88   debug] default msg 537
[2026-04-15 09:11:53.5612295 UTC-05:00] [4248:5628] [FcVpnSched  88   debug] default msg 537
[2026-04-15 09:11:53.5646590 UTC-05:00] [4248:5628] [FcVpnSched  88   debug] default msg 537
[2026-04-15 09:11:53.5693733 UTC-05:00] [4248:5628] [FcVpnSched  88   debug] default msg 537
[2026-04-15 09:11:53.5773159 UTC-05:00] [4248:5628] [FcVpnSched  88   debug] default msg 537
[2026-04-15 09:11:53.5841447 UTC-05:00] [4248:5628] [FcVpnSched  88   debug] default msg 537
[2026-04-15 09:11:53.5890254 UTC-05:00] [4248:5628] [FcVpnSched  88   debug] default msg 537
[2026-04-15 09:11:53.5927135 UTC-05:00] [4248:5628] [FcVpnSched  88   debug] default msg 537
[2026-04-15 09:11:53.5967417 UTC-05:00] [4248:5628] [FcVpnSched  88   debug] default msg 537
[2026-04-15 09:11:53.5998296 UTC-05:00] [4248:5628] [FcVpnSched  88   debug] default msg 537
[2026-04-15 09:11:53.6057819 UTC-05:00] [4248:5628] [FcVpnSched  88   debug] default msg 537
[2026-04-15 09:11:53.6098847 UTC-05:00] [4248:5628] [FcVpnSched  88   debug] default msg 537
[2026-04-15 09:11:53.6152156 UTC-05:00] [4248:5628] [FcVpnSched  88   debug] default msg 537
[2026-04-15 09:11:53.6538297 UTC-05:00] [4248:5628] [FcVpnSched  88   debug] default msg 537
[2026-04-15 09:11:53.6569169 UTC-05:00] [4248:5628] [FcVpnSched  88   debug] default msg 537
[2026-04-15 09:11:53.6632261 UTC-05:00] [4248:5628] [FcVpnSched  88   debug] default msg 537
[2026-04-15 09:11:53.6786189 UTC-05:00] [4248:5628] [FcVpnSched  88   debug] default msg 537
[2026-04-15 09:11:53.7058787 UTC-05:00] [4248:5628] [FcVpnSched  88   debug] default msg 537
[2026-04-15 09:11:53.7114078 UTC-05:00] [4248:5628] [FcVpnSched  88   debug] default msg 537
[2026-04-15 09:11:53.7153784 UTC-05:00] [4248:5628] [FcVpnSched  88   debug] default msg 537
[2026-04-15 09:11:53.7192707 UTC-05:00] [4248:5628] [FcVpnSched  88   debug] default msg 537
[2026-04-15 09:11:53.7227056 UTC-05:00] [4248:5628] [FcVpnSched  88   debug] default msg 537
[2026-04-15 09:11:54.2903550 UTC-05:00] [4248:5628] [FcVpnSched  88   debug] default msg 537
[2026-04-15 09:11:54.2954586 UTC-05:00] [4248:5628] [FcVpnSched  88   debug] default msg 537
[2026-04-15 09:11:57.4116040 UTC-05:00] [4248:5628] [FcVpnSched  88   debug] default msg 537
[2026-04-15 09:11:57.4184663 UTC-05:00] [4248:5628] [FcVpnSched  88   debug] default msg 537
[2026-04-15 09:11:57.4227391 UTC-05:00] [4248:5628] [FcVpnSched  88   debug] default msg 537
[2026-04-15 09:11:57.5014662 UTC-05:00] [4248:5628] [FcVpnSched  88   debug] default msg 537
[2026-04-15 09:11:57.5074502 UTC-05:00] [4248:5628] [FcVpnSched  88   debug] default msg 537
[2026-04-15 09:11:57.5267122 UTC-05:00] [4248:5628] [FcVpnSched  88   debug] default msg 537
[2026-04-15 09:11:57.5302219 UTC-05:00] [4248:5628] [FcVpnSched  88   debug] default msg 537
[2026-04-15 09:11:57.5340355 UTC-05:00] [4248:5628] [FcVpnSched  88   debug] default msg 537
[2026-04-15 09:11:57.5626876 UTC-05:00] [4248:5628] [FcVpnSched  88   debug] default msg 537
[2026-04-15 09:11:57.5717616 UTC-05:00] [4248:5628] [FcVpnSched  88   debug] default msg 537
[2026-04-15 09:11:57.5800266 UTC-05:00] [4248:5628] [FcVpnSched  88   debug] default msg 537
[2026-04-15 09:11:57.5877194 UTC-05:00] [4248:5628] [FcVpnSched  88   debug] default msg 537
[2026-04-15 09:11:57.6138553 UTC-05:00] [4248:5628] [FcVpnSched  88   debug] default msg 537
[2026-04-15 09:11:57.6182054 UTC-05:00] [4248:5628] [FcVpnSched  88   debug] default msg 537
[2026-04-15 09:11:57.6299140 UTC-05:00] [4248:5628] [FcVpnSched  88   debug] default msg 537
[2026-04-15 09:11:57.6330328 UTC-05:00] [4248:5628] [FcVpnSched  88   debug] default msg 537
[2026-04-15 09:11:57.6492629 UTC-05:00] [4248:5628] [FcVpnSched  88   debug] default msg 537
[2026-04-15 09:11:57.6907757 UTC-05:00] [4248:5628] [FcVpnSched  88   debug] default msg 537
[2026-04-15 09:11:57.6952906 UTC-05:00] [4248:5628] [FcVpnSched  88   debug] default msg 537
[2026-04-15 09:11:58.0087731 UTC-05:00] [4248:5628] [FcVpnSched  88   debug] default msg 537
[2026-04-15 09:11:58.0202589 UTC-05:00] [4248:5628] [FcVpnSched  88   debug] default msg 537
[2026-04-15 09:11:58.0439795 UTC-05:00] [4248:5628] [FcVpnSched  88   debug] default msg 537
[2026-04-15 09:11:58.0798381 UTC-05:00] [4248:5628] [FcVpnSched  88   debug] default msg 537
[2026-04-15 09:11:58.2149247 UTC-05:00] [4248:5628] [FcVpnSched  88   debug] default msg 537
[2026-04-15 09:11:59.6110424 UTC-05:00] [4248:5628] [FcVpnSched  88   debug] default msg 537
[2026-04-15 09:11:59.6168978 UTC-05:00] [4248:5628] [FcVpnSched  88   debug] default msg 537
[2026-04-15 09:11:59.6802363 UTC-05:00] [4248:5628] [FcVpnSched  88   debug] default msg 537
[2026-04-15 09:11:59.8908366 UTC-05:00] [4248:5628] [FcVpnSched  88   debug] default msg 537
[2026-04-15 09:11:59.9209755 UTC-05:00] [4248:5628] [FcVpnSched  88   debug] default msg 537
[2026-04-15 09:11:59.9251995 UTC-05:00] [4248:5628] [FcVpnSched  88   debug] default msg 537
[2026-04-15 09:11:59.9563542 UTC-05:00] [4248:5628] [FcVpnSched  88   debug] default msg 537
[2026-04-15 09:11:59.9620442 UTC-05:00] [4248:5628] [FcVpnSched  88   debug] default msg 537
[2026-04-15 09:11:59.9887819 UTC-05:00] [4248:5628] [FcVpnSched  88   debug] default msg 537
[2026-04-15 09:12:00.0045991 UTC-05:00] [4248:5628] [FcVpnSched  88   debug] default msg 537
[2026-04-15 09:12:00.0889217 UTC-05:00] [4248:5628] [FcVpnSched  88   debug] default msg 537
[2026-04-15 09:12:00.0967320 UTC-05:00] [4248:5628] [FcVpnSched  88   debug] default msg 537
[2026-04-15 09:12:00.1066472 UTC-05:00] [4248:5628] [FcVpnSched  88   debug] default msg 537
[2026-04-15 09:12:00.1116494 UTC-05:00] [4248:5628] [FcVpnSched  88   debug] default msg 537
[2026-04-15 09:12:00.1153135 UTC-05:00] [4248:5628] [FcVpnSched  88   debug] default msg 537
[2026-04-15 09:12:00.1256230 UTC-05:00] [4248:5628] [FcVpnSched  88   debug] default msg 537
[2026-04-15 09:12:00.1284199 UTC-05:00] [4248:5628] [FcVpnSched  88   debug] default msg 537
[2026-04-15 09:12:01.2645599 UTC-05:00] [4248:5628] [FcVpnSched  88   debug] default msg 537
[2026-04-15 09:12:01.2756887 UTC-05:00] [4248:5628] [FcVpnSched  88   debug] default msg 537
[2026-04-15 09:12:01.2834942 UTC-05:00] [4248:5628] [FcVpnSched  88   debug] default msg 537
[2026-04-15 09:12:01.7479798 UTC-05:00] [4248:5628] [FcVpnSched  88   debug] default msg 537
[2026-04-15 09:12:01.7625337 UTC-05:00] [4248:5628] [FcVpnSched  88   debug] default msg 537
[2026-04-15 09:12:56.3335819 UTC-05:00] [4248:5628] [FcVpnSched  67   debug] WTS_SESSION_LOGOFF 1
[2026-04-15 09:12:56.3339438 UTC-05:00] [4248:5628] [FcVpnSched  78   debug] called. sessionId=1, msg=0x1001
[2026-04-15 09:12:56.3788011 UTC-05:00] [4248:5680] [FcVpnSched  854   debug] received UserLogout message
[2026-04-15 09:12:56.3788696 UTC-05:00] [4248:5680] [FcVpnSched  731   debug] user logout
[2026-04-15 09:12:56.3789401 UTC-05:00] [4248:5680] [FcVpnSched  743   debug] disconnect all vpns in session 1
[2026-04-15 09:12:56.4238500 UTC-05:00] [4248:5680] [FcVpnSched  760   debug] Current unlocked user sessions: 1	
[2026-04-15 09:12:56.4289619 UTC-05:00] [4248:15204] [FcVpnSched  764   debug] Start waiting for machine AutoConnect
[2026-04-15 09:12:58.4645362 UTC-05:00] [4248:5628] [FcVpnSched  88   debug] default msg 537
[2026-04-15 09:12:59.2726382 UTC-05:00] [4248:15416] [FcVpnSched  99    info] Received CTRL_SHUTDOWN_EVENT
[2026-04-15 09:12:59.2726646 UTC-05:00] [4248:15416] [FcVpnSched  61   debug] PostShutdownAsync called
[2026-04-15 09:12:59.2877908 UTC-05:00] [4248:15204] [FcVpnSched  772   debug] Do not trigger machine AutoConnect
[2026-04-15 09:12:59.3896363 UTC-05:00] [4248:5680] [FcVpnSched  844   debug] received Shutdown message
[2026-04-15 09:12:59.3896450 UTC-05:00] [4248:5680] [FcVpnSched  408   debug] called.
[2026-04-15 09:13:13.4709969 UTC-05:00] [4248:5628] [FcVpnSched  88   debug] default msg 30
[2026-04-15 09:13:19.4633109 UTC-05:00] [4248:5628] [FcVpnSched  88   debug] default msg 537
[2026-04-15 09:13:19.7129671 UTC-05:00] [4248:5680] [FcVpnSched  806   debug] received FabricChanged message
[2026-04-15 09:14:11.4637348 UTC-05:00] [7416:7420] [FcVpnSched  1359    info] (Time Zone: Central Standard Time) (Wed Dec 10 12:40:05 2025, 23s) 2026-04-15 09:14:11.460 type: 0x11f size: 512 memory: 0x0000000000000000
[2026-04-15 09:14:11.4711639 UTC-05:00] [7416:7420] [FcVpnSched  1247    info] FsFilter=0x00000000000003AC Shield=0x00000000000003B4 SchEvent=0x00000000000003B8
[2026-04-15 09:14:11.4713659 UTC-05:00] [7416:7584] [FcVpnSched  88   debug] default msg 36
[2026-04-15 09:14:11.4713940 UTC-05:00] [7416:7584] [FcVpnSched  88   debug] default msg 129
[2026-04-15 09:14:11.4714610 UTC-05:00] [7416:7584] [FcVpnSched  88   debug] default msg 131
[2026-04-15 09:14:11.4714767 UTC-05:00] [7416:7584] [FcVpnSched  51   debug] WM_CREATE
[2026-04-15 09:14:11.4718264 UTC-05:00] [7416:7420] [FcVpnSched  1249   debug] settings: AutoconnectOnInstall: 0, AutoconnectOffnetOnly: 0, AutoconnectEpcDeterminedOnly: 0, OnOsStartConnect: , OnLogonConnect: , OnOsStartHasPriority: 0
[2026-04-15 09:14:11.4872882 UTC-05:00] [7416:7584] [FcVpnSched  23   debug] enum session 0
[2026-04-15 09:14:11.4872978 UTC-05:00] [7416:7584] [FcVpnSched  23   debug] enum session 1
[2026-04-15 09:14:11.4938476 UTC-05:00] [7416:7584] [FcVpnSched  23   debug] enum session 65536
[2026-04-15 09:14:11.5180792 UTC-05:00] [7416:7420] [FcVpnSched  496 warning] no machine vpn found
[2026-04-15 09:14:11.5660254 UTC-05:00] [7416:7580] [FcVpnSched  10   debug] PostNetworkUpAsync called
[2026-04-15 09:14:11.5754374 UTC-05:00] [7416:7420] [FcVpnSched  816   debug] received NetworkUp message
[2026-04-15 09:14:11.5754476 UTC-05:00] [7416:7420] [FcVpnSched  60   debug] PostAutoConnect, session 0
[2026-04-15 09:14:11.5754678 UTC-05:00] [7416:7420] [FcVpnSched  44   debug] PostMachineAutoConnectRequestAsync called
[2026-04-15 09:14:11.6841746 UTC-05:00] [7416:7420] [FcVpnSched  826   debug] received MachineAutoConnect message
[2026-04-15 09:14:11.6842569 UTC-05:00] [7416:7420] [FcVpnSched  496 warning] no machine vpn found
[2026-04-15 09:14:12.1258039 UTC-05:00] [7416:7584] [FcVpnSched  88   debug] default msg 26
[2026-04-15 09:14:12.5835708 UTC-05:00] [7416:7584] [FcVpnSched  88   debug] default msg 26
[2026-04-15 09:14:12.9870527 UTC-05:00] [7416:7584] [FcVpnSched  88   debug] default msg 26
[2026-04-15 09:14:13.7653447 UTC-05:00] [7416:7584] [FcVpnSched  88   debug] default msg 26
[2026-04-15 09:14:16.2596994 UTC-05:00] [7416:7584] [FcVpnSched  88   debug] default msg 537
[2026-04-15 09:14:19.1520635 UTC-05:00] [7416:7584] [FcVpnSched  88   debug] default msg 537
[2026-04-15 09:14:19.1532826 UTC-05:00] [7416:7584] [FcVpnSched  88   debug] default msg 537
[2026-04-15 09:14:19.1545399 UTC-05:00] [7416:7584] [FcVpnSched  88   debug] default msg 537
[2026-04-15 09:14:19.2563917 UTC-05:00] [7416:7584] [FcVpnSched  88   debug] default msg 26
[2026-04-15 09:14:21.0073030 UTC-05:00] [7416:7584] [FcVpnSched  88   debug] default msg 537
[2026-04-15 09:14:22.3487092 UTC-05:00] [7416:7584] [FcVpnSched  88   debug] default msg 26
[2026-04-15 09:14:23.3744549 UTC-05:00] [7416:7584] [FcVpnSched  88   debug] default msg 26
[2026-04-15 09:14:24.2284630 UTC-05:00] [7416:7584] [FcVpnSched  88   debug] default msg 26
[2026-04-15 09:14:25.0182905 UTC-05:00] [7416:7584] [FcVpnSched  88   debug] default msg 26
[2026-04-15 09:14:26.1689447 UTC-05:00] [7416:7420] [FcVpnSched  806   debug] received FabricChanged message
[2026-04-15 09:14:35.5225078 UTC-05:00] [7416:7584] [FcVpnSched  88   debug] default msg 26
[2026-04-15 09:15:28.2348431 UTC-05:00] [7416:7420] [FcVpnSched  806   debug] received FabricChanged message
[2026-04-15 09:16:07.3130317 UTC-05:00] [7416:7584] [FcVpnSched  88   debug] default msg 537
[2026-04-15 09:16:07.3637456 UTC-05:00] [7416:7584] [FcVpnSched  88   debug] default msg 537
[2026-04-15 09:16:11.4642026 UTC-05:00] [7416:7420] [FcVpnSched  806   debug] received FabricChanged message
[2026-04-15 09:17:13.6276226 UTC-05:00] [7416:7420] [FcVpnSched  806   debug] received FabricChanged message
[2026-04-15 10:22:17.2337214 UTC-05:00] [7416:7584] [FcVpnSched  88   debug] default msg 26
[2026-04-15 10:22:17.6055901 UTC-05:00] [7416:7584] [FcVpnSched  88   debug] default msg 26
[2026-04-15 10:22:17.7647124 UTC-05:00] [7416:7584] [FcVpnSched  88   debug] default msg 26
[2026-04-15 10:22:18.0701500 UTC-05:00] [7416:7584] [FcVpnSched  88   debug] default msg 26
[2026-04-15 10:22:18.4146361 UTC-05:00] [7416:7584] [FcVpnSched  88   debug] default msg 26
[2026-04-15 10:22:18.5547964 UTC-05:00] [7416:7584] [FcVpnSched  88   debug] default msg 26
[2026-04-15 10:22:18.5698085 UTC-05:00] [7416:7584] [FcVpnSched  61   debug] WTS_SESSION_LOGON 1
[2026-04-15 10:22:18.5698251 UTC-05:00] [7416:7584] [FcVpnSched  78   debug] called. sessionId=1, msg=0x1000
[2026-04-15 10:22:18.6134500 UTC-05:00] [7416:7420] [FcVpnSched  849   debug] received UserLogin message
[2026-04-15 10:22:18.6135284 UTC-05:00] [7416:7420] [FcVpnSched  649   debug] user login
[2026-04-15 10:22:18.6357307 UTC-05:00] [7416:7420] [FcVpnSched  658   debug] session 1 is unlocked
[2026-04-15 10:22:19.6507428 UTC-05:00] [7416:7420] [FcVpnSched  642   error] VpnConn for 1 is not created.
[2026-04-15 10:22:19.6529986 UTC-05:00] [7416:7584] [FcVpnSched  63   error] notify WTS_SESSION_LOGON failed
[2026-04-15 10:22:27.6830676 UTC-05:00] [7416:7420] [FcVpnSched  811   debug] received FirstKeepaliveDone message
[2026-04-15 10:23:16.3475650 UTC-05:00] [7416:7584] [FcVpnSched  88   debug] default msg 30
[2026-04-15 10:23:16.5550090 UTC-05:00] [7416:7584] [FcVpnSched  88   debug] default msg 26
[2026-04-15 10:23:16.5601483 UTC-05:00] [7416:7584] [FcVpnSched  88   debug] default msg 26
[2026-04-15 10:23:16.5643384 UTC-05:00] [7416:7584] [FcVpnSched  88   debug] default msg 26
[2026-04-15 10:23:16.5685813 UTC-05:00] [7416:7584] [FcVpnSched  88   debug] default msg 26
[2026-04-15 10:23:16.5731752 UTC-05:00] [7416:7584] [FcVpnSched  88   debug] default msg 26
[2026-04-15 10:23:16.5912941 UTC-05:00] [7416:7584] [FcVpnSched  88   debug] default msg 26
[2026-04-15 10:23:16.5950211 UTC-05:00] [7416:7584] [FcVpnSched  88   debug] default msg 26
[2026-04-15 10:23:16.5991554 UTC-05:00] [7416:7584] [FcVpnSched  88   debug] default msg 26
[2026-04-15 10:23:16.6032709 UTC-05:00] [7416:7584] [FcVpnSched  88   debug] default msg 26
[2026-04-15 10:23:16.6091981 UTC-05:00] [7416:7584] [FcVpnSched  88   debug] default msg 26
[2026-04-15 10:23:16.6129478 UTC-05:00] [7416:7584] [FcVpnSched  88   debug] default msg 26
[2026-04-15 10:23:16.6163248 UTC-05:00] [7416:7584] [FcVpnSched  88   debug] default msg 26
[2026-04-15 10:23:16.6198572 UTC-05:00] [7416:7584] [FcVpnSched  88   debug] default msg 26
[2026-04-15 10:23:16.6256808 UTC-05:00] [7416:7584] [FcVpnSched  88   debug] default msg 26
[2026-04-15 10:23:16.6296275 UTC-05:00] [7416:7584] [FcVpnSched  88   debug] default msg 26
[2026-04-15 10:23:16.6338819 UTC-05:00] [7416:7584] [FcVpnSched  88   debug] default msg 26
[2026-04-15 10:23:16.6399091 UTC-05:00] [7416:7584] [FcVpnSched  88   debug] default msg 26
[2026-04-15 10:23:16.6445378 UTC-05:00] [7416:7584] [FcVpnSched  88   debug] default msg 26
[2026-04-15 10:23:16.6495963 UTC-05:00] [7416:7584] [FcVpnSched  88   debug] default msg 26
[2026-04-15 10:23:16.6537862 UTC-05:00] [7416:7584] [FcVpnSched  88   debug] default msg 26
[2026-04-15 10:23:16.6576918 UTC-05:00] [7416:7584] [FcVpnSched  88   debug] default msg 26
[2026-04-15 10:23:16.6618115 UTC-05:00] [7416:7584] [FcVpnSched  88   debug] default msg 26
[2026-04-15 10:23:16.6677345 UTC-05:00] [7416:7584] [FcVpnSched  88   debug] default msg 26
[2026-04-15 10:23:16.6724386 UTC-05:00] [7416:7584] [FcVpnSched  88   debug] default msg 26
[2026-04-15 10:23:16.6783266 UTC-05:00] [7416:7584] [FcVpnSched  88   debug] default msg 26
[2026-04-15 10:23:16.6817997 UTC-05:00] [7416:7584] [FcVpnSched  88   debug] default msg 26
[2026-04-15 10:23:16.6856031 UTC-05:00] [7416:7584] [FcVpnSched  88   debug] default msg 26
[2026-04-15 10:23:16.6890602 UTC-05:00] [7416:7584] [FcVpnSched  88   debug] default msg 26
[2026-04-15 10:23:16.6924259 UTC-05:00] [7416:7584] [FcVpnSched  88   debug] default msg 26
[2026-04-15 10:23:16.6958557 UTC-05:00] [7416:7584] [FcVpnSched  88   debug] default msg 26
[2026-04-15 10:23:16.6994550 UTC-05:00] [7416:7584] [FcVpnSched  88   debug] default msg 26
[2026-04-15 10:23:16.7031191 UTC-05:00] [7416:7584] [FcVpnSched  88   debug] default msg 26
[2026-04-15 10:23:16.7066041 UTC-05:00] [7416:7584] [FcVpnSched  88   debug] default msg 26
[2026-04-15 10:23:16.7099814 UTC-05:00] [7416:7584] [FcVpnSched  88   debug] default msg 26
[2026-04-15 10:23:16.7135622 UTC-05:00] [7416:7584] [FcVpnSched  88   debug] default msg 26
[2026-04-15 10:23:16.7213952 UTC-05:00] [7416:7584] [FcVpnSched  88   debug] default msg 26
[2026-04-15 10:23:16.7258046 UTC-05:00] [7416:7584] [FcVpnSched  88   debug] default msg 26
[2026-04-15 10:23:16.7293093 UTC-05:00] [7416:7584] [FcVpnSched  88   debug] default msg 26
[2026-04-15 10:23:16.7338973 UTC-05:00] [7416:7584] [FcVpnSched  88   debug] default msg 26
[2026-04-15 10:23:16.7380820 UTC-05:00] [7416:7584] [FcVpnSched  88   debug] default msg 26
[2026-04-15 10:23:16.7420787 UTC-05:00] [7416:7584] [FcVpnSched  88   debug] default msg 26
[2026-04-15 10:23:16.7507453 UTC-05:00] [7416:7584] [FcVpnSched  88   debug] default msg 26
[2026-04-15 10:23:16.8319156 UTC-05:00] [7416:7584] [FcVpnSched  88   debug] default msg 26
[2026-04-15 10:23:16.8454176 UTC-05:00] [7416:7584] [FcVpnSched  88   debug] default msg 26
[2026-04-15 10:23:16.8507864 UTC-05:00] [7416:7584] [FcVpnSched  88   debug] default msg 26
[2026-04-15 10:23:16.8548581 UTC-05:00] [7416:7584] [FcVpnSched  88   debug] default msg 26
[2026-04-15 10:23:16.8609713 UTC-05:00] [7416:7584] [FcVpnSched  88   debug] default msg 26
[2026-04-15 10:23:16.8648548 UTC-05:00] [7416:7584] [FcVpnSched  88   debug] default msg 26
[2026-04-15 10:23:16.8687496 UTC-05:00] [7416:7584] [FcVpnSched  88   debug] default msg 26
[2026-04-15 10:23:16.8728742 UTC-05:00] [7416:7584] [FcVpnSched  88   debug] default msg 26
[2026-04-15 10:23:16.8769327 UTC-05:00] [7416:7584] [FcVpnSched  88   debug] default msg 26
[2026-04-15 10:23:16.8806728 UTC-05:00] [7416:7584] [FcVpnSched  88   debug] default msg 26
[2026-04-15 10:23:16.8843754 UTC-05:00] [7416:7584] [FcVpnSched  88   debug] default msg 26
[2026-04-15 10:23:16.8880137 UTC-05:00] [7416:7584] [FcVpnSched  88   debug] default msg 26
[2026-04-15 10:23:16.8920867 UTC-05:00] [7416:7584] [FcVpnSched  88   debug] default msg 26
[2026-04-15 10:23:16.8956141 UTC-05:00] [7416:7584] [FcVpnSched  88   debug] default msg 26
[2026-04-15 10:23:17.2954371 UTC-05:00] [7416:7584] [FcVpnSched  88   debug] default msg 26
[2026-04-15 10:23:17.2994925 UTC-05:00] [7416:7584] [FcVpnSched  88   debug] default msg 26
[2026-04-15 10:23:17.3036218 UTC-05:00] [7416:7584] [FcVpnSched  88   debug] default msg 26
[2026-04-15 10:23:17.3072735 UTC-05:00] [7416:7584] [FcVpnSched  88   debug] default msg 26
[2026-04-15 10:23:17.3108661 UTC-05:00] [7416:7584] [FcVpnSched  88   debug] default msg 26
[2026-04-15 10:23:17.3146258 UTC-05:00] [7416:7584] [FcVpnSched  88   debug] default msg 26
[2026-04-15 10:23:17.3353007 UTC-05:00] [7416:7584] [FcVpnSched  88   debug] default msg 26
[2026-04-15 10:23:17.3455072 UTC-05:00] [7416:7584] [FcVpnSched  88   debug] default msg 26
[2026-04-15 10:23:17.3498193 UTC-05:00] [7416:7584] [FcVpnSched  88   debug] default msg 26
[2026-04-15 10:23:17.3553205 UTC-05:00] [7416:7584] [FcVpnSched  88   debug] default msg 26
[2026-04-15 10:23:17.3599691 UTC-05:00] [7416:7584] [FcVpnSched  88   debug] default msg 26
[2026-04-15 10:23:17.3643068 UTC-05:00] [7416:7584] [FcVpnSched  88   debug] default msg 26
[2026-04-15 10:23:17.3740233 UTC-05:00] [7416:7584] [FcVpnSched  88   debug] default msg 26
[2026-04-15 10:23:17.3783402 UTC-05:00] [7416:7584] [FcVpnSched  88   debug] default msg 26
[2026-04-15 10:23:17.3833855 UTC-05:00] [7416:7584] [FcVpnSched  88   debug] default msg 26
[2026-04-15 10:23:17.3904579 UTC-05:00] [7416:7584] [FcVpnSched  88   debug] default msg 26
[2026-04-15 10:23:17.3961813 UTC-05:00] [7416:7584] [FcVpnSched  88   debug] default msg 26
[2026-04-15 10:23:17.4090752 UTC-05:00] [7416:7584] [FcVpnSched  88   debug] default msg 26
[2026-04-15 10:23:17.4363593 UTC-05:00] [7416:7584] [FcVpnSched  88   debug] default msg 26
[2026-04-15 10:23:17.4401135 UTC-05:00] [7416:7584] [FcVpnSched  88   debug] default msg 26
[2026-04-15 10:23:17.4441808 UTC-05:00] [7416:7584] [FcVpnSched  88   debug] default msg 26
[2026-04-15 10:23:17.4483756 UTC-05:00] [7416:7584] [FcVpnSched  88   debug] default msg 26
[2026-04-15 10:23:17.4545783 UTC-05:00] [7416:7584] [FcVpnSched  88   debug] default msg 26
[2026-04-15 10:23:17.4645065 UTC-05:00] [7416:7584] [FcVpnSched  88   debug] default msg 26
[2026-04-15 10:23:17.4693744 UTC-05:00] [7416:7584] [FcVpnSched  88   debug] default msg 26
[2026-04-15 10:23:17.4739978 UTC-05:00] [7416:7584] [FcVpnSched  88   debug] default msg 26
[2026-04-15 10:23:17.4789163 UTC-05:00] [7416:7584] [FcVpnSched  88   debug] default msg 26
[2026-04-15 10:23:17.4836223 UTC-05:00] [7416:7584] [FcVpnSched  88   debug] default msg 26
[2026-04-15 10:23:17.4879541 UTC-05:00] [7416:7584] [FcVpnSched  88   debug] default msg 26
[2026-04-15 10:23:17.4925610 UTC-05:00] [7416:7584] [FcVpnSched  88   debug] default msg 26
[2026-04-15 10:23:17.5008368 UTC-05:00] [7416:7584] [FcVpnSched  88   debug] default msg 26
[2026-04-15 10:23:17.5053429 UTC-05:00] [7416:7584] [FcVpnSched  88   debug] default msg 26
[2026-04-15 10:42:27.0889411 UTC-05:00] [7416:7584] [FcVpnSched  88   debug] default msg 26
[2026-04-15 10:42:27.8856552 UTC-05:00] [7416:7584] [FcVpnSched  88   debug] default msg 26
[2026-04-15 10:42:28.3572802 UTC-05:00] [7416:7584] [FcVpnSched  88   debug] default msg 26
[2026-04-15 10:42:31.6036952 UTC-05:00] [7416:7584] [FcVpnSched  88   debug] default msg 26
[2026-04-15 10:42:31.8735363 UTC-05:00] [7416:7584] [FcVpnSched  88   debug] default msg 26
[2026-04-15 10:42:32.3430270 UTC-05:00] [7416:7584] [FcVpnSched  88   debug] default msg 26
[2026-04-15 10:42:32.7957828 UTC-05:00] [7416:7584] [FcVpnSched  88   debug] default msg 26
[2026-04-15 10:42:33.1552949 UTC-05:00] [7416:7584] [FcVpnSched  88   debug] default msg 26
[2026-04-15 10:42:33.2534969 UTC-05:00] [7416:7584] [FcVpnSched  88   debug] default msg 26
[2026-04-15 11:08:26.5206474 UTC-05:00] [7416:7584] [FcVpnSched  88   debug] default msg 537
[2026-04-15 11:08:26.5217197 UTC-05:00] [7416:7584] [FcVpnSched  88   debug] default msg 537
[2026-04-15 11:08:29.5516467 UTC-05:00] [7416:7584] [FcVpnSched  88   debug] default msg 537
[2026-04-15 11:08:29.5536954 UTC-05:00] [7416:7584] [FcVpnSched  88   debug] default msg 537
[2026-04-15 11:08:29.5560126 UTC-05:00] [7416:7584] [FcVpnSched  88   debug] default msg 537
[2026-04-15 11:08:51.0664589 UTC-05:00] [7416:7420] [FcVpnSched  806   debug] received FabricChanged message
[2026-04-15 11:08:53.4020013 UTC-05:00] [7416:7584] [FcVpnSched  88   debug] default msg 536
[2026-04-15 11:08:58.8988022 UTC-05:00] [7416:7584] [FcVpnSched  88   debug] default msg 537
[2026-04-15 11:09:04.0231707 UTC-05:00] [7416:7420] [FcVpnSched  806   debug] received FabricChanged message
[2026-04-15 11:09:05.3760794 UTC-05:00] [7416:7584] [FcVpnSched  88   debug] default msg 26
[2026-04-15 11:09:05.8292979 UTC-05:00] [7416:7584] [FcVpnSched  79   debug] WTS_SESSION_LOCK 1
[2026-04-15 11:09:05.8301881 UTC-05:00] [7416:7584] [FcVpnSched  78   debug] called. sessionId=1, msg=0x1003
[2026-04-15 11:09:06.5415208 UTC-05:00] [7416:7420] [FcVpnSched  871   debug] received UserLock message
[2026-04-15 11:09:06.9136888 UTC-05:00] [7416:7584] [FcVpnSched  88   debug] default msg 536
[2026-04-15 11:09:07.3514049 UTC-05:00] [7416:7584] [FcVpnSched  88   debug] default msg 30
[2026-04-15 11:09:30.7521177 UTC-05:00] [7416:7584] [FcVpnSched  88   debug] default msg 30
[2026-04-15 11:09:30.8370128 UTC-05:00] [7416:7584] [FcVpnSched  88   debug] default msg 26
[2026-04-15 11:09:32.3535837 UTC-05:00] [7416:7584] [FcVpnSched  88   debug] default msg 536
[2026-04-15 11:09:32.3555108 UTC-05:00] [7416:7584] [FcVpnSched  88   debug] default msg 536
[2026-04-15 11:09:32.8786614 UTC-05:00] [7416:7580] [FcVpnSched  153   debug] Network changed
[2026-04-15 11:09:33.3757283 UTC-05:00] [7416:7580] [FcVpnSched  153   debug] Network changed
[2026-04-15 11:09:33.3757453 UTC-05:00] [7416:7580] [FcVpnSched  10   debug] PostNetworkUpAsync called
[2026-04-15 11:09:34.1526183 UTC-05:00] [7416:7420] [FcVpnSched  816   debug] received NetworkUp message
[2026-04-15 11:09:34.1531896 UTC-05:00] [7416:7420] [FcVpnSched  60   debug] PostAutoConnect, session 0
[2026-04-15 11:09:34.1531996 UTC-05:00] [7416:7420] [FcVpnSched  44   debug] PostMachineAutoConnectRequestAsync called
[2026-04-15 11:09:34.3860270 UTC-05:00] [7416:7420] [FcVpnSched  826   debug] received MachineAutoConnect message
[2026-04-15 11:09:34.3862334 UTC-05:00] [7416:7420] [FcVpnSched  496 warning] no machine vpn found
[2026-04-15 11:09:44.3689284 UTC-05:00] [7416:7420] [FcVpnSched  806   debug] received FabricChanged message
[2026-04-15 11:09:50.2201391 UTC-05:00] [7416:7420] [FcVpnSched  806   debug] received FabricChanged message
[2026-04-15 11:10:06.3231142 UTC-05:00] [7416:7584] [FcVpnSched  67   debug] WTS_SESSION_LOGOFF 1
[2026-04-15 11:10:06.3232420 UTC-05:00] [7416:7584] [FcVpnSched  78   debug] called. sessionId=1, msg=0x1001
[2026-04-15 11:10:06.3902357 UTC-05:00] [7416:7420] [FcVpnSched  854   debug] received UserLogout message
[2026-04-15 11:10:06.3902482 UTC-05:00] [7416:7420] [FcVpnSched  731   debug] user logout
[2026-04-15 11:10:06.3903727 UTC-05:00] [7416:7420] [FcVpnSched  743   debug] disconnect all vpns in session 1
[2026-04-15 11:10:06.4443489 UTC-05:00] [7416:7420] [FcVpnSched  760   debug] Current unlocked user sessions: 1	
[2026-04-15 11:10:06.4527550 UTC-05:00] [7416:16172] [FcVpnSched  764   debug] Start waiting for machine AutoConnect
[2026-04-15 11:10:09.4575585 UTC-05:00] [7416:16172] [FcVpnSched  768   debug] Trigger machine AutoConnect
[2026-04-15 11:10:09.4575911 UTC-05:00] [7416:16172] [FcVpnSched  44   debug] PostMachineAutoConnectRequestAsync called
[2026-04-15 11:10:09.4665922 UTC-05:00] [7416:7420] [FcVpnSched  826   debug] received MachineAutoConnect message
[2026-04-15 11:10:09.4666938 UTC-05:00] [7416:7420] [FcVpnSched  496 warning] no machine vpn found
[2026-04-15 11:10:11.1702781 UTC-05:00] [7416:7584] [FcVpnSched  88   debug] default msg 537
[2026-04-15 11:10:13.7983459 UTC-05:00] [7416:15904] [FcVpnSched  99    info] Received CTRL_SHUTDOWN_EVENT
[2026-04-15 11:10:13.7983622 UTC-05:00] [7416:15904] [FcVpnSched  61   debug] PostShutdownAsync called
[2026-04-15 11:10:13.8939375 UTC-05:00] [7416:7420] [FcVpnSched  844   debug] received Shutdown message
[2026-04-15 11:10:13.8939464 UTC-05:00] [7416:7420] [FcVpnSched  408   debug] called.
[2026-04-15 11:10:23.2246989 UTC-05:00] [7416:7584] [FcVpnSched  88   debug] default msg 30
[2026-04-15 11:10:25.0210396 UTC-05:00] [7416:7580] [FcVpnSched  153   debug] Network changed
[2026-04-15 11:10:28.4118592 UTC-05:00] [7416:7584] [FcVpnSched  88   debug] default msg 537
[2026-04-15 11:10:29.7353195 UTC-05:00] [7416:7420] [FcVpnSched  806   debug] received FabricChanged message
[2026-04-17 07:42:19.1817288 UTC-05:00] [7548:7552] [FcVpnSched  1359    info] (Time Zone: Central Standard Time) (Wed Dec 10 12:40:05 2025, 33s) 2026-04-17 07:42:19.179 type: 0x11f size: 512 memory: 0x0000000000000000
[2026-04-17 07:42:19.1908742 UTC-05:00] [7548:7700] [FcVpnSched  88   debug] default msg 36
[2026-04-17 07:42:19.1909069 UTC-05:00] [7548:7700] [FcVpnSched  88   debug] default msg 129
[2026-04-17 07:42:19.1909675 UTC-05:00] [7548:7700] [FcVpnSched  88   debug] default msg 131
[2026-04-17 07:42:19.1909835 UTC-05:00] [7548:7700] [FcVpnSched  51   debug] WM_CREATE
[2026-04-17 07:42:19.1992051 UTC-05:00] [7548:7552] [FcVpnSched  1247    info] FsFilter=0x00000000000003A0 Shield=0x00000000000003A8 SchEvent=0x00000000000003AC
[2026-04-17 07:42:19.2000011 UTC-05:00] [7548:7552] [FcVpnSched  1249   debug] settings: AutoconnectOnInstall: 0, AutoconnectOffnetOnly: 0, AutoconnectEpcDeterminedOnly: 0, OnOsStartConnect: , OnLogonConnect: , OnOsStartHasPriority: 0
[2026-04-17 07:42:19.2125728 UTC-05:00] [7548:7700] [FcVpnSched  23   debug] enum session 0
[2026-04-17 07:42:19.2125850 UTC-05:00] [7548:7700] [FcVpnSched  23   debug] enum session 1
[2026-04-17 07:42:19.2141764 UTC-05:00] [7548:7700] [FcVpnSched  23   debug] enum session 65536
[2026-04-17 07:42:19.2739987 UTC-05:00] [7548:7552] [FcVpnSched  496 warning] no machine vpn found
[2026-04-17 07:42:19.3671069 UTC-05:00] [7548:7700] [FcVpnSched  88   debug] default msg 26
[2026-04-17 07:42:25.3315114 UTC-05:00] [7548:7700] [FcVpnSched  88   debug] default msg 537
[2026-04-17 07:42:28.9023458 UTC-05:00] [7548:7700] [FcVpnSched  88   debug] default msg 537
[2026-04-17 07:42:31.7488113 UTC-05:00] [7548:7700] [FcVpnSched  88   debug] default msg 537
[2026-04-17 07:43:35.2009828 UTC-05:00] [7548:7552] [FcVpnSched  806   debug] received FabricChanged message
[2026-04-17 07:44:19.3425273 UTC-05:00] [7548:7552] [FcVpnSched  806   debug] received FabricChanged message
[2026-04-17 07:44:19.9920095 UTC-05:00] [7548:7700] [FcVpnSched  88   debug] default msg 537
[2026-04-17 07:45:21.1581345 UTC-05:00] [7548:7552] [FcVpnSched  806   debug] received FabricChanged message
[2026-04-17 07:49:23.5929899 UTC-05:00] [7548:7700] [FcVpnSched  61   debug] WTS_SESSION_LOGON 1
[2026-04-17 07:49:23.5930453 UTC-05:00] [7548:7700] [FcVpnSched  78   debug] called. sessionId=1, msg=0x1000
[2026-04-17 07:49:23.7098822 UTC-05:00] [7548:7552] [FcVpnSched  849   debug] received UserLogin message
[2026-04-17 07:49:23.7098911 UTC-05:00] [7548:7552] [FcVpnSched  649   debug] user login
[2026-04-17 07:49:23.7696500 UTC-05:00] [7548:7552] [FcVpnSched  658   debug] session 1 is unlocked
[2026-04-17 07:49:24.6776784 UTC-05:00] [7548:7700] [FcVpnSched  63   error] notify WTS_SESSION_LOGON failed
[2026-04-17 07:49:24.6792680 UTC-05:00] [7548:7700] [FcVpnSched  88   debug] default msg 26
[2026-04-17 07:49:24.7695236 UTC-05:00] [7548:7552] [FcVpnSched  642   error] VpnConn for 1 is not created.
[2026-04-17 07:49:33.5934858 UTC-05:00] [7548:7696] [FcVpnSched  153   debug] Network changed
[2026-04-17 07:49:33.5935252 UTC-05:00] [7548:7696] [FcVpnSched  10   debug] PostNetworkUpAsync called
[2026-04-17 07:49:33.6785642 UTC-05:00] [7548:7552] [FcVpnSched  816   debug] received NetworkUp message
[2026-04-17 07:49:33.6894866 UTC-05:00] [7548:7552] [FcVpnSched  60   debug] PostAutoConnect, session 1
[2026-04-17 07:49:33.6895003 UTC-05:00] [7548:7552] [FcVpnSched  608   debug] called.
[2026-04-17 07:49:33.6904871 UTC-05:00] [7548:7552] [FcVpnSched  27   debug] PostUserAutoConnectRequestAsync called
[2026-04-17 07:49:33.8108425 UTC-05:00] [7548:7552] [FcVpnSched  821   debug] received UserAutoConnect message
[2026-04-17 07:49:33.8108525 UTC-05:00] [7548:7552] [FcVpnSched  512   debug] AddAndActivateAutoConnectForUserSession() called.
[2026-04-17 07:49:33.8109211 UTC-05:00] [7548:7552] [FcVpnSched  112 warning] empty vpn object name
[2026-04-17 07:49:33.8263317 UTC-05:00] [7548:7552] [FcVpnSched  112 warning] empty vpn object name
[2026-04-17 07:49:33.8263414 UTC-05:00] [7548:7552] [FcVpnSched  565   debug] AddAndActivateAutoConnectForUserSession() there is no auto connect tunnel
[2026-04-17 07:49:35.3925372 UTC-05:00] [7548:7552] [FcVpnSched  806   debug] received FabricChanged message
[2026-04-17 07:49:35.8275902 UTC-05:00] [7548:7552] [FcVpnSched  811   debug] received FirstKeepaliveDone message
[2026-04-17 07:50:36.6131271 UTC-05:00] [7548:7700] [FcVpnSched  88   debug] default msg 26
[2026-04-17 07:50:43.6326249 UTC-05:00] [7548:7700] [FcVpnSched  88   debug] default msg 26
[2026-04-17 07:50:44.2526448 UTC-05:00] [7548:7700] [FcVpnSched  88   debug] default msg 26
[2026-04-17 07:50:45.5470431 UTC-05:00] [7548:7700] [FcVpnSched  88   debug] default msg 26
[2026-04-17 07:50:46.5130132 UTC-05:00] [7548:7700] [FcVpnSched  88   debug] default msg 26
[2026-04-17 07:50:52.0704446 UTC-05:00] [7548:7700] [FcVpnSched  88   debug] default msg 26
[2026-04-17 07:50:52.6605254 UTC-05:00] [7548:7700] [FcVpnSched  88   debug] default msg 26
[2026-04-17 07:50:53.5446993 UTC-05:00] [7548:7700] [FcVpnSched  88   debug] default msg 26
[2026-04-17 07:50:55.6965976 UTC-05:00] [7548:7700] [FcVpnSched  88   debug] default msg 26
[2026-04-17 07:50:56.0421056 UTC-05:00] [7548:7700] [FcVpnSched  88   debug] default msg 26
[2026-04-17 07:50:57.5808523 UTC-05:00] [7548:7700] [FcVpnSched  88   debug] default msg 26
[2026-04-17 07:50:58.6110251 UTC-05:00] [7548:7700] [FcVpnSched  88   debug] default msg 26
[2026-04-17 07:50:59.4512844 UTC-05:00] [7548:7700] [FcVpnSched  88   debug] default msg 26
[2026-04-17 07:51:03.8697225 UTC-05:00] [7548:7700] [FcVpnSched  88   debug] default msg 30
[2026-04-17 07:51:04.7428839 UTC-05:00] [7548:7700] [FcVpnSched  88   debug] default msg 26
[2026-04-17 07:51:04.7483844 UTC-05:00] [7548:7700] [FcVpnSched  88   debug] default msg 26
[2026-04-17 07:51:09.7941112 UTC-05:00] [7548:7700] [FcVpnSched  88   debug] default msg 26
[2026-04-17 07:51:09.8069517 UTC-05:00] [7548:7700] [FcVpnSched  88   debug] default msg 26
[2026-04-17 07:51:10.1002754 UTC-05:00] [7548:7700] [FcVpnSched  88   debug] default msg 26
[2026-04-17 07:51:10.1025456 UTC-05:00] [7548:7700] [FcVpnSched  88   debug] default msg 26
[2026-04-17 07:51:10.1101547 UTC-05:00] [7548:7700] [FcVpnSched  88   debug] default msg 26
[2026-04-17 07:51:10.1128496 UTC-05:00] [7548:7700] [FcVpnSched  88   debug] default msg 26
[2026-04-17 07:51:10.1335081 UTC-05:00] [7548:7700] [FcVpnSched  88   debug] default msg 26
[2026-04-17 07:51:10.1442459 UTC-05:00] [7548:7700] [FcVpnSched  88   debug] default msg 26
[2026-04-17 07:51:10.1734191 UTC-05:00] [7548:7700] [FcVpnSched  88   debug] default msg 26
[2026-04-17 07:51:10.1771950 UTC-05:00] [7548:7700] [FcVpnSched  88   debug] default msg 26
[2026-04-17 07:51:10.1874030 UTC-05:00] [7548:7700] [FcVpnSched  88   debug] default msg 26
[2026-04-17 07:51:10.4933715 UTC-05:00] [7548:7700] [FcVpnSched  88   debug] default msg 26
[2026-04-17 07:51:15.2226687 UTC-05:00] [7548:7700] [FcVpnSched  88   debug] default msg 26
[2026-04-17 07:51:15.7019903 UTC-05:00] [7548:7700] [FcVpnSched  88   debug] default msg 26
[2026-04-17 07:51:15.7913543 UTC-05:00] [7548:7700] [FcVpnSched  88   debug] default msg 26
[2026-04-17 07:51:17.1010593 UTC-05:00] [7548:7700] [FcVpnSched  88   debug] default msg 26
[2026-04-17 07:51:17.6548916 UTC-05:00] [7548:7700] [FcVpnSched  88   debug] default msg 26
[2026-04-17 07:51:17.6729042 UTC-05:00] [7548:7700] [FcVpnSched  88   debug] default msg 26
[2026-04-17 07:51:17.6923273 UTC-05:00] [7548:7700] [FcVpnSched  88   debug] default msg 26
[2026-04-17 07:51:17.7016729 UTC-05:00] [7548:7700] [FcVpnSched  88   debug] default msg 26
[2026-04-17 07:51:17.7061676 UTC-05:00] [7548:7700] [FcVpnSched  88   debug] default msg 26
[2026-04-17 07:51:17.7135838 UTC-05:00] [7548:7700] [FcVpnSched  88   debug] default msg 26
[2026-04-17 07:51:19.6829674 UTC-05:00] [7548:7700] [FcVpnSched  88   debug] default msg 30
[2026-04-17 07:51:21.3393861 UTC-05:00] [7548:7700] [FcVpnSched  88   debug] default msg 26
[2026-04-17 07:51:21.9591473 UTC-05:00] [7548:7700] [FcVpnSched  88   debug] default msg 26
[2026-04-17 07:51:22.0209947 UTC-05:00] [7548:7700] [FcVpnSched  88   debug] default msg 26
[2026-04-17 07:51:27.5330365 UTC-05:00] [7548:7700] [FcVpnSched  88   debug] default msg 26
[2026-04-17 07:51:27.8185848 UTC-05:00] [7548:7700] [FcVpnSched  88   debug] default msg 26
[2026-04-17 07:51:30.1314581 UTC-05:00] [7548:7700] [FcVpnSched  88   debug] default msg 26
[2026-04-17 07:51:30.1433519 UTC-05:00] [7548:7700] [FcVpnSched  88   debug] default msg 26
[2026-04-17 07:51:30.1520192 UTC-05:00] [7548:7700] [FcVpnSched  88   debug] default msg 26
[2026-04-17 07:51:30.1592714 UTC-05:00] [7548:7700] [FcVpnSched  88   debug] default msg 26
[2026-04-17 07:51:30.1635275 UTC-05:00] [7548:7700] [FcVpnSched  88   debug] default msg 26
[2026-04-17 07:51:30.1688064 UTC-05:00] [7548:7700] [FcVpnSched  88   debug] default msg 26
[2026-04-17 07:51:30.1752665 UTC-05:00] [7548:7700] [FcVpnSched  88   debug] default msg 26
[2026-04-17 07:51:30.1838252 UTC-05:00] [7548:7700] [FcVpnSched  88   debug] default msg 26
[2026-04-17 07:51:30.1848808 UTC-05:00] [7548:7700] [FcVpnSched  88   debug] default msg 26
[2026-04-17 07:51:30.1898154 UTC-05:00] [7548:7700] [FcVpnSched  88   debug] default msg 26
[2026-04-17 07:51:30.1949009 UTC-05:00] [7548:7700] [FcVpnSched  88   debug] default msg 26
[2026-04-17 07:51:30.2054388 UTC-05:00] [7548:7700] [FcVpnSched  88   debug] default msg 26
[2026-04-17 07:51:30.2266023 UTC-05:00] [7548:7700] [FcVpnSched  88   debug] default msg 26
[2026-04-17 07:51:30.2497041 UTC-05:00] [7548:7700] [FcVpnSched  88   debug] default msg 26
[2026-04-17 07:51:30.2552718 UTC-05:00] [7548:7700] [FcVpnSched  88   debug] default msg 26
[2026-04-17 07:51:30.2598883 UTC-05:00] [7548:7700] [FcVpnSched  88   debug] default msg 26
[2026-04-17 07:51:30.2683637 UTC-05:00] [7548:7700] [FcVpnSched  88   debug] default msg 26
[2026-04-17 07:51:30.2728796 UTC-05:00] [7548:7700] [FcVpnSched  88   debug] default msg 26
[2026-04-17 07:51:30.2798724 UTC-05:00] [7548:7700] [FcVpnSched  88   debug] default msg 26
[2026-04-17 07:51:30.2989401 UTC-05:00] [7548:7700] [FcVpnSched  88   debug] default msg 26
[2026-04-17 07:51:30.3043154 UTC-05:00] [7548:7700] [FcVpnSched  88   debug] default msg 26
[2026-04-17 07:51:30.3245621 UTC-05:00] [7548:7700] [FcVpnSched  88   debug] default msg 26
[2026-04-17 07:51:30.3348237 UTC-05:00] [7548:7700] [FcVpnSched  88   debug] default msg 26
[2026-04-17 07:51:30.3522024 UTC-05:00] [7548:7700] [FcVpnSched  88   debug] default msg 26
[2026-04-17 07:51:30.3567522 UTC-05:00] [7548:7700] [FcVpnSched  88   debug] default msg 26
[2026-04-17 07:51:30.3616807 UTC-05:00] [7548:7700] [FcVpnSched  88   debug] default msg 26
[2026-04-17 07:51:30.3656833 UTC-05:00] [7548:7700] [FcVpnSched  88   debug] default msg 26
[2026-04-17 07:51:30.3698657 UTC-05:00] [7548:7700] [FcVpnSched  88   debug] default msg 26
[2026-04-17 07:51:30.3840007 UTC-05:00] [7548:7700] [FcVpnSched  88   debug] default msg 26
[2026-04-17 07:51:30.3955042 UTC-05:00] [7548:7700] [FcVpnSched  88   debug] default msg 26
[2026-04-17 07:51:31.9958919 UTC-05:00] [7548:7700] [FcVpnSched  88   debug] default msg 26
[2026-04-17 07:51:32.1840868 UTC-05:00] [7548:7700] [FcVpnSched  88   debug] default msg 26
[2026-04-17 07:51:33.0233735 UTC-05:00] [7548:7700] [FcVpnSched  88   debug] default msg 26
[2026-04-17 07:51:33.4877315 UTC-05:00] [7548:7700] [FcVpnSched  88   debug] default msg 26
[2026-04-17 07:51:35.6417012 UTC-05:00] [7548:7700] [FcVpnSched  88   debug] default msg 26
[2026-04-17 07:51:35.6465308 UTC-05:00] [7548:7700] [FcVpnSched  88   debug] default msg 26
[2026-04-17 07:51:35.6624783 UTC-05:00] [7548:7700] [FcVpnSched  88   debug] default msg 26
[2026-04-17 07:51:35.6898446 UTC-05:00] [7548:7700] [FcVpnSched  88   debug] default msg 26
[2026-04-17 07:51:35.7041662 UTC-05:00] [7548:7700] [FcVpnSched  88   debug] default msg 26
[2026-04-17 07:51:35.7155761 UTC-05:00] [7548:7700] [FcVpnSched  88   debug] default msg 26
[2026-04-17 07:51:35.7196561 UTC-05:00] [7548:7700] [FcVpnSched  88   debug] default msg 26
[2026-04-17 07:51:35.7260303 UTC-05:00] [7548:7700] [FcVpnSched  88   debug] default msg 26
[2026-04-17 07:51:35.7332869 UTC-05:00] [7548:7700] [FcVpnSched  88   debug] default msg 26
[2026-04-17 07:51:35.7377929 UTC-05:00] [7548:7700] [FcVpnSched  88   debug] default msg 26
[2026-04-17 07:51:35.7414720 UTC-05:00] [7548:7700] [FcVpnSched  88   debug] default msg 26
[2026-04-17 07:51:35.7518294 UTC-05:00] [7548:7700] [FcVpnSched  88   debug] default msg 26
[2026-04-17 07:51:35.7873421 UTC-05:00] [7548:7700] [FcVpnSched  88   debug] default msg 26
[2026-04-17 07:51:35.7908450 UTC-05:00] [7548:7700] [FcVpnSched  88   debug] default msg 26
[2026-04-17 07:51:35.7940897 UTC-05:00] [7548:7700] [FcVpnSched  88   debug] default msg 26
[2026-04-17 07:51:35.7972876 UTC-05:00] [7548:7700] [FcVpnSched  88   debug] default msg 26
[2026-04-17 07:51:35.8007723 UTC-05:00] [7548:7700] [FcVpnSched  88   debug] default msg 26
[2026-04-17 07:51:35.8110194 UTC-05:00] [7548:7700] [FcVpnSched  88   debug] default msg 26
[2026-04-17 07:51:35.8173756 UTC-05:00] [7548:7700] [FcVpnSched  88   debug] default msg 26
[2026-04-17 07:51:35.8236344 UTC-05:00] [7548:7700] [FcVpnSched  88   debug] default msg 26
[2026-04-17 07:51:35.8300150 UTC-05:00] [7548:7700] [FcVpnSched  88   debug] default msg 26
[2026-04-17 07:51:35.8472131 UTC-05:00] [7548:7700] [FcVpnSched  88   debug] default msg 26
[2026-04-17 07:51:35.8684586 UTC-05:00] [7548:7700] [FcVpnSched  88   debug] default msg 26
[2026-04-17 07:51:35.8752996 UTC-05:00] [7548:7700] [FcVpnSched  88   debug] default msg 26
[2026-04-17 07:51:35.8802916 UTC-05:00] [7548:7700] [FcVpnSched  88   debug] default msg 26
[2026-04-17 07:51:35.8868728 UTC-05:00] [7548:7700] [FcVpnSched  88   debug] default msg 26
[2026-04-17 07:51:35.8909616 UTC-05:00] [7548:7700] [FcVpnSched  88   debug] default msg 26
[2026-04-17 07:51:35.8959580 UTC-05:00] [7548:7700] [FcVpnSched  88   debug] default msg 26
[2026-04-17 07:51:35.9055768 UTC-05:00] [7548:7700] [FcVpnSched  88   debug] default msg 26
[2026-04-17 07:51:35.9400637 UTC-05:00] [7548:7700] [FcVpnSched  88   debug] default msg 26
[2026-04-17 07:51:35.9680366 UTC-05:00] [7548:7700] [FcVpnSched  88   debug] default msg 26
[2026-04-17 07:51:35.9883277 UTC-05:00] [7548:7700] [FcVpnSched  88   debug] default msg 26
[2026-04-17 07:51:35.9964186 UTC-05:00] [7548:7700] [FcVpnSched  88   debug] default msg 26
[2026-04-17 07:51:36.0002619 UTC-05:00] [7548:7700] [FcVpnSched  88   debug] default msg 26
[2026-04-17 07:51:36.0045841 UTC-05:00] [7548:7700] [FcVpnSched  88   debug] default msg 26
[2026-04-17 07:51:36.0120647 UTC-05:00] [7548:7700] [FcVpnSched  88   debug] default msg 26
[2026-04-17 07:51:36.0178661 UTC-05:00] [7548:7700] [FcVpnSched  88   debug] default msg 26
[2026-04-17 07:51:36.5990701 UTC-05:00] [7548:7700] [FcVpnSched  88   debug] default msg 26
[2026-04-17 07:51:36.6028722 UTC-05:00] [7548:7700] [FcVpnSched  88   debug] default msg 26
[2026-04-17 07:51:36.6069381 UTC-05:00] [7548:7700] [FcVpnSched  88   debug] default msg 26
[2026-04-17 07:51:36.6120722 UTC-05:00] [7548:7700] [FcVpnSched  88   debug] default msg 26
[2026-04-17 07:51:36.6159679 UTC-05:00] [7548:7700] [FcVpnSched  88   debug] default msg 26
[2026-04-17 07:51:36.6207096 UTC-05:00] [7548:7700] [FcVpnSched  88   debug] default msg 26
[2026-04-17 07:51:36.6256854 UTC-05:00] [7548:7700] [FcVpnSched  88   debug] default msg 26
[2026-04-17 07:51:36.6333474 UTC-05:00] [7548:7700] [FcVpnSched  88   debug] default msg 26
[2026-04-17 07:51:36.6372534 UTC-05:00] [7548:7700] [FcVpnSched  88   debug] default msg 26
[2026-04-17 07:51:36.6523305 UTC-05:00] [7548:7700] [FcVpnSched  88   debug] default msg 26
[2026-04-17 07:51:36.6566166 UTC-05:00] [7548:7700] [FcVpnSched  88   debug] default msg 26
[2026-04-17 07:51:36.6664138 UTC-05:00] [7548:7700] [FcVpnSched  88   debug] default msg 26
[2026-04-17 07:51:36.6731687 UTC-05:00] [7548:7700] [FcVpnSched  88   debug] default msg 26
[2026-04-17 07:51:36.6785134 UTC-05:00] [7548:7700] [FcVpnSched  88   debug] default msg 26
[2026-04-17 07:51:36.6857448 UTC-05:00] [7548:7700] [FcVpnSched  88   debug] default msg 26
[2026-04-17 07:51:36.6934511 UTC-05:00] [7548:7700] [FcVpnSched  88   debug] default msg 26
[2026-04-17 07:51:36.7106510 UTC-05:00] [7548:7700] [FcVpnSched  88   debug] default msg 26
[2026-04-17 07:51:36.7238931 UTC-05:00] [7548:7700] [FcVpnSched  88   debug] default msg 26
[2026-04-17 07:51:36.7286163 UTC-05:00] [7548:7700] [FcVpnSched  88   debug] default msg 26
[2026-04-17 07:51:36.7333923 UTC-05:00] [7548:7700] [FcVpnSched  88   debug] default msg 26
[2026-04-17 07:51:36.7386824 UTC-05:00] [7548:7700] [FcVpnSched  88   debug] default msg 26
[2026-04-17 07:51:36.7464468 UTC-05:00] [7548:7700] [FcVpnSched  88   debug] default msg 26
[2026-04-17 07:51:36.7520111 UTC-05:00] [7548:7700] [FcVpnSched  88   debug] default msg 26
[2026-04-17 07:51:36.7562078 UTC-05:00] [7548:7700] [FcVpnSched  88   debug] default msg 26
[2026-04-17 07:51:36.7609347 UTC-05:00] [7548:7700] [FcVpnSched  88   debug] default msg 26
[2026-04-17 07:51:36.7649340 UTC-05:00] [7548:7700] [FcVpnSched  88   debug] default msg 26
[2026-04-17 07:51:36.7688770 UTC-05:00] [7548:7700] [FcVpnSched  88   debug] default msg 26
[2026-04-17 07:51:36.7741535 UTC-05:00] [7548:7700] [FcVpnSched  88   debug] default msg 26
[2026-04-17 07:51:36.7794492 UTC-05:00] [7548:7700] [FcVpnSched  88   debug] default msg 26
[2026-04-17 07:51:36.7833913 UTC-05:00] [7548:7700] [FcVpnSched  88   debug] default msg 26
[2026-04-17 07:51:36.7892222 UTC-05:00] [7548:7700] [FcVpnSched  88   debug] default msg 26
[2026-04-17 07:51:36.7941333 UTC-05:00] [7548:7700] [FcVpnSched  88   debug] default msg 26
[2026-04-17 07:51:36.8012350 UTC-05:00] [7548:7700] [FcVpnSched  88   debug] default msg 26
[2026-04-17 07:51:37.3054827 UTC-05:00] [7548:7700] [FcVpnSched  88   debug] default msg 26
[2026-04-17 07:51:37.9380856 UTC-05:00] [7548:7700] [FcVpnSched  88   debug] default msg 26
[2026-04-17 07:51:38.0223781 UTC-05:00] [7548:7700] [FcVpnSched  88   debug] default msg 26
[2026-04-17 07:51:38.0531511 UTC-05:00] [7548:7700] [FcVpnSched  88   debug] default msg 26
[2026-04-17 07:51:39.1737506 UTC-05:00] [7548:7700] [FcVpnSched  88   debug] default msg 26
[2026-04-17 07:51:39.1770526 UTC-05:00] [7548:7700] [FcVpnSched  88   debug] default msg 26
[2026-04-17 07:51:39.1805656 UTC-05:00] [7548:7700] [FcVpnSched  88   debug] default msg 26
[2026-04-17 07:51:39.1839728 UTC-05:00] [7548:7700] [FcVpnSched  88   debug] default msg 26
[2026-04-17 07:51:39.1871891 UTC-05:00] [7548:7700] [FcVpnSched  88   debug] default msg 26
[2026-04-17 07:51:39.1903158 UTC-05:00] [7548:7700] [FcVpnSched  88   debug] default msg 26
[2026-04-17 07:51:39.1932693 UTC-05:00] [7548:7700] [FcVpnSched  88   debug] default msg 26
[2026-04-17 07:51:39.1991119 UTC-05:00] [7548:7700] [FcVpnSched  88   debug] default msg 26
[2026-04-17 07:51:39.2024686 UTC-05:00] [7548:7700] [FcVpnSched  88   debug] default msg 26
[2026-04-17 07:51:39.2057660 UTC-05:00] [7548:7700] [FcVpnSched  88   debug] default msg 26
[2026-04-17 07:51:39.2090180 UTC-05:00] [7548:7700] [FcVpnSched  88   debug] default msg 26
[2026-04-17 07:51:39.2141954 UTC-05:00] [7548:7700] [FcVpnSched  88   debug] default msg 26
[2026-04-17 07:51:39.7689948 UTC-05:00] [7548:7700] [FcVpnSched  88   debug] default msg 26
[2026-04-17 07:51:39.7735729 UTC-05:00] [7548:7700] [FcVpnSched  88   debug] default msg 26
[2026-04-17 07:51:39.7875710 UTC-05:00] [7548:7700] [FcVpnSched  88   debug] default msg 26
[2026-04-17 07:51:39.7915929 UTC-05:00] [7548:7700] [FcVpnSched  88   debug] default msg 26
[2026-04-17 07:51:39.8001889 UTC-05:00] [7548:7700] [FcVpnSched  88   debug] default msg 26
[2026-04-17 07:51:39.8159379 UTC-05:00] [7548:7700] [FcVpnSched  88   debug] default msg 26
[2026-04-17 07:51:39.8202499 UTC-05:00] [7548:7700] [FcVpnSched  88   debug] default msg 26
[2026-04-17 07:51:39.8244277 UTC-05:00] [7548:7700] [FcVpnSched  88   debug] default msg 26
[2026-04-17 07:51:39.8284835 UTC-05:00] [7548:7700] [FcVpnSched  88   debug] default msg 26
[2026-04-17 07:51:39.8321056 UTC-05:00] [7548:7700] [FcVpnSched  88   debug] default msg 26
[2026-04-17 07:51:39.8358281 UTC-05:00] [7548:7700] [FcVpnSched  88   debug] default msg 26
[2026-04-17 07:51:39.8404600 UTC-05:00] [7548:7700] [FcVpnSched  88   debug] default msg 26
[2026-04-17 07:51:39.8450528 UTC-05:00] [7548:7700] [FcVpnSched  88   debug] default msg 26
[2026-04-17 07:51:39.8487038 UTC-05:00] [7548:7700] [FcVpnSched  88   debug] default msg 26
[2026-04-17 07:51:39.8526290 UTC-05:00] [7548:7700] [FcVpnSched  88   debug] default msg 26
[2026-04-17 07:51:39.8561821 UTC-05:00] [7548:7700] [FcVpnSched  88   debug] default msg 26
[2026-04-17 07:51:39.8602586 UTC-05:00] [7548:7700] [FcVpnSched  88   debug] default msg 26
[2026-04-17 07:51:39.8644240 UTC-05:00] [7548:7700] [FcVpnSched  88   debug] default msg 26
[2026-04-17 07:51:39.8681545 UTC-05:00] [7548:7700] [FcVpnSched  88   debug] default msg 26
[2026-04-17 07:51:39.8717669 UTC-05:00] [7548:7700] [FcVpnSched  88   debug] default msg 26
[2026-04-17 07:51:39.8757644 UTC-05:00] [7548:7700] [FcVpnSched  88   debug] default msg 26
[2026-04-17 07:51:39.8794444 UTC-05:00] [7548:7700] [FcVpnSched  88   debug] default msg 26
[2026-04-17 07:51:39.8831108 UTC-05:00] [7548:7700] [FcVpnSched  88   debug] default msg 26
[2026-04-17 07:51:39.8867010 UTC-05:00] [7548:7700] [FcVpnSched  88   debug] default msg 26
[2026-04-17 07:51:39.8907442 UTC-05:00] [7548:7700] [FcVpnSched  88   debug] default msg 26
[2026-04-17 07:51:39.8941777 UTC-05:00] [7548:7700] [FcVpnSched  88   debug] default msg 26
[2026-04-17 07:51:39.8978042 UTC-05:00] [7548:7700] [FcVpnSched  88   debug] default msg 26
[2026-04-17 07:51:39.9030139 UTC-05:00] [7548:7700] [FcVpnSched  88   debug] default msg 26
[2026-04-17 07:51:39.9068374 UTC-05:00] [7548:7700] [FcVpnSched  88   debug] default msg 26
[2026-04-17 07:51:39.9103295 UTC-05:00] [7548:7700] [FcVpnSched  88   debug] default msg 26
[2026-04-17 07:51:39.9140971 UTC-05:00] [7548:7700] [FcVpnSched  88   debug] default msg 26
[2026-04-17 07:51:39.9177529 UTC-05:00] [7548:7700] [FcVpnSched  88   debug] default msg 26
[2026-04-17 07:52:15.8020072 UTC-05:00] [7548:7700] [FcVpnSched  88   debug] default msg 536
[2026-04-17 07:52:15.8271641 UTC-05:00] [7548:7700] [FcVpnSched  79   debug] WTS_SESSION_LOCK 1
[2026-04-17 07:52:15.8271817 UTC-05:00] [7548:7700] [FcVpnSched  78   debug] called. sessionId=1, msg=0x1003
[2026-04-17 07:52:15.9913259 UTC-05:00] [7548:7552] [FcVpnSched  871   debug] received UserLock message
[2026-04-17 07:52:16.1943680 UTC-05:00] [7548:7700] [FcVpnSched  88   debug] default msg 30
[2026-04-17 09:02:11.4619835 UTC-05:00] [7548:7700] [FcVpnSched  88   debug] default msg 30
[2026-04-17 09:02:11.6774761 UTC-05:00] [7548:7700] [FcVpnSched  88   debug] default msg 536
[2026-04-17 09:02:11.6791972 UTC-05:00] [7548:7700] [FcVpnSched  88   debug] default msg 536
[2026-04-17 09:02:13.8341840 UTC-05:00] [7548:7696] [FcVpnSched  153   debug] Network changed
[2026-04-17 09:02:17.6779715 UTC-05:00] [7548:7700] [FcVpnSched  88   debug] default msg 536
[2026-04-17 09:02:18.7141132 UTC-05:00] [7548:7696] [FcVpnSched  153   debug] Network changed
[2026-04-17 09:02:18.7141289 UTC-05:00] [7548:7696] [FcVpnSched  10   debug] PostNetworkUpAsync called
[2026-04-17 09:02:18.9413321 UTC-05:00] [7548:7552] [FcVpnSched  816   debug] received NetworkUp message
[2026-04-17 09:02:18.9417600 UTC-05:00] [7548:7552] [FcVpnSched  60   debug] PostAutoConnect, session 0
[2026-04-17 09:02:18.9417701 UTC-05:00] [7548:7552] [FcVpnSched  44   debug] PostMachineAutoConnectRequestAsync called
[2026-04-17 09:02:19.1186947 UTC-05:00] [7548:7552] [FcVpnSched  826   debug] received MachineAutoConnect message
[2026-04-17 09:02:19.1188814 UTC-05:00] [7548:7552] [FcVpnSched  496 warning] no machine vpn found
[2026-04-17 09:02:29.5281425 UTC-05:00] [7548:7700] [FcVpnSched  88   debug] default msg 26
[2026-04-17 09:03:35.7070988 UTC-05:00] [7548:7700] [FcVpnSched  88   debug] default msg 26
[2026-04-17 09:03:36.4756365 UTC-05:00] [7548:7700] [FcVpnSched  88   debug] default msg 30
[2026-04-17 09:03:36.4758313 UTC-05:00] [7548:7700] [FcVpnSched  88   debug] default msg 26
[2026-04-17 09:03:36.6256242 UTC-05:00] [7548:7700] [FcVpnSched  88   debug] default msg 536
[2026-04-17 09:03:36.6256692 UTC-05:00] [7548:7700] [FcVpnSched  88   debug] default msg 536
[2026-04-17 09:03:38.2660065 UTC-05:00] [7548:7696] [FcVpnSched  153   debug] Network changed
[2026-04-17 09:03:46.0937332 UTC-05:00] [7548:7696] [FcVpnSched  153   debug] Network changed
[2026-04-17 09:03:46.0939413 UTC-05:00] [7548:7696] [FcVpnSched  10   debug] PostNetworkUpAsync called
[2026-04-17 09:03:46.2926206 UTC-05:00] [7548:7552] [FcVpnSched  816   debug] received NetworkUp message
[2026-04-17 09:03:46.2926344 UTC-05:00] [7548:7552] [FcVpnSched  60   debug] PostAutoConnect, session 0
[2026-04-17 09:03:46.2926377 UTC-05:00] [7548:7552] [FcVpnSched  44   debug] PostMachineAutoConnectRequestAsync called
[2026-04-17 09:03:46.7022732 UTC-05:00] [7548:7552] [FcVpnSched  826   debug] received MachineAutoConnect message
[2026-04-17 09:03:46.7024304 UTC-05:00] [7548:7552] [FcVpnSched  496 warning] no machine vpn found
[2026-04-17 09:03:54.4371768 UTC-05:00] [7548:7552] [FcVpnSched  806   debug] received FabricChanged message
[2026-04-17 09:03:59.0493005 UTC-05:00] [7548:7700] [FcVpnSched  88   debug] default msg 536
[2026-04-17 09:04:01.9735651 UTC-05:00] [7548:7700] [FcVpnSched  88   debug] default msg 536
[2026-04-17 09:04:03.3001178 UTC-05:00] [7548:7700] [FcVpnSched  73   debug] WTS_SESSION_UNLOCK 1
[2026-04-17 09:04:03.3001305 UTC-05:00] [7548:7700] [FcVpnSched  78   debug] called. sessionId=1, msg=0x1002
[2026-04-17 09:04:03.5487080 UTC-05:00] [7548:7552] [FcVpnSched  859   debug] received UserUnlock message
[2026-04-17 09:04:03.5487245 UTC-05:00] [7548:7552] [FcVpnSched  861   debug] User sign in event
[2026-04-17 09:04:03.5487255 UTC-05:00] [7548:7552] [FcVpnSched  649   debug] user login
[2026-04-17 09:04:03.5946660 UTC-05:00] [7548:7552] [FcVpnSched  658   debug] session 1 is unlocked
[2026-04-17 09:04:04.4333808 UTC-05:00] [7548:7700] [FcVpnSched  75   error] notify WTS_SESSION_UNLOCK failed
[2026-04-17 09:04:04.4335166 UTC-05:00] [7548:7700] [FcVpnSched  88   debug] default msg 26
[2026-04-17 09:04:04.5942337 UTC-05:00] [7548:7552] [FcVpnSched  642   error] VpnConn for 1 is not created.
[2026-04-17 09:07:08.2368924 UTC-05:00] [7548:7700] [FcVpnSched  88   debug] default msg 537
[2026-04-17 09:07:08.3535765 UTC-05:00] [7548:7700] [FcVpnSched  88   debug] default msg 537
[2026-04-17 09:07:08.3564661 UTC-05:00] [7548:7700] [FcVpnSched  88   debug] default msg 537
[2026-04-17 09:07:08.3596646 UTC-05:00] [7548:7700] [FcVpnSched  88   debug] default msg 537
[2026-04-17 09:07:08.3632492 UTC-05:00] [7548:7700] [FcVpnSched  88   debug] default msg 537
[2026-04-17 09:27:02.3047502 UTC-05:00] [7548:7700] [FcVpnSched  88   debug] default msg 30
[2026-04-17 09:27:02.4513175 UTC-05:00] [7548:7700] [FcVpnSched  88   debug] default msg 26
[2026-04-17 09:27:02.4557713 UTC-05:00] [7548:7700] [FcVpnSched  88   debug] default msg 26
[2026-04-17 09:27:02.4581666 UTC-05:00] [7548:7700] [FcVpnSched  88   debug] default msg 26
[2026-04-17 09:27:02.4605658 UTC-05:00] [7548:7700] [FcVpnSched  88   debug] default msg 26
[2026-04-17 09:27:02.4626730 UTC-05:00] [7548:7700] [FcVpnSched  88   debug] default msg 26
[2026-04-17 09:27:02.4644567 UTC-05:00] [7548:7700] [FcVpnSched  88   debug] default msg 26
[2026-04-17 09:27:02.4665561 UTC-05:00] [7548:7700] [FcVpnSched  88   debug] default msg 26
[2026-04-17 09:27:02.4690857 UTC-05:00] [7548:7700] [FcVpnSched  88   debug] default msg 26
[2026-04-17 09:27:02.4714587 UTC-05:00] [7548:7700] [FcVpnSched  88   debug] default msg 26
[2026-04-17 09:27:02.4741852 UTC-05:00] [7548:7700] [FcVpnSched  88   debug] default msg 26
[2026-04-17 09:27:02.4770322 UTC-05:00] [7548:7700] [FcVpnSched  88   debug] default msg 26
[2026-04-17 09:27:02.4796653 UTC-05:00] [7548:7700] [FcVpnSched  88   debug] default msg 26
[2026-04-17 09:27:02.4820030 UTC-05:00] [7548:7700] [FcVpnSched  88   debug] default msg 26
[2026-04-17 09:27:02.4839087 UTC-05:00] [7548:7700] [FcVpnSched  88   debug] default msg 26
[2026-04-17 09:27:02.4860544 UTC-05:00] [7548:7700] [FcVpnSched  88   debug] default msg 26
[2026-04-17 09:27:02.4889448 UTC-05:00] [7548:7700] [FcVpnSched  88   debug] default msg 26
[2026-04-17 09:27:02.4913202 UTC-05:00] [7548:7700] [FcVpnSched  88   debug] default msg 26
[2026-04-17 09:27:02.4935433 UTC-05:00] [7548:7700] [FcVpnSched  88   debug] default msg 26
[2026-04-17 09:27:02.4957871 UTC-05:00] [7548:7700] [FcVpnSched  88   debug] default msg 26
[2026-04-17 09:27:02.4981946 UTC-05:00] [7548:7700] [FcVpnSched  88   debug] default msg 26
[2026-04-17 09:27:02.5002736 UTC-05:00] [7548:7700] [FcVpnSched  88   debug] default msg 26
[2026-04-17 09:27:02.5025755 UTC-05:00] [7548:7700] [FcVpnSched  88   debug] default msg 26
[2026-04-17 09:27:02.5047625 UTC-05:00] [7548:7700] [FcVpnSched  88   debug] default msg 26
[2026-04-17 09:27:02.5069585 UTC-05:00] [7548:7700] [FcVpnSched  88   debug] default msg 26
[2026-04-17 09:27:02.5093579 UTC-05:00] [7548:7700] [FcVpnSched  88   debug] default msg 26
[2026-04-17 09:27:02.5116848 UTC-05:00] [7548:7700] [FcVpnSched  88   debug] default msg 26
[2026-04-17 09:27:02.5137199 UTC-05:00] [7548:7700] [FcVpnSched  88   debug] default msg 26
[2026-04-17 09:27:02.5157787 UTC-05:00] [7548:7700] [FcVpnSched  88   debug] default msg 26
[2026-04-17 09:27:02.5193315 UTC-05:00] [7548:7700] [FcVpnSched  88   debug] default msg 26
[2026-04-17 09:27:02.5216300 UTC-05:00] [7548:7700] [FcVpnSched  88   debug] default msg 26
[2026-04-17 09:27:02.5240107 UTC-05:00] [7548:7700] [FcVpnSched  88   debug] default msg 26
[2026-04-17 09:27:02.5264296 UTC-05:00] [7548:7700] [FcVpnSched  88   debug] default msg 26
[2026-04-17 09:27:02.5288556 UTC-05:00] [7548:7700] [FcVpnSched  88   debug] default msg 26
[2026-04-17 09:27:02.5311712 UTC-05:00] [7548:7700] [FcVpnSched  88   debug] default msg 26
[2026-04-17 09:27:02.5339808 UTC-05:00] [7548:7700] [FcVpnSched  88   debug] default msg 26
[2026-04-17 09:27:02.5367365 UTC-05:00] [7548:7700] [FcVpnSched  88   debug] default msg 26
[2026-04-17 09:27:02.5394667 UTC-05:00] [7548:7700] [FcVpnSched  88   debug] default msg 26
[2026-04-17 09:27:02.5416942 UTC-05:00] [7548:7700] [FcVpnSched  88   debug] default msg 26
[2026-04-17 09:27:02.5438980 UTC-05:00] [7548:7700] [FcVpnSched  88   debug] default msg 26
[2026-04-17 09:27:02.5462631 UTC-05:00] [7548:7700] [FcVpnSched  88   debug] default msg 26
[2026-04-17 09:27:02.5489229 UTC-05:00] [7548:7700] [FcVpnSched  88   debug] default msg 26
[2026-04-17 09:27:02.5517980 UTC-05:00] [7548:7700] [FcVpnSched  88   debug] default msg 26
[2026-04-17 09:27:02.5542000 UTC-05:00] [7548:7700] [FcVpnSched  88   debug] default msg 26
[2026-04-17 09:27:02.5562744 UTC-05:00] [7548:7700] [FcVpnSched  88   debug] default msg 26
[2026-04-17 09:27:02.5590934 UTC-05:00] [7548:7700] [FcVpnSched  88   debug] default msg 26
[2026-04-17 09:27:02.5616615 UTC-05:00] [7548:7700] [FcVpnSched  88   debug] default msg 26
[2026-04-17 09:27:02.5640179 UTC-05:00] [7548:7700] [FcVpnSched  88   debug] default msg 26
[2026-04-17 09:27:02.5667797 UTC-05:00] [7548:7700] [FcVpnSched  88   debug] default msg 26
[2026-04-17 09:27:02.5691237 UTC-05:00] [7548:7700] [FcVpnSched  88   debug] default msg 26
[2026-04-17 09:27:02.5713573 UTC-05:00] [7548:7700] [FcVpnSched  88   debug] default msg 26
[2026-04-17 09:27:02.5736173 UTC-05:00] [7548:7700] [FcVpnSched  88   debug] default msg 26
[2026-04-17 09:27:02.5756551 UTC-05:00] [7548:7700] [FcVpnSched  88   debug] default msg 26
[2026-04-17 09:27:02.5780057 UTC-05:00] [7548:7700] [FcVpnSched  88   debug] default msg 26
[2026-04-17 09:27:02.5804975 UTC-05:00] [7548:7700] [FcVpnSched  88   debug] default msg 26
[2026-04-17 09:27:02.5826994 UTC-05:00] [7548:7700] [FcVpnSched  88   debug] default msg 26
[2026-04-17 09:27:02.5848062 UTC-05:00] [7548:7700] [FcVpnSched  88   debug] default msg 26
[2026-04-17 09:27:02.8021960 UTC-05:00] [7548:7700] [FcVpnSched  88   debug] default msg 26
[2026-04-17 09:27:02.8056113 UTC-05:00] [7548:7700] [FcVpnSched  88   debug] default msg 26
[2026-04-17 09:27:02.8096591 UTC-05:00] [7548:7700] [FcVpnSched  88   debug] default msg 26
[2026-04-17 09:27:02.8128316 UTC-05:00] [7548:7700] [FcVpnSched  88   debug] default msg 26
[2026-04-17 09:27:02.8170717 UTC-05:00] [7548:7700] [FcVpnSched  88   debug] default msg 26
[2026-04-17 09:27:02.8204552 UTC-05:00] [7548:7700] [FcVpnSched  88   debug] default msg 26
[2026-04-17 09:27:02.8234787 UTC-05:00] [7548:7700] [FcVpnSched  88   debug] default msg 26
[2026-04-17 09:27:02.8267324 UTC-05:00] [7548:7700] [FcVpnSched  88   debug] default msg 26
[2026-04-17 09:27:02.8300412 UTC-05:00] [7548:7700] [FcVpnSched  88   debug] default msg 26
[2026-04-17 09:27:02.8339717 UTC-05:00] [7548:7700] [FcVpnSched  88   debug] default msg 26
[2026-04-17 09:27:02.8377095 UTC-05:00] [7548:7700] [FcVpnSched  88   debug] default msg 26
[2026-04-17 09:27:02.8419021 UTC-05:00] [7548:7700] [FcVpnSched  88   debug] default msg 26
[2026-04-17 09:27:02.8452508 UTC-05:00] [7548:7700] [FcVpnSched  88   debug] default msg 26
[2026-04-17 09:27:02.8495130 UTC-05:00] [7548:7700] [FcVpnSched  88   debug] default msg 26
[2026-04-17 09:27:02.8531537 UTC-05:00] [7548:7700] [FcVpnSched  88   debug] default msg 26
[2026-04-17 09:27:02.8563513 UTC-05:00] [7548:7700] [FcVpnSched  88   debug] default msg 26
[2026-04-17 09:27:02.8596599 UTC-05:00] [7548:7700] [FcVpnSched  88   debug] default msg 26
[2026-04-17 09:27:02.8626409 UTC-05:00] [7548:7700] [FcVpnSched  88   debug] default msg 26
[2026-04-17 09:27:02.8666038 UTC-05:00] [7548:7700] [FcVpnSched  88   debug] default msg 26
[2026-04-17 09:27:02.8697392 UTC-05:00] [7548:7700] [FcVpnSched  88   debug] default msg 26
[2026-04-17 09:27:02.8729036 UTC-05:00] [7548:7700] [FcVpnSched  88   debug] default msg 26
[2026-04-17 09:27:02.8758593 UTC-05:00] [7548:7700] [FcVpnSched  88   debug] default msg 26
[2026-04-17 09:27:02.8792904 UTC-05:00] [7548:7700] [FcVpnSched  88   debug] default msg 26
[2026-04-17 09:27:02.8828068 UTC-05:00] [7548:7700] [FcVpnSched  88   debug] default msg 26
[2026-04-17 09:27:02.8861055 UTC-05:00] [7548:7700] [FcVpnSched  88   debug] default msg 26
[2026-04-17 09:27:02.8893183 UTC-05:00] [7548:7700] [FcVpnSched  88   debug] default msg 26
[2026-04-17 09:27:02.8923994 UTC-05:00] [7548:7700] [FcVpnSched  88   debug] default msg 26
[2026-04-17 09:27:02.8955537 UTC-05:00] [7548:7700] [FcVpnSched  88   debug] default msg 26
[2026-04-17 09:27:02.9001984 UTC-05:00] [7548:7700] [FcVpnSched  88   debug] default msg 26
[2026-04-17 09:27:02.9032093 UTC-05:00] [7548:7700] [FcVpnSched  88   debug] default msg 26
[2026-04-17 09:27:02.9061772 UTC-05:00] [7548:7700] [FcVpnSched  88   debug] default msg 26
[2026-04-17 09:27:02.9096843 UTC-05:00] [7548:7700] [FcVpnSched  88   debug] default msg 26
[2026-04-17 09:32:24.3849619 UTC-05:00] [7548:7700] [FcVpnSched  88   debug] default msg 26
[2026-04-17 09:32:24.9821085 UTC-05:00] [7548:7700] [FcVpnSched  88   debug] default msg 26
[2026-04-17 09:32:25.2744694 UTC-05:00] [7548:7700] [FcVpnSched  88   debug] default msg 26
[2026-04-17 09:32:25.7256726 UTC-05:00] [7548:7700] [FcVpnSched  88   debug] default msg 26
[2026-04-17 09:32:26.1878900 UTC-05:00] [7548:7700] [FcVpnSched  88   debug] default msg 26
[2026-04-17 09:43:12.9238691 UTC-05:00] [7548:7700] [FcVpnSched  88   debug] default msg 536
[2026-04-17 09:48:52.1190178 UTC-05:00] [7548:7700] [FcVpnSched  88   debug] default msg 26
[2026-04-17 09:48:52.7013593 UTC-05:00] [7548:7700] [FcVpnSched  88   debug] default msg 26
[2026-04-17 09:48:53.0643508 UTC-05:00] [7548:7700] [FcVpnSched  88   debug] default msg 26
[2026-04-17 09:48:53.5618019 UTC-05:00] [7548:7700] [FcVpnSched  88   debug] default msg 26
[2026-04-17 09:48:53.9371498 UTC-05:00] [7548:7700] [FcVpnSched  88   debug] default msg 26
[2026-04-17 09:48:54.6090738 UTC-05:00] [7548:7700] [FcVpnSched  88   debug] default msg 26
[2026-04-17 09:48:55.1007277 UTC-05:00] [7548:7700] [FcVpnSched  88   debug] default msg 26
[2026-04-17 09:48:55.5083206 UTC-05:00] [7548:7700] [FcVpnSched  88   debug] default msg 26
[2026-04-17 09:48:55.6170986 UTC-05:00] [7548:7700] [FcVpnSched  88   debug] default msg 26
[2026-04-17 09:50:00.3000116 UTC-05:00] [7548:7700] [FcVpnSched  88   debug] default msg 536
[2026-04-17 09:50:00.3599993 UTC-05:00] [7548:7700] [FcVpnSched  79   debug] WTS_SESSION_LOCK 1
[2026-04-17 09:50:00.3603337 UTC-05:00] [7548:7700] [FcVpnSched  78   debug] called. sessionId=1, msg=0x1003
[2026-04-17 09:50:00.3791584 UTC-05:00] [7548:7552] [FcVpnSched  871   debug] received UserLock message
[2026-04-17 09:50:00.7998859 UTC-05:00] [7548:7700] [FcVpnSched  88   debug] default msg 30
[2026-04-17 09:53:39.4649315 UTC-05:00] [7548:7700] [FcVpnSched  88   debug] default msg 30
[2026-04-17 09:53:40.0129987 UTC-05:00] [7548:7700] [FcVpnSched  88   debug] default msg 536
[2026-04-17 09:53:40.0163729 UTC-05:00] [7548:7700] [FcVpnSched  88   debug] default msg 536
[2026-04-17 09:53:41.4254225 UTC-05:00] [7548:7696] [FcVpnSched  153   debug] Network changed
[2026-04-17 09:53:45.1042091 UTC-05:00] [7548:7552] [FcVpnSched  806   debug] received FabricChanged message
[2026-04-17 09:53:52.3347116 UTC-05:00] [7548:7696] [FcVpnSched  153   debug] Network changed
[2026-04-17 09:53:52.3347276 UTC-05:00] [7548:7696] [FcVpnSched  10   debug] PostNetworkUpAsync called
[2026-04-17 09:53:52.5766440 UTC-05:00] [7548:7552] [FcVpnSched  816   debug] received NetworkUp message
[2026-04-17 09:53:52.5771904 UTC-05:00] [7548:7552] [FcVpnSched  60   debug] PostAutoConnect, session 0
[2026-04-17 09:53:52.5772014 UTC-05:00] [7548:7552] [FcVpnSched  44   debug] PostMachineAutoConnectRequestAsync called
[2026-04-17 09:53:52.9313289 UTC-05:00] [7548:7552] [FcVpnSched  826   debug] received MachineAutoConnect message
[2026-04-17 09:53:52.9315039 UTC-05:00] [7548:7552] [FcVpnSched  496 warning] no machine vpn found
[2026-04-17 09:54:04.0507958 UTC-05:00] [7548:7552] [FcVpnSched  806   debug] received FabricChanged message
[2026-04-17 09:54:04.1715641 UTC-05:00] [7548:7552] [FcVpnSched  806   debug] received FabricChanged message
[2026-04-17 09:54:18.3346122 UTC-05:00] [7548:7700] [FcVpnSched  88   debug] default msg 536
[2026-04-17 09:54:21.9209669 UTC-05:00] [7548:7700] [FcVpnSched  88   debug] default msg 536
[2026-04-17 09:54:49.1538654 UTC-05:00] [7548:7700] [FcVpnSched  73   debug] WTS_SESSION_UNLOCK 1
[2026-04-17 09:54:49.1539040 UTC-05:00] [7548:7700] [FcVpnSched  78   debug] called. sessionId=1, msg=0x1002
[2026-04-17 09:54:49.6882180 UTC-05:00] [7548:7552] [FcVpnSched  859   debug] received UserUnlock message
[2026-04-17 09:54:49.6882294 UTC-05:00] [7548:7552] [FcVpnSched  861   debug] User sign in event
[2026-04-17 09:54:49.6882303 UTC-05:00] [7548:7552] [FcVpnSched  649   debug] user login
[2026-04-17 09:54:49.7757846 UTC-05:00] [7548:7552] [FcVpnSched  658   debug] session 1 is unlocked
[2026-04-17 09:54:50.5512171 UTC-05:00] [7548:7700] [FcVpnSched  75   error] notify WTS_SESSION_UNLOCK failed
[2026-04-17 09:54:50.5977003 UTC-05:00] [7548:7700] [FcVpnSched  88   debug] default msg 26
[2026-04-17 09:54:50.7848352 UTC-05:00] [7548:7552] [FcVpnSched  642   error] VpnConn for 1 is not created.
[2026-04-17 10:05:07.4916990 UTC-05:00] [7548:7700] [FcVpnSched  88   debug] default msg 536
[2026-04-17 10:12:48.5683888 UTC-05:00] [7548:7700] [FcVpnSched  88   debug] default msg 536
[2026-04-17 10:12:48.6090913 UTC-05:00] [7548:7700] [FcVpnSched  79   debug] WTS_SESSION_LOCK 1
[2026-04-17 10:12:48.6095436 UTC-05:00] [7548:7700] [FcVpnSched  78   debug] called. sessionId=1, msg=0x1003
[2026-04-17 10:12:48.6237729 UTC-05:00] [7548:7552] [FcVpnSched  871   debug] received UserLock message
[2026-04-17 10:12:49.0886592 UTC-05:00] [7548:7700] [FcVpnSched  88   debug] default msg 30
[2026-04-17 11:18:36.4713149 UTC-05:00] [7548:7700] [FcVpnSched  88   debug] default msg 30
[2026-04-17 11:18:36.8740524 UTC-05:00] [7548:7700] [FcVpnSched  88   debug] default msg 536
[2026-04-17 11:18:36.9846400 UTC-05:00] [7548:7700] [FcVpnSched  88   debug] default msg 536
[2026-04-17 11:18:36.9980661 UTC-05:00] [7548:7700] [FcVpnSched  88   debug] default msg 536
[2026-04-17 11:18:39.0752691 UTC-05:00] [7548:7696] [FcVpnSched  153   debug] Network changed
[2026-04-17 11:19:02.0637891 UTC-05:00] [7548:7696] [FcVpnSched  153   debug] Network changed
[2026-04-17 11:19:02.0644869 UTC-05:00] [7548:7696] [FcVpnSched  10   debug] PostNetworkUpAsync called
[2026-04-17 11:19:02.8290066 UTC-05:00] [7548:7552] [FcVpnSched  816   debug] received NetworkUp message
[2026-04-17 11:19:02.8297204 UTC-05:00] [7548:7552] [FcVpnSched  60   debug] PostAutoConnect, session 0
[2026-04-17 11:19:02.8297333 UTC-05:00] [7548:7552] [FcVpnSched  44   debug] PostMachineAutoConnectRequestAsync called
[2026-04-17 11:19:04.5983945 UTC-05:00] [7548:7552] [FcVpnSched  826   debug] received MachineAutoConnect message
[2026-04-17 11:19:04.5986997 UTC-05:00] [7548:7552] [FcVpnSched  496 warning] no machine vpn found
[2026-04-17 11:19:04.7825476 UTC-05:00] [7548:12596] [FcVpnSched  54   error] Post machine AutoConnect request failed
[2026-04-17 11:19:14.9767723 UTC-05:00] [7548:7700] [FcVpnSched  73   debug] WTS_SESSION_UNLOCK 1
[2026-04-17 11:19:14.9768097 UTC-05:00] [7548:7700] [FcVpnSched  78   debug] called. sessionId=1, msg=0x1002
[2026-04-17 11:19:15.4230502 UTC-05:00] [7548:7552] [FcVpnSched  859   debug] received UserUnlock message
[2026-04-17 11:19:15.4230592 UTC-05:00] [7548:7552] [FcVpnSched  861   debug] User sign in event
[2026-04-17 11:19:15.4230602 UTC-05:00] [7548:7552] [FcVpnSched  649   debug] user login
[2026-04-17 11:19:15.5407153 UTC-05:00] [7548:7552] [FcVpnSched  658   debug] session 1 is unlocked
[2026-04-17 11:19:16.3134886 UTC-05:00] [7548:7700] [FcVpnSched  75   error] notify WTS_SESSION_UNLOCK failed
[2026-04-17 11:19:16.3136182 UTC-05:00] [7548:7700] [FcVpnSched  88   debug] default msg 26
[2026-04-17 11:19:16.5432768 UTC-05:00] [7548:7552] [FcVpnSched  642   error] VpnConn for 1 is not created.
[2026-04-17 11:19:25.9321500 UTC-05:00] [7548:7552] [FcVpnSched  806   debug] received FabricChanged message
[2026-04-17 11:19:26.0754030 UTC-05:00] [7548:7552] [FcVpnSched  806   debug] received FabricChanged message
[2026-04-17 11:24:36.9617921 UTC-05:00] [7548:7700] [FcVpnSched  88   debug] default msg 26
[2026-04-17 11:24:37.0148787 UTC-05:00] [7548:7700] [FcVpnSched  88   debug] default msg 26
[2026-04-17 11:24:37.4894896 UTC-05:00] [7548:7700] [FcVpnSched  88   debug] default msg 26
[2026-04-17 11:24:37.6361459 UTC-05:00] [7548:7700] [FcVpnSched  88   debug] default msg 26
[2026-04-17 11:24:38.0233480 UTC-05:00] [7548:7700] [FcVpnSched  88   debug] default msg 26
[2026-04-17 11:24:38.2281121 UTC-05:00] [7548:7700] [FcVpnSched  88   debug] default msg 26
[2026-04-17 11:24:38.9212558 UTC-05:00] [7548:7700] [FcVpnSched  88   debug] default msg 26
[2026-04-17 11:24:39.4442042 UTC-05:00] [7548:7700] [FcVpnSched  88   debug] default msg 26
[2026-04-17 11:24:39.5246470 UTC-05:00] [7548:7700] [FcVpnSched  88   debug] default msg 26
[2026-04-17 11:24:40.4523506 UTC-05:00] [7548:7700] [FcVpnSched  88   debug] default msg 26
[2026-04-17 11:24:40.5867356 UTC-05:00] [7548:7700] [FcVpnSched  88   debug] default msg 26
[2026-04-17 11:24:42.7438293 UTC-05:00] [7548:7700] [FcVpnSched  88   debug] default msg 26
[2026-04-17 11:24:44.6360000 UTC-05:00] [7548:7700] [FcVpnSched  88   debug] default msg 26
[2026-04-17 11:35:45.0525736 UTC-05:00] [7548:7700] [FcVpnSched  88   debug] default msg 536
[2026-04-17 11:35:45.0895000 UTC-05:00] [7548:7700] [FcVpnSched  79   debug] WTS_SESSION_LOCK 1
[2026-04-17 11:35:45.0897977 UTC-05:00] [7548:7700] [FcVpnSched  78   debug] called. sessionId=1, msg=0x1003
[2026-04-17 11:35:45.2861446 UTC-05:00] [7548:7552] [FcVpnSched  871   debug] received UserLock message
[2026-04-17 11:35:45.8131040 UTC-05:00] [7548:7700] [FcVpnSched  88   debug] default msg 30
[2026-04-17 11:35:49.2566959 UTC-05:00] [7548:7700] [FcVpnSched  88   debug] default msg 26
[2026-04-17 11:39:02.5841957 UTC-05:00] [7548:7700] [FcVpnSched  88   debug] default msg 26
[2026-04-17 11:39:03.6675956 UTC-05:00] [7548:7700] [FcVpnSched  88   debug] default msg 30
[2026-04-17 11:39:03.6676528 UTC-05:00] [7548:7700] [FcVpnSched  88   debug] default msg 26
[2026-04-17 11:39:03.7157502 UTC-05:00] [7548:7700] [FcVpnSched  88   debug] default msg 536
[2026-04-17 11:39:03.7158124 UTC-05:00] [7548:7700] [FcVpnSched  88   debug] default msg 536
[2026-04-17 11:39:06.7092902 UTC-05:00] [7548:7696] [FcVpnSched  153   debug] Network changed
[2026-04-17 11:39:07.9815712 UTC-05:00] [7548:7696] [FcVpnSched  153   debug] Network changed
[2026-04-17 11:39:07.9815879 UTC-05:00] [7548:7696] [FcVpnSched  10   debug] PostNetworkUpAsync called
[2026-04-17 11:39:08.3194952 UTC-05:00] [7548:7552] [FcVpnSched  816   debug] received NetworkUp message
[2026-04-17 11:39:08.3200599 UTC-05:00] [7548:7552] [FcVpnSched  60   debug] PostAutoConnect, session 0
[2026-04-17 11:39:08.3200702 UTC-05:00] [7548:7552] [FcVpnSched  44   debug] PostMachineAutoConnectRequestAsync called
[2026-04-17 11:39:08.5197045 UTC-05:00] [7548:7552] [FcVpnSched  826   debug] received MachineAutoConnect message
[2026-04-17 11:39:08.5198963 UTC-05:00] [7548:7552] [FcVpnSched  496 warning] no machine vpn found
[2026-04-17 11:39:22.0839941 UTC-05:00] [7548:7700] [FcVpnSched  73   debug] WTS_SESSION_UNLOCK 1
[2026-04-17 11:39:22.0840482 UTC-05:00] [7548:7700] [FcVpnSched  78   debug] called. sessionId=1, msg=0x1002
[2026-04-17 11:39:23.7816230 UTC-05:00] [7548:7552] [FcVpnSched  859   debug] received UserUnlock message
[2026-04-17 11:39:23.7816374 UTC-05:00] [7548:7552] [FcVpnSched  861   debug] User sign in event
[2026-04-17 11:39:23.7816393 UTC-05:00] [7548:7552] [FcVpnSched  649   debug] user login
[2026-04-17 11:39:23.9061640 UTC-05:00] [7548:7552] [FcVpnSched  658   debug] session 1 is unlocked
[2026-04-17 11:39:24.7349753 UTC-05:00] [7548:7700] [FcVpnSched  75   error] notify WTS_SESSION_UNLOCK failed
[2026-04-17 11:39:24.9051225 UTC-05:00] [7548:7552] [FcVpnSched  642   error] VpnConn for 1 is not created.
[2026-04-17 11:39:31.3064938 UTC-05:00] [7548:7700] [FcVpnSched  88   debug] default msg 30
[2026-04-17 11:40:11.1412064 UTC-05:00] [7548:7552] [FcVpnSched  806   debug] received FabricChanged message
[2026-04-17 11:41:56.7527327 UTC-05:00] [7548:7700] [FcVpnSched  67   debug] WTS_SESSION_LOGOFF 1
[2026-04-17 11:41:56.7527740 UTC-05:00] [7548:7700] [FcVpnSched  78   debug] called. sessionId=1, msg=0x1001
[2026-04-17 11:41:56.7649997 UTC-05:00] [7548:7552] [FcVpnSched  854   debug] received UserLogout message
[2026-04-17 11:41:56.7650106 UTC-05:00] [7548:7552] [FcVpnSched  731   debug] user logout
[2026-04-17 11:41:56.7801362 UTC-05:00] [7548:7552] [FcVpnSched  743   debug] disconnect all vpns in session 1
[2026-04-17 11:41:56.8196860 UTC-05:00] [7548:7552] [FcVpnSched  760   debug] Current unlocked user sessions: 1	
[2026-04-17 11:41:56.8323688 UTC-05:00] [7548:11036] [FcVpnSched  764   debug] Start waiting for machine AutoConnect
[2026-04-17 11:41:57.5669333 UTC-05:00] [7548:7700] [FcVpnSched  88   debug] default msg 537
[2026-04-17 11:41:58.9970947 UTC-05:00] [7548:3516] [FcVpnSched  99    info] Received CTRL_SHUTDOWN_EVENT
[2026-04-17 11:41:58.9973647 UTC-05:00] [7548:3516] [FcVpnSched  61   debug] PostShutdownAsync called
[2026-04-17 11:41:59.0056282 UTC-05:00] [7548:11036] [FcVpnSched  772   debug] Do not trigger machine AutoConnect
[2026-04-17 11:41:59.0828215 UTC-05:00] [7548:7552] [FcVpnSched  844   debug] received Shutdown message
[2026-04-17 11:41:59.0828333 UTC-05:00] [7548:7552] [FcVpnSched  408   debug] called.
[2026-04-17 11:42:07.1398076 UTC-05:00] [7548:7700] [FcVpnSched  88   debug] default msg 30
[2026-04-17 11:42:08.8521003 UTC-05:00] [7548:7696] [FcVpnSched  153   debug] Network changed
[2026-04-17 11:42:13.1945735 UTC-05:00] [7548:7700] [FcVpnSched  88   debug] default msg 537
[2026-04-17 11:42:14.4812992 UTC-05:00] [7548:7552] [FcVpnSched  806   debug] received FabricChanged message
[2026-04-17 11:43:11.7740158 UTC-05:00] [7264:7268] [FcVpnSched  1359    info] (Time Zone: Central Standard Time) (Wed Dec 10 12:40:05 2025, 31s) 2026-04-17 11:43:11.770 type: 0x11f size: 512 memory: 0x0000000000000000
[2026-04-17 11:43:11.7824307 UTC-05:00] [7264:7268] [FcVpnSched  1247    info] FsFilter=0x00000000000003A8 Shield=0x00000000000003B0 SchEvent=0x00000000000003B4
[2026-04-17 11:43:11.7830810 UTC-05:00] [7264:7268] [FcVpnSched  1249   debug] settings: AutoconnectOnInstall: 0, AutoconnectOffnetOnly: 0, AutoconnectEpcDeterminedOnly: 0, OnOsStartConnect: , OnLogonConnect: , OnOsStartHasPriority: 0
[2026-04-17 11:43:11.7854116 UTC-05:00] [7264:7428] [FcVpnSched  88   debug] default msg 36
[2026-04-17 11:43:11.7854422 UTC-05:00] [7264:7428] [FcVpnSched  88   debug] default msg 129
[2026-04-17 11:43:11.7855399 UTC-05:00] [7264:7428] [FcVpnSched  88   debug] default msg 131
[2026-04-17 11:43:11.7855531 UTC-05:00] [7264:7428] [FcVpnSched  51   debug] WM_CREATE
[2026-04-17 11:43:11.7979483 UTC-05:00] [7264:7428] [FcVpnSched  23   debug] enum session 0
[2026-04-17 11:43:11.7979733 UTC-05:00] [7264:7428] [FcVpnSched  23   debug] enum session 1
[2026-04-17 11:43:11.8030025 UTC-05:00] [7264:7428] [FcVpnSched  23   debug] enum session 65536
[2026-04-17 11:43:11.8257049 UTC-05:00] [7264:7268] [FcVpnSched  496 warning] no machine vpn found
[2026-04-17 11:43:13.5490550 UTC-05:00] [7264:7428] [FcVpnSched  88   debug] default msg 26
[2026-04-17 11:43:14.9649929 UTC-05:00] [7264:7428] [FcVpnSched  88   debug] default msg 537
[2026-04-17 11:43:28.0249653 UTC-05:00] [7264:7428] [FcVpnSched  88   debug] default msg 537
[2026-04-17 11:43:49.0353564 UTC-05:00] [7264:7428] [FcVpnSched  88   debug] default msg 26
[2026-04-17 11:43:49.7176913 UTC-05:00] [7264:7428] [FcVpnSched  61   debug] WTS_SESSION_LOGON 1
[2026-04-17 11:43:49.7177048 UTC-05:00] [7264:7428] [FcVpnSched  78   debug] called. sessionId=1, msg=0x1000
[2026-04-17 11:43:49.8585004 UTC-05:00] [7264:7268] [FcVpnSched  849   debug] received UserLogin message
[2026-04-17 11:43:49.8585082 UTC-05:00] [7264:7268] [FcVpnSched  649   debug] user login
[2026-04-17 11:43:49.8656910 UTC-05:00] [7264:7268] [FcVpnSched  658   debug] session 1 is unlocked
[2026-04-17 11:43:50.7750952 UTC-05:00] [7264:7428] [FcVpnSched  63   error] notify WTS_SESSION_LOGON failed
[2026-04-17 11:43:50.8560068 UTC-05:00] [7264:7268] [FcVpnSched  642   error] VpnConn for 1 is not created.
[2026-04-17 11:43:54.4944298 UTC-05:00] [7264:7424] [FcVpnSched  153   debug] Network changed
[2026-04-17 11:43:54.4944416 UTC-05:00] [7264:7424] [FcVpnSched  10   debug] PostNetworkUpAsync called
[2026-04-17 11:43:54.5369273 UTC-05:00] [7264:7268] [FcVpnSched  816   debug] received NetworkUp message
[2026-04-17 11:43:54.5369370 UTC-05:00] [7264:7268] [FcVpnSched  60   debug] PostAutoConnect, session 1
[2026-04-17 11:43:54.5369396 UTC-05:00] [7264:7268] [FcVpnSched  608   debug] called.
[2026-04-17 11:43:54.5369962 UTC-05:00] [7264:7268] [FcVpnSched  27   debug] PostUserAutoConnectRequestAsync called
[2026-04-17 11:43:54.6729315 UTC-05:00] [7264:7268] [FcVpnSched  821   debug] received UserAutoConnect message
[2026-04-17 11:43:54.6729427 UTC-05:00] [7264:7268] [FcVpnSched  512   debug] AddAndActivateAutoConnectForUserSession() called.
[2026-04-17 11:43:54.6730264 UTC-05:00] [7264:7268] [FcVpnSched  112 warning] empty vpn object name
[2026-04-17 11:43:54.6828519 UTC-05:00] [7264:7268] [FcVpnSched  112 warning] empty vpn object name
[2026-04-17 11:43:54.6828626 UTC-05:00] [7264:7268] [FcVpnSched  565   debug] AddAndActivateAutoConnectForUserSession() there is no auto connect tunnel
[2026-04-17 11:44:00.1203353 UTC-05:00] [7264:7268] [FcVpnSched  806   debug] received FabricChanged message
[2026-04-17 11:44:00.4805548 UTC-05:00] [7264:7268] [FcVpnSched  811   debug] received FirstKeepaliveDone message
[2026-04-17 11:45:02.7155302 UTC-05:00] [7264:7428] [FcVpnSched  88   debug] default msg 26
[2026-04-17 11:45:18.7582614 UTC-05:00] [7264:7428] [FcVpnSched  88   debug] default msg 537
[2026-04-17 11:45:35.0762877 UTC-05:00] [7264:7428] [FcVpnSched  88   debug] default msg 26
[2026-04-17 11:45:42.9236054 UTC-05:00] [7264:7428] [FcVpnSched  88   debug] default msg 26
[2026-04-17 11:45:48.6819773 UTC-05:00] [7264:7428] [FcVpnSched  88   debug] default msg 26
[2026-04-17 11:45:51.4898777 UTC-05:00] [7264:7428] [FcVpnSched  88   debug] default msg 26
[2026-04-17 11:46:14.3121398 UTC-05:00] [7264:7428] [FcVpnSched  88   debug] default msg 26
[2026-04-17 11:46:18.7836406 UTC-05:00] [7264:7268] [FcVpnSched  806   debug] received FabricChanged message
[2026-04-17 11:46:24.2827163 UTC-05:00] [7264:7428] [FcVpnSched  88   debug] default msg 26
[2026-04-17 11:46:24.9644886 UTC-05:00] [7264:7428] [FcVpnSched  88   debug] default msg 26
[2026-04-17 11:46:28.3619350 UTC-05:00] [7264:7428] [FcVpnSched  88   debug] default msg 26
[2026-04-17 11:46:32.0602056 UTC-05:00] [7264:7428] [FcVpnSched  88   debug] default msg 26
[2026-04-17 11:46:46.4508289 UTC-05:00] [7264:7428] [FcVpnSched  88   debug] default msg 26
[2026-04-17 11:46:51.3446962 UTC-05:00] [7264:7428] [FcVpnSched  88   debug] default msg 26
[2026-04-17 11:47:00.9893164 UTC-05:00] [7264:7428] [FcVpnSched  88   debug] default msg 26
[2026-04-17 11:47:29.3835259 UTC-05:00] [7264:7428] [FcVpnSched  88   debug] default msg 26
[2026-04-17 11:47:47.8595137 UTC-05:00] [7264:7428] [FcVpnSched  88   debug] default msg 30
[2026-04-17 11:47:55.2492428 UTC-05:00] [7264:7428] [FcVpnSched  88   debug] default msg 26
[2026-04-17 11:47:55.2625394 UTC-05:00] [7264:7428] [FcVpnSched  88   debug] default msg 26
[2026-04-17 11:47:55.2681338 UTC-05:00] [7264:7428] [FcVpnSched  88   debug] default msg 26
[2026-04-17 11:47:55.2744412 UTC-05:00] [7264:7428] [FcVpnSched  88   debug] default msg 26
[2026-04-17 11:47:55.2790808 UTC-05:00] [7264:7428] [FcVpnSched  88   debug] default msg 26
[2026-04-17 11:47:55.2862753 UTC-05:00] [7264:7428] [FcVpnSched  88   debug] default msg 26
[2026-04-17 11:47:55.2944546 UTC-05:00] [7264:7428] [FcVpnSched  88   debug] default msg 26
[2026-04-17 11:47:55.2996525 UTC-05:00] [7264:7428] [FcVpnSched  88   debug] default msg 26
[2026-04-17 11:47:55.3080729 UTC-05:00] [7264:7428] [FcVpnSched  88   debug] default msg 26
[2026-04-17 11:47:55.3123442 UTC-05:00] [7264:7428] [FcVpnSched  88   debug] default msg 26
[2026-04-17 11:47:55.3177369 UTC-05:00] [7264:7428] [FcVpnSched  88   debug] default msg 26
[2026-04-17 11:47:55.3251814 UTC-05:00] [7264:7428] [FcVpnSched  88   debug] default msg 26
[2026-04-17 11:47:55.3306640 UTC-05:00] [7264:7428] [FcVpnSched  88   debug] default msg 26
[2026-04-17 11:47:55.3345148 UTC-05:00] [7264:7428] [FcVpnSched  88   debug] default msg 26
[2026-04-17 11:47:55.3569861 UTC-05:00] [7264:7428] [FcVpnSched  88   debug] default msg 26
[2026-04-17 11:47:55.3622580 UTC-05:00] [7264:7428] [FcVpnSched  88   debug] default msg 26
[2026-04-17 11:47:55.3664519 UTC-05:00] [7264:7428] [FcVpnSched  88   debug] default msg 26
[2026-04-17 11:47:55.3707113 UTC-05:00] [7264:7428] [FcVpnSched  88   debug] default msg 26
[2026-04-17 11:47:55.3759783 UTC-05:00] [7264:7428] [FcVpnSched  88   debug] default msg 26
[2026-04-17 11:47:55.3798983 UTC-05:00] [7264:7428] [FcVpnSched  88   debug] default msg 26
[2026-04-17 11:47:55.3845505 UTC-05:00] [7264:7428] [FcVpnSched  88   debug] default msg 26
[2026-04-17 11:47:55.3956879 UTC-05:00] [7264:7428] [FcVpnSched  88   debug] default msg 26
[2026-04-17 11:47:55.4003181 UTC-05:00] [7264:7428] [FcVpnSched  88   debug] default msg 26
[2026-04-17 11:47:55.4058883 UTC-05:00] [7264:7428] [FcVpnSched  88   debug] default msg 26
[2026-04-17 11:47:55.4103204 UTC-05:00] [7264:7428] [FcVpnSched  88   debug] default msg 26
[2026-04-17 11:47:55.4187811 UTC-05:00] [7264:7428] [FcVpnSched  88   debug] default msg 26
[2026-04-17 11:47:55.4242940 UTC-05:00] [7264:7428] [FcVpnSched  88   debug] default msg 26
[2026-04-17 11:47:55.4283588 UTC-05:00] [7264:7428] [FcVpnSched  88   debug] default msg 26
[2026-04-17 11:47:55.4325069 UTC-05:00] [7264:7428] [FcVpnSched  88   debug] default msg 26
[2026-04-17 11:47:55.4423790 UTC-05:00] [7264:7428] [FcVpnSched  88   debug] default msg 26
[2026-04-17 11:47:55.4476445 UTC-05:00] [7264:7428] [FcVpnSched  88   debug] default msg 26
[2026-04-17 11:47:55.4577242 UTC-05:00] [7264:7428] [FcVpnSched  88   debug] default msg 26
[2026-04-17 11:47:55.4676509 UTC-05:00] [7264:7428] [FcVpnSched  88   debug] default msg 26
[2026-04-17 11:47:55.4749509 UTC-05:00] [7264:7428] [FcVpnSched  88   debug] default msg 26
[2026-04-17 11:47:55.4799463 UTC-05:00] [7264:7428] [FcVpnSched  88   debug] default msg 26
[2026-04-17 11:47:55.4872394 UTC-05:00] [7264:7428] [FcVpnSched  88   debug] default msg 26
[2026-04-17 11:47:55.4962899 UTC-05:00] [7264:7428] [FcVpnSched  88   debug] default msg 26
[2026-04-17 11:47:55.5052898 UTC-05:00] [7264:7428] [FcVpnSched  88   debug] default msg 26
[2026-04-17 11:47:56.2505912 UTC-05:00] [7264:7428] [FcVpnSched  88   debug] default msg 26
[2026-04-17 11:47:56.2637336 UTC-05:00] [7264:7428] [FcVpnSched  88   debug] default msg 26
[2026-04-17 11:47:56.2675504 UTC-05:00] [7264:7428] [FcVpnSched  88   debug] default msg 26
[2026-04-17 11:47:56.2735642 UTC-05:00] [7264:7428] [FcVpnSched  88   debug] default msg 26
[2026-04-17 11:47:56.2787086 UTC-05:00] [7264:7428] [FcVpnSched  88   debug] default msg 26
[2026-04-17 11:47:56.2824812 UTC-05:00] [7264:7428] [FcVpnSched  88   debug] default msg 26
[2026-04-17 11:47:56.2864033 UTC-05:00] [7264:7428] [FcVpnSched  88   debug] default msg 26
[2026-04-17 11:47:56.2938048 UTC-05:00] [7264:7428] [FcVpnSched  88   debug] default msg 26
[2026-04-17 11:47:56.2975153 UTC-05:00] [7264:7428] [FcVpnSched  88   debug] default msg 26
[2026-04-17 11:47:56.3016109 UTC-05:00] [7264:7428] [FcVpnSched  88   debug] default msg 26
[2026-04-17 11:47:56.3104987 UTC-05:00] [7264:7428] [FcVpnSched  88   debug] default msg 26
[2026-04-17 11:47:56.3148202 UTC-05:00] [7264:7428] [FcVpnSched  88   debug] default msg 26
[2026-04-17 11:47:56.3230154 UTC-05:00] [7264:7428] [FcVpnSched  88   debug] default msg 26
[2026-04-17 11:47:56.3317132 UTC-05:00] [7264:7428] [FcVpnSched  88   debug] default msg 26
[2026-04-17 11:47:56.3369183 UTC-05:00] [7264:7428] [FcVpnSched  88   debug] default msg 26
[2026-04-17 11:47:56.3510030 UTC-05:00] [7264:7428] [FcVpnSched  88   debug] default msg 26
[2026-04-17 11:47:56.3610564 UTC-05:00] [7264:7428] [FcVpnSched  88   debug] default msg 26
[2026-04-17 11:47:56.3673679 UTC-05:00] [7264:7428] [FcVpnSched  88   debug] default msg 26
[2026-04-17 11:48:02.4306493 UTC-05:00] [7264:7428] [FcVpnSched  88   debug] default msg 26
[2026-04-17 11:48:02.4406001 UTC-05:00] [7264:7428] [FcVpnSched  88   debug] default msg 26
[2026-04-17 11:48:02.5169828 UTC-05:00] [7264:7428] [FcVpnSched  88   debug] default msg 26
[2026-04-17 11:48:02.5239301 UTC-05:00] [7264:7428] [FcVpnSched  88   debug] default msg 26
[2026-04-17 11:48:02.5293458 UTC-05:00] [7264:7428] [FcVpnSched  88   debug] default msg 26
[2026-04-17 11:48:02.5344258 UTC-05:00] [7264:7428] [FcVpnSched  88   debug] default msg 26
[2026-04-17 11:48:02.5467238 UTC-05:00] [7264:7428] [FcVpnSched  88   debug] default msg 26
[2026-04-17 11:48:02.5525190 UTC-05:00] [7264:7428] [FcVpnSched  88   debug] default msg 26
[2026-04-17 11:48:02.5609355 UTC-05:00] [7264:7428] [FcVpnSched  88   debug] default msg 26
[2026-04-17 11:48:02.5660168 UTC-05:00] [7264:7428] [FcVpnSched  88   debug] default msg 26
[2026-04-17 11:48:02.5713532 UTC-05:00] [7264:7428] [FcVpnSched  88   debug] default msg 26
[2026-04-17 11:48:02.5753144 UTC-05:00] [7264:7428] [FcVpnSched  88   debug] default msg 26
[2026-04-17 11:48:02.5797288 UTC-05:00] [7264:7428] [FcVpnSched  88   debug] default msg 26
[2026-04-17 11:48:02.5868124 UTC-05:00] [7264:7428] [FcVpnSched  88   debug] default msg 26
[2026-04-17 11:48:02.5915366 UTC-05:00] [7264:7428] [FcVpnSched  88   debug] default msg 26
[2026-04-17 11:48:02.5966962 UTC-05:00] [7264:7428] [FcVpnSched  88   debug] default msg 26
[2026-04-17 11:48:02.6054133 UTC-05:00] [7264:7428] [FcVpnSched  88   debug] default msg 26
[2026-04-17 11:48:02.6101391 UTC-05:00] [7264:7428] [FcVpnSched  88   debug] default msg 26
[2026-04-17 11:48:02.6160942 UTC-05:00] [7264:7428] [FcVpnSched  88   debug] default msg 26
[2026-04-17 11:48:02.6216210 UTC-05:00] [7264:7428] [FcVpnSched  88   debug] default msg 26
[2026-04-17 11:48:02.6275149 UTC-05:00] [7264:7428] [FcVpnSched  88   debug] default msg 26
[2026-04-17 11:48:02.6337445 UTC-05:00] [7264:7428] [FcVpnSched  88   debug] default msg 26
[2026-04-17 11:48:02.6393932 UTC-05:00] [7264:7428] [FcVpnSched  88   debug] default msg 26
[2026-04-17 11:48:02.6443503 UTC-05:00] [7264:7428] [FcVpnSched  88   debug] default msg 26
[2026-04-17 11:48:02.6497103 UTC-05:00] [7264:7428] [FcVpnSched  88   debug] default msg 26
[2026-04-17 11:48:02.6545392 UTC-05:00] [7264:7428] [FcVpnSched  88   debug] default msg 26
[2026-04-17 11:48:02.6589915 UTC-05:00] [7264:7428] [FcVpnSched  88   debug] default msg 26
[2026-04-17 11:48:02.6640823 UTC-05:00] [7264:7428] [FcVpnSched  88   debug] default msg 26
[2026-04-17 11:48:02.6691000 UTC-05:00] [7264:7428] [FcVpnSched  88   debug] default msg 26
[2026-04-17 11:48:02.6738423 UTC-05:00] [7264:7428] [FcVpnSched  88   debug] default msg 26
[2026-04-17 11:48:02.6789214 UTC-05:00] [7264:7428] [FcVpnSched  88   debug] default msg 26
[2026-04-17 11:48:02.6832815 UTC-05:00] [7264:7428] [FcVpnSched  88   debug] default msg 26
[2026-04-17 11:50:37.0513903 UTC-05:00] [7264:7428] [FcVpnSched  88   debug] default msg 537
